2025-08-29 14:16:37.628 +03:30 [INF] User profile is available. Using 'C:\Users\20\AppData\Local\ASP.NET\DataProtection-Keys' as key repository and Windows DPAPI to encrypt keys at rest.
2025-08-29 14:16:38.176 +03:30 [WRN] The WebRootPath was not found: D:\Trader\Trader\Api\wwwroot. Static files may be unavailable.
2025-08-29 14:16:38.447 +03:30 [INF] Now listening on: http://localhost:5005
2025-08-29 14:16:38.463 +03:30 [INF] Application started. Press Ctrl+C to shut down.
2025-08-29 14:16:38.485 +03:30 [INF] Hosting environment: Development
2025-08-29 14:16:38.494 +03:30 [INF] Content root path: D:\Trader\Trader\Api
2025-08-29 14:16:57.087 +03:30 [INF] Request starting HTTP/1.1 GET http://localhost:5005/Scalar/docs - null null
2025-08-29 14:16:57.348 +03:30 [INF] Executing endpoint 'HTTP: GET /scalar/{documentName?}'
2025-08-29 14:16:58.102 +03:30 [INF] Write content with HTTP Response ContentType of text/html
2025-08-29 14:16:58.126 +03:30 [INF] Executed endpoint 'HTTP: GET /scalar/{documentName?}'
2025-08-29 14:16:58.153 +03:30 [INF] HTTP GET /Scalar/docs responded 200 in 801.9 ms
2025-08-29 14:16:58.337 +03:30 [INF] Request starting HTTP/1.1 GET http://localhost:5005/Scalar/scalar.aspnetcore.js - null null
2025-08-29 14:16:58.571 +03:30 [INF] Request finished HTTP/1.1 GET http://localhost:5005/Scalar/docs - 200 905 text/html 1487.1285ms
2025-08-29 14:16:58.591 +03:30 [INF] Executing endpoint 'HTTP: GET /scalar/scalar.aspnetcore.js'
2025-08-29 14:16:58.676 +03:30 [INF] Request starting HTTP/1.1 GET http://localhost:5005/Scalar/scalar.js - null null
2025-08-29 14:16:58.684 +03:30 [INF] Sending file with download name ''.
2025-08-29 14:16:58.692 +03:30 [INF] Executing endpoint 'HTTP: GET /scalar/scalar.js'
2025-08-29 14:16:58.712 +03:30 [INF] Executed endpoint 'HTTP: GET /scalar/scalar.aspnetcore.js'
2025-08-29 14:16:58.730 +03:30 [INF] Setting HTTP status code 304.
2025-08-29 14:16:58.744 +03:30 [INF] HTTP GET /Scalar/scalar.aspnetcore.js responded 200 in 153.4 ms
2025-08-29 14:16:58.779 +03:30 [INF] Executed endpoint 'HTTP: GET /scalar/scalar.js'
2025-08-29 14:16:58.785 +03:30 [INF] Request finished HTTP/1.1 GET http://localhost:5005/Scalar/scalar.aspnetcore.js - 200 1046 text/javascript 453.8849ms
2025-08-29 14:16:58.800 +03:30 [INF] HTTP GET /Scalar/scalar.js responded 304 in 108.5 ms
2025-08-29 14:16:58.855 +03:30 [INF] Request finished HTTP/1.1 GET http://localhost:5005/Scalar/scalar.js - 304 null null 179.5095ms
2025-08-29 14:16:59.486 +03:30 [INF] Request starting HTTP/1.1 GET http://localhost:5005/favicon.ico - null null
2025-08-29 14:16:59.551 +03:30 [INF] HTTP GET /favicon.ico responded 404 in 0.1 ms
2025-08-29 14:16:59.563 +03:30 [INF] Request finished HTTP/1.1 GET http://localhost:5005/favicon.ico - 499 null null 76.5955ms
2025-08-29 14:16:59.586 +03:30 [INF] Request reached the end of the middleware pipeline without being handled by application code. Request path: GET http://localhost:5005/favicon.ico, Response status code: 499
2025-08-29 14:17:09.046 +03:30 [INF] Request starting HTTP/1.1 GET http://localhost:5005/Scalar/docs - null null
2025-08-29 14:17:10.143 +03:30 [INF] Executing endpoint 'HTTP: GET /scalar/{documentName?}'
2025-08-29 14:17:10.159 +03:30 [INF] Write content with HTTP Response ContentType of text/html
2025-08-29 14:17:10.328 +03:30 [INF] Executed endpoint 'HTTP: GET /scalar/{documentName?}'
2025-08-29 14:17:10.409 +03:30 [INF] HTTP GET /Scalar/docs responded 200 in 266.3 ms
2025-08-29 14:17:13.556 +03:30 [INF] Request finished HTTP/1.1 GET http://localhost:5005/Scalar/docs - 200 905 text/html 4509.4965ms
2025-08-29 14:17:16.638 +03:30 [INF] Request starting HTTP/1.1 GET http://localhost:5005/Scalar/scalar.js - null null
2025-08-29 14:17:16.644 +03:30 [INF] Request starting HTTP/1.1 GET http://localhost:5005/Scalar/scalar.aspnetcore.js - null null
2025-08-29 14:17:17.309 +03:30 [INF] Executing endpoint 'HTTP: GET /scalar/scalar.js'
2025-08-29 14:17:17.315 +03:30 [INF] Executing endpoint 'HTTP: GET /scalar/scalar.aspnetcore.js'
2025-08-29 14:17:17.321 +03:30 [INF] Setting HTTP status code 304.
2025-08-29 14:17:17.330 +03:30 [INF] Setting HTTP status code 304.
2025-08-29 14:17:17.338 +03:30 [INF] Executed endpoint 'HTTP: GET /scalar/scalar.js'
2025-08-29 14:17:17.356 +03:30 [INF] HTTP GET /Scalar/scalar.js responded 304 in 46.0 ms
2025-08-29 14:17:17.347 +03:30 [INF] Executed endpoint 'HTTP: GET /scalar/scalar.aspnetcore.js'
2025-08-29 14:17:17.362 +03:30 [INF] Request finished HTTP/1.1 GET http://localhost:5005/Scalar/scalar.js - 304 null null 724.5102ms
2025-08-29 14:17:17.409 +03:30 [INF] HTTP GET /Scalar/scalar.aspnetcore.js responded 304 in 93.5 ms
2025-08-29 14:17:17.421 +03:30 [INF] Request finished HTTP/1.1 GET http://localhost:5005/Scalar/scalar.aspnetcore.js - 304 null null 776.9957ms
2025-08-29 14:17:25.469 +03:30 [INF] Request starting HTTP/1.1 GET http://localhost:5005/openapi/docs.json - null null
2025-08-29 14:17:25.501 +03:30 [INF] Executing endpoint 'HTTP: GET /openapi/{documentName}.json'
2025-08-29 14:17:25.503 +03:30 [INF] Request starting HTTP/1.1 GET http://localhost:5005/openapi/docs.json - null null
2025-08-29 14:17:25.548 +03:30 [INF] Executing endpoint 'HTTP: GET /openapi/{documentName}.json'
2025-08-29 14:17:26.203 +03:30 [INF] Executed endpoint 'HTTP: GET /openapi/{documentName}.json'
2025-08-29 14:17:26.203 +03:30 [INF] Executed endpoint 'HTTP: GET /openapi/{documentName}.json'
2025-08-29 14:17:26.222 +03:30 [INF] HTTP GET /openapi/docs.json responded 200 in 674.1 ms
2025-08-29 14:17:26.232 +03:30 [INF] HTTP GET /openapi/docs.json responded 200 in 730.7 ms
2025-08-29 14:17:26.237 +03:30 [INF] Request finished HTTP/1.1 GET http://localhost:5005/openapi/docs.json - 200 null application/json;charset=utf-8 733.9507ms
2025-08-29 14:17:26.262 +03:30 [INF] Request finished HTTP/1.1 GET http://localhost:5005/openapi/docs.json - 200 null application/json;charset=utf-8 793.1001ms
2025-08-29 14:17:47.289 +03:30 [INF] Request starting HTTP/1.1 POST http://localhost:5005/api/test/seed/buy - application/json 82
2025-08-29 14:17:47.304 +03:30 [INF] Executing endpoint 'Api.Controllers.TestController.SeedBuy (Api)'
2025-08-29 14:17:47.351 +03:30 [INF] Route matched with {action = "SeedBuy", controller = "Test"}. Executing controller action with signature Microsoft.AspNetCore.Mvc.IActionResult SeedBuy(SeedReq) on controller Api.Controllers.TestController (Api).
2025-08-29 14:17:47.521 +03:30 [INF] Executing action method Api.Controllers.TestController.SeedBuy (Api) - Validation state: "Valid"
2025-08-29 14:17:47.549 +03:30 [INF] Executed action method Api.Controllers.TestController.SeedBuy (Api), returned result Microsoft.AspNetCore.Mvc.OkObjectResult in 9.1849ms.
2025-08-29 14:17:47.582 +03:30 [INF] Executing OkObjectResult, writing value of type '<>f__AnonymousType1`4[[System.String, System.Private.CoreLib, Version=9.0.0.0, Culture=neutral, PublicKeyToken=7cec85d7bea7798e],[System.String, System.Private.CoreLib, Version=9.0.0.0, Culture=neutral, PublicKeyToken=7cec85d7bea7798e],[System.String, System.Private.CoreLib, Version=9.0.0.0, Culture=neutral, PublicKeyToken=7cec85d7bea7798e],[System.Int32, System.Private.CoreLib, Version=9.0.0.0, Culture=neutral, PublicKeyToken=7cec85d7bea7798e]]'.
2025-08-29 14:17:47.632 +03:30 [INF] Executed action Api.Controllers.TestController.SeedBuy (Api) in 251.2294ms
2025-08-29 14:17:47.650 +03:30 [INF] Executed endpoint 'Api.Controllers.TestController.SeedBuy (Api)'
2025-08-29 14:17:47.668 +03:30 [INF] HTTP POST /api/test/seed/buy responded 200 in 363.5 ms
2025-08-29 14:17:47.681 +03:30 [INF] Request finished HTTP/1.1 POST http://localhost:5005/api/test/seed/buy - 200 null application/json; charset=utf-8 392.0156ms
2025-08-29 14:17:59.961 +03:30 [INF] Request starting HTTP/1.1 POST http://localhost:5005/api/traed/evaluate - application/json 155
2025-08-29 14:17:59.994 +03:30 [INF] Executing endpoint 'Api.Controllers.TradeController.Evaluate (Api)'
2025-08-29 14:18:00.020 +03:30 [INF] Route matched with {action = "Evaluate", controller = "Trade"}. Executing controller action with signature System.Threading.Tasks.Task`1[Microsoft.AspNetCore.Mvc.IActionResult] Evaluate(Application.Command.EvaluateCommand) on controller Api.Controllers.TradeController (Api).
2025-08-29 14:18:00.049 +03:30 [WRN] You do not have a valid license key for the Lucky Penny software MediatR. This is allowed for development and testing scenarios. If you are running in production you are required to have a licensed version. Please visit https://luckypennysoftware.com to obtain a valid license.
2025-08-29 14:18:00.171 +03:30 [INF] Executing action method Api.Controllers.TradeController.Evaluate (Api) - Validation state: "Valid"
2025-08-29 14:18:00.303 +03:30 [INF] Handling EvaluateCommand {"Symbol":"","Timeframe":"","Open":1,"High":1,"Low":1,"Close":1,"Atr":1,"Bid":1,"Ask":1,"Equity":1,"OpenTrades":1,"$type":"EvaluateCommand"}
2025-08-29 14:18:00.344 +03:30 [INF] Handled EvaluateCommand => {"Action":"Hold","Size":0,"Sl":0,"Tp":0,"Note":"bad market","$type":"DecisionDto"}
2025-08-29 14:18:00.360 +03:30 [INF] Executed action method Api.Controllers.TradeController.Evaluate (Api), returned result Microsoft.AspNetCore.Mvc.ContentResult in 171.6873ms.
2025-08-29 14:18:00.375 +03:30 [INF] Executing ContentResult with HTTP Response ContentType of text/plain
2025-08-29 14:18:00.408 +03:30 [INF] Executed action Api.Controllers.TradeController.Evaluate (Api) in 374.5994ms
2025-08-29 14:18:00.429 +03:30 [INF] Executed endpoint 'Api.Controllers.TradeController.Evaluate (Api)'
2025-08-29 14:18:00.529 +03:30 [INF] HTTP POST /api/traed/evaluate responded 200 in 535.1 ms
2025-08-29 14:18:00.537 +03:30 [INF] Request finished HTTP/1.1 POST http://localhost:5005/api/traed/evaluate - 200 21 text/plain 576.161ms
2025-08-29 14:20:20.161 +03:30 [INF] Request starting HTTP/1.1 POST http://localhost:5005/api/traed/eval-exec - application/json 155
2025-08-29 14:20:20.191 +03:30 [INF] Executing endpoint 'Api.Controllers.TradeController.EvalExec (Api)'
2025-08-29 14:20:20.214 +03:30 [INF] Route matched with {action = "EvalExec", controller = "Trade"}. Executing controller action with signature System.Threading.Tasks.Task`1[Microsoft.AspNetCore.Mvc.IActionResult] EvalExec(Application.Command.EvalExecCommand) on controller Api.Controllers.TradeController (Api).
2025-08-29 14:20:20.244 +03:30 [INF] Executing action method Api.Controllers.TradeController.EvalExec (Api) - Validation state: "Valid"
2025-08-29 14:20:20.265 +03:30 [INF] Handling EvalExecCommand {"Symbol":"","Timeframe":"","Open":1,"High":1,"Low":1,"Close":1,"Atr":1,"Bid":1,"Ask":1,"Equity":1,"OpenTrades":1,"$type":"EvalExecCommand"}
2025-08-29 14:20:20.291 +03:30 [INF] EvalExec start   Close=1 Bid=1 Ask=1
2025-08-29 14:20:20.304 +03:30 [INF] Decision HOLD: bad market
2025-08-29 14:20:20.321 +03:30 [INF] Handled EvalExecCommand => {"Status":"NoTrade","OrderId":null,"Note":"bad market","$type":"EvalExecResult"}
2025-08-29 14:20:20.337 +03:30 [INF] Executed action method Api.Controllers.TradeController.EvalExec (Api), returned result Microsoft.AspNetCore.Mvc.OkObjectResult in 80.6183ms.
2025-08-29 14:20:20.358 +03:30 [INF] Executing OkObjectResult, writing value of type 'Application.Command.EvalExecResult'.
2025-08-29 14:20:20.381 +03:30 [INF] Executed action Api.Controllers.TradeController.EvalExec (Api) in 151.7652ms
2025-08-29 14:20:20.410 +03:30 [INF] Executed endpoint 'Api.Controllers.TradeController.EvalExec (Api)'
2025-08-29 14:20:20.421 +03:30 [INF] HTTP POST /api/traed/eval-exec responded 200 in 229.7 ms
2025-08-29 14:20:20.429 +03:30 [INF] Request finished HTTP/1.1 POST http://localhost:5005/api/traed/eval-exec - 200 null application/json; charset=utf-8 267.9194ms
2025-08-29 14:20:54.502 +03:30 [INF] Request starting HTTP/1.1 POST http://localhost:5005/api/admin/policy/reset - text/plain;charset=UTF-8 0
2025-08-29 14:20:54.524 +03:30 [INF] Executing endpoint 'Api.Controllers.AdminController.Reset (Api)'
2025-08-29 14:20:54.543 +03:30 [INF] Route matched with {action = "Reset", controller = "Admin"}. Executing controller action with signature Microsoft.AspNetCore.Mvc.IActionResult Reset(Domain.Polisy.DailyTradePolicy) on controller Api.Controllers.AdminController (Api).
2025-08-29 14:20:54.560 +03:30 [INF] Executing action method Api.Controllers.AdminController.Reset (Api) - Validation state: "Valid"
2025-08-29 14:20:54.575 +03:30 [INF] Executed action method Api.Controllers.AdminController.Reset (Api), returned result Microsoft.AspNetCore.Mvc.OkObjectResult in 0.9737ms.
2025-08-29 14:20:54.589 +03:30 [INF] Executing OkObjectResult, writing value of type '<>f__AnonymousType0`2[[System.Boolean, System.Private.CoreLib, Version=9.0.0.0, Culture=neutral, PublicKeyToken=7cec85d7bea7798e],[System.Boolean, System.Private.CoreLib, Version=9.0.0.0, Culture=neutral, PublicKeyToken=7cec85d7bea7798e]]'.
2025-08-29 14:20:54.612 +03:30 [INF] Executed action Api.Controllers.AdminController.Reset (Api) in 53.3177ms
2025-08-29 14:20:54.644 +03:30 [INF] Executed endpoint 'Api.Controllers.AdminController.Reset (Api)'
2025-08-29 14:20:54.672 +03:30 [INF] HTTP POST /api/admin/policy/reset responded 200 in 148.4 ms
2025-08-29 14:20:54.681 +03:30 [INF] Request finished HTTP/1.1 POST http://localhost:5005/api/admin/policy/reset - 200 null application/json; charset=utf-8 178.8053ms
2025-08-29 14:21:13.472 +03:30 [INF] Request starting HTTP/1.1 POST http://localhost:5005/api/admin/policy/reset - text/plain;charset=UTF-8 0
2025-08-29 14:21:13.489 +03:30 [INF] Executing endpoint 'Api.Controllers.AdminController.Reset (Api)'
2025-08-29 14:21:13.503 +03:30 [INF] Route matched with {action = "Reset", controller = "Admin"}. Executing controller action with signature Microsoft.AspNetCore.Mvc.IActionResult Reset(Domain.Polisy.DailyTradePolicy) on controller Api.Controllers.AdminController (Api).
2025-08-29 14:21:13.517 +03:30 [INF] Executing action method Api.Controllers.AdminController.Reset (Api) - Validation state: "Valid"
2025-08-29 14:21:13.529 +03:30 [INF] Executed action method Api.Controllers.AdminController.Reset (Api), returned result Microsoft.AspNetCore.Mvc.OkObjectResult in 0.0171ms.
2025-08-29 14:21:13.545 +03:30 [INF] Executing OkObjectResult, writing value of type '<>f__AnonymousType0`2[[System.Boolean, System.Private.CoreLib, Version=9.0.0.0, Culture=neutral, PublicKeyToken=7cec85d7bea7798e],[System.Boolean, System.Private.CoreLib, Version=9.0.0.0, Culture=neutral, PublicKeyToken=7cec85d7bea7798e]]'.
2025-08-29 14:21:13.566 +03:30 [INF] Executed action Api.Controllers.AdminController.Reset (Api) in 49.7118ms
2025-08-29 14:21:13.583 +03:30 [INF] Executed endpoint 'Api.Controllers.AdminController.Reset (Api)'
2025-08-29 14:21:13.592 +03:30 [INF] HTTP POST /api/admin/policy/reset responded 200 in 103.3 ms
2025-08-29 14:21:13.602 +03:30 [INF] Request finished HTTP/1.1 POST http://localhost:5005/api/admin/policy/reset - 200 null application/json; charset=utf-8 129.9588ms
2025-08-29 14:21:51.247 +03:30 [INF] Request starting HTTP/1.1 POST http://localhost:5005/api/admin/policy/reset - text/plain;charset=UTF-8 0
2025-08-29 14:21:51.263 +03:30 [INF] Executing endpoint 'Api.Controllers.AdminController.Reset (Api)'
2025-08-29 14:21:51.272 +03:30 [INF] Route matched with {action = "Reset", controller = "Admin"}. Executing controller action with signature Microsoft.AspNetCore.Mvc.IActionResult Reset(Domain.Polisy.DailyTradePolicy) on controller Api.Controllers.AdminController (Api).
2025-08-29 14:21:51.299 +03:30 [INF] Executing action method Api.Controllers.AdminController.Reset (Api) - Validation state: "Valid"
2025-08-29 14:21:51.311 +03:30 [INF] Executed action method Api.Controllers.AdminController.Reset (Api), returned result Microsoft.AspNetCore.Mvc.OkObjectResult in 0.0371ms.
2025-08-29 14:21:51.324 +03:30 [INF] Executing OkObjectResult, writing value of type '<>f__AnonymousType0`2[[System.Boolean, System.Private.CoreLib, Version=9.0.0.0, Culture=neutral, PublicKeyToken=7cec85d7bea7798e],[System.Boolean, System.Private.CoreLib, Version=9.0.0.0, Culture=neutral, PublicKeyToken=7cec85d7bea7798e]]'.
2025-08-29 14:21:51.338 +03:30 [INF] Executed action Api.Controllers.AdminController.Reset (Api) in 39.309ms
2025-08-29 14:21:51.350 +03:30 [INF] Executed endpoint 'Api.Controllers.AdminController.Reset (Api)'
2025-08-29 14:21:51.360 +03:30 [INF] HTTP POST /api/admin/policy/reset responded 200 in 96.7 ms
2025-08-29 14:21:51.368 +03:30 [INF] Request finished HTTP/1.1 POST http://localhost:5005/api/admin/policy/reset - 200 null application/json; charset=utf-8 120.897ms
2025-08-29 14:21:57.466 +03:30 [INF] Request starting HTTP/1.1 POST http://localhost:5005/api/admin/policy/reset - text/plain;charset=UTF-8 0
2025-08-29 14:21:57.491 +03:30 [INF] Executing endpoint 'Api.Controllers.AdminController.Reset (Api)'
2025-08-29 14:21:57.513 +03:30 [INF] Route matched with {action = "Reset", controller = "Admin"}. Executing controller action with signature Microsoft.AspNetCore.Mvc.IActionResult Reset(Domain.Polisy.DailyTradePolicy) on controller Api.Controllers.AdminController (Api).
2025-08-29 14:21:57.538 +03:30 [INF] Executing action method Api.Controllers.AdminController.Reset (Api) - Validation state: "Valid"
2025-08-29 14:21:57.556 +03:30 [INF] Executed action method Api.Controllers.AdminController.Reset (Api), returned result Microsoft.AspNetCore.Mvc.OkObjectResult in 0.0175ms.
2025-08-29 14:21:57.575 +03:30 [INF] Executing OkObjectResult, writing value of type '<>f__AnonymousType0`2[[System.Boolean, System.Private.CoreLib, Version=9.0.0.0, Culture=neutral, PublicKeyToken=7cec85d7bea7798e],[System.Boolean, System.Private.CoreLib, Version=9.0.0.0, Culture=neutral, PublicKeyToken=7cec85d7bea7798e]]'.
2025-08-29 14:21:57.607 +03:30 [INF] Executed action Api.Controllers.AdminController.Reset (Api) in 68.4609ms
2025-08-29 14:21:57.620 +03:30 [INF] Executed endpoint 'Api.Controllers.AdminController.Reset (Api)'
2025-08-29 14:21:57.632 +03:30 [INF] HTTP POST /api/admin/policy/reset responded 200 in 141.1 ms
2025-08-29 14:21:57.640 +03:30 [INF] Request finished HTTP/1.1 POST http://localhost:5005/api/admin/policy/reset - 200 null application/json; charset=utf-8 174.6916ms
2025-08-29 14:22:30.314 +03:30 [INF] Application is shutting down...
2025-08-29 15:01:00.936 +03:30 [INF] User profile is available. Using 'C:\Users\20\AppData\Local\ASP.NET\DataProtection-Keys' as key repository and Windows DPAPI to encrypt keys at rest.
2025-08-29 15:01:01.130 +03:30 [WRN] The WebRootPath was not found: D:\Trader\Trader\Api\wwwroot. Static files may be unavailable.
2025-08-29 15:01:01.344 +03:30 [INF] Now listening on: http://localhost:5005
2025-08-29 15:01:01.357 +03:30 [INF] Application started. Press Ctrl+C to shut down.
2025-08-29 15:01:01.361 +03:30 [INF] Hosting environment: Development
2025-08-29 15:01:01.362 +03:30 [INF] Content root path: D:\Trader\Trader\Api
2025-08-29 15:01:24.399 +03:30 [INF] Request starting HTTP/1.1 GET http://localhost:5005/Scalar/docs - null null
2025-08-29 15:01:24.596 +03:30 [INF] Executing endpoint 'HTTP: GET /scalar/{documentName?}'
2025-08-29 15:01:24.956 +03:30 [INF] Write content with HTTP Response ContentType of text/html
2025-08-29 15:01:24.966 +03:30 [INF] Executed endpoint 'HTTP: GET /scalar/{documentName?}'
2025-08-29 15:01:24.973 +03:30 [INF] HTTP GET /Scalar/docs responded 200 in 385.8 ms
2025-08-29 15:01:25.015 +03:30 [INF] Request finished HTTP/1.1 GET http://localhost:5005/Scalar/docs - 200 905 text/html 618.3567ms
2025-08-29 15:01:25.078 +03:30 [INF] Request starting HTTP/1.1 GET http://localhost:5005/Scalar/scalar.js - null null
2025-08-29 15:01:25.079 +03:30 [INF] Request starting HTTP/1.1 GET http://localhost:5005/Scalar/scalar.aspnetcore.js - null null
2025-08-29 15:01:25.092 +03:30 [INF] Executing endpoint 'HTTP: GET /scalar/scalar.aspnetcore.js'
2025-08-29 15:01:25.093 +03:30 [INF] Executing endpoint 'HTTP: GET /scalar/scalar.js'
2025-08-29 15:01:25.114 +03:30 [INF] Setting HTTP status code 304.
2025-08-29 15:01:25.114 +03:30 [INF] Setting HTTP status code 304.
2025-08-29 15:01:25.116 +03:30 [INF] Executed endpoint 'HTTP: GET /scalar/scalar.js'
2025-08-29 15:01:25.118 +03:30 [INF] Executed endpoint 'HTTP: GET /scalar/scalar.aspnetcore.js'
2025-08-29 15:01:25.119 +03:30 [INF] HTTP GET /Scalar/scalar.js responded 304 in 26.0 ms
2025-08-29 15:01:25.121 +03:30 [INF] HTTP GET /Scalar/scalar.aspnetcore.js responded 304 in 28.8 ms
2025-08-29 15:01:25.125 +03:30 [INF] Request finished HTTP/1.1 GET http://localhost:5005/Scalar/scalar.js - 304 null null 51.8307ms
2025-08-29 15:01:25.131 +03:30 [INF] Request finished HTTP/1.1 GET http://localhost:5005/Scalar/scalar.aspnetcore.js - 304 null null 51.1022ms
2025-08-29 15:01:25.736 +03:30 [INF] Request starting HTTP/1.1 GET http://localhost:5005/favicon.ico - null null
2025-08-29 15:01:25.760 +03:30 [INF] HTTP GET /favicon.ico responded 404 in 0.2 ms
2025-08-29 15:01:25.764 +03:30 [INF] Request finished HTTP/1.1 GET http://localhost:5005/favicon.ico - 499 null null 28.3255ms
2025-08-29 15:01:25.780 +03:30 [INF] Request reached the end of the middleware pipeline without being handled by application code. Request path: GET http://localhost:5005/favicon.ico, Response status code: 499
2025-08-29 15:01:32.220 +03:30 [INF] Request starting HTTP/1.1 GET http://localhost:5005/openapi/docs.json - null null
2025-08-29 15:01:32.225 +03:30 [INF] Executing endpoint 'HTTP: GET /openapi/{documentName}.json'
2025-08-29 15:01:32.265 +03:30 [INF] Request starting HTTP/1.1 GET http://localhost:5005/openapi/docs.json - null null
2025-08-29 15:01:32.300 +03:30 [INF] Executing endpoint 'HTTP: GET /openapi/{documentName}.json'
2025-08-29 15:01:32.969 +03:30 [INF] Executed endpoint 'HTTP: GET /openapi/{documentName}.json'
2025-08-29 15:01:32.969 +03:30 [INF] Executed endpoint 'HTTP: GET /openapi/{documentName}.json'
2025-08-29 15:01:32.978 +03:30 [INF] HTTP GET /openapi/docs.json responded 200 in 752.8 ms
2025-08-29 15:01:32.981 +03:30 [INF] HTTP GET /openapi/docs.json responded 200 in 681.3 ms
2025-08-29 15:01:33.004 +03:30 [INF] Request finished HTTP/1.1 GET http://localhost:5005/openapi/docs.json - 200 null application/json;charset=utf-8 738.6933ms
2025-08-29 15:01:32.989 +03:30 [INF] Request finished HTTP/1.1 GET http://localhost:5005/openapi/docs.json - 200 null application/json;charset=utf-8 768.8349ms
2025-08-29 15:01:54.061 +03:30 [INF] Request starting HTTP/1.1 POST http://localhost:5005/api/test/seed/buy - application/json 82
2025-08-29 15:01:54.070 +03:30 [INF] Executing endpoint 'Api.Controllers.TestController.SeedBuy (Api)'
2025-08-29 15:01:54.129 +03:30 [INF] Route matched with {action = "SeedBuy", controller = "Test"}. Executing controller action with signature Microsoft.AspNetCore.Mvc.IActionResult SeedBuy(SeedReq) on controller Api.Controllers.TestController (Api).
2025-08-29 15:01:54.329 +03:30 [INF] Executing action method Api.Controllers.TestController.SeedBuy (Api) - Validation state: "Valid"
2025-08-29 15:01:54.355 +03:30 [INF] Executed action method Api.Controllers.TestController.SeedBuy (Api), returned result Microsoft.AspNetCore.Mvc.OkObjectResult in 9.6021ms.
2025-08-29 15:01:54.382 +03:30 [INF] Executing OkObjectResult, writing value of type '<>f__AnonymousType1`4[[System.String, System.Private.CoreLib, Version=9.0.0.0, Culture=neutral, PublicKeyToken=7cec85d7bea7798e],[System.String, System.Private.CoreLib, Version=9.0.0.0, Culture=neutral, PublicKeyToken=7cec85d7bea7798e],[System.String, System.Private.CoreLib, Version=9.0.0.0, Culture=neutral, PublicKeyToken=7cec85d7bea7798e],[System.Int32, System.Private.CoreLib, Version=9.0.0.0, Culture=neutral, PublicKeyToken=7cec85d7bea7798e]]'.
2025-08-29 15:01:54.413 +03:30 [INF] Executed action Api.Controllers.TestController.SeedBuy (Api) in 265.1478ms
2025-08-29 15:01:54.417 +03:30 [INF] Executed endpoint 'Api.Controllers.TestController.SeedBuy (Api)'
2025-08-29 15:01:54.428 +03:30 [INF] HTTP POST /api/test/seed/buy responded 200 in 358.7 ms
2025-08-29 15:01:54.432 +03:30 [INF] Request finished HTTP/1.1 POST http://localhost:5005/api/test/seed/buy - 200 null application/json; charset=utf-8 370.7959ms
2025-08-29 15:01:57.261 +03:30 [INF] Request starting HTTP/1.1 POST http://localhost:5005/api/test/seed/buy - application/json 82
2025-08-29 15:01:57.282 +03:30 [INF] Executing endpoint 'Api.Controllers.TestController.SeedBuy (Api)'
2025-08-29 15:01:57.285 +03:30 [INF] Route matched with {action = "SeedBuy", controller = "Test"}. Executing controller action with signature Microsoft.AspNetCore.Mvc.IActionResult SeedBuy(SeedReq) on controller Api.Controllers.TestController (Api).
2025-08-29 15:01:57.294 +03:30 [INF] Executing action method Api.Controllers.TestController.SeedBuy (Api) - Validation state: "Valid"
2025-08-29 15:01:57.297 +03:30 [INF] Executed action method Api.Controllers.TestController.SeedBuy (Api), returned result Microsoft.AspNetCore.Mvc.OkObjectResult in 0.1099ms.
2025-08-29 15:01:57.300 +03:30 [INF] Executing OkObjectResult, writing value of type '<>f__AnonymousType1`4[[System.String, System.Private.CoreLib, Version=9.0.0.0, Culture=neutral, PublicKeyToken=7cec85d7bea7798e],[System.String, System.Private.CoreLib, Version=9.0.0.0, Culture=neutral, PublicKeyToken=7cec85d7bea7798e],[System.String, System.Private.CoreLib, Version=9.0.0.0, Culture=neutral, PublicKeyToken=7cec85d7bea7798e],[System.Int32, System.Private.CoreLib, Version=9.0.0.0, Culture=neutral, PublicKeyToken=7cec85d7bea7798e]]'.
2025-08-29 15:01:57.306 +03:30 [INF] Executed action Api.Controllers.TestController.SeedBuy (Api) in 13.9247ms
2025-08-29 15:01:57.314 +03:30 [INF] Executed endpoint 'Api.Controllers.TestController.SeedBuy (Api)'
2025-08-29 15:01:57.316 +03:30 [INF] HTTP POST /api/test/seed/buy responded 200 in 33.3 ms
2025-08-29 15:01:57.318 +03:30 [INF] Request finished HTTP/1.1 POST http://localhost:5005/api/test/seed/buy - 200 null application/json; charset=utf-8 57.1836ms
2025-08-29 15:02:07.205 +03:30 [INF] Request starting HTTP/1.1 POST http://localhost:5005/api/traed/evaluate - application/json 155
2025-08-29 15:02:07.211 +03:30 [INF] Executing endpoint 'Api.Controllers.TradeController.Evaluate (Api)'
2025-08-29 15:02:07.267 +03:30 [INF] Route matched with {action = "Evaluate", controller = "Trade"}. Executing controller action with signature System.Threading.Tasks.Task`1[Microsoft.AspNetCore.Mvc.IActionResult] Evaluate(Application.Command.EvaluateCommand) on controller Api.Controllers.TradeController (Api).
2025-08-29 15:02:07.283 +03:30 [WRN] You do not have a valid license key for the Lucky Penny software MediatR. This is allowed for development and testing scenarios. If you are running in production you are required to have a licensed version. Please visit https://luckypennysoftware.com to obtain a valid license.
2025-08-29 15:02:07.361 +03:30 [INF] Executing action method Api.Controllers.TradeController.Evaluate (Api) - Validation state: "Valid"
2025-08-29 15:02:07.494 +03:30 [INF] Handling EvaluateCommand {"Symbol":"","Timeframe":"","Open":1,"High":1,"Low":1,"Close":1,"Atr":1,"Bid":1,"Ask":1,"Equity":1,"OpenTrades":1,"$type":"EvaluateCommand"}
2025-08-29 15:02:07.540 +03:30 [INF] Handled EvaluateCommand => {"Action":"Hold","Size":0,"Sl":0,"Tp":0,"Note":"bad market","$type":"DecisionDto"}
2025-08-29 15:02:07.546 +03:30 [INF] Executed action method Api.Controllers.TradeController.Evaluate (Api), returned result Microsoft.AspNetCore.Mvc.ContentResult in 182.4762ms.
2025-08-29 15:02:07.550 +03:30 [INF] Executing ContentResult with HTTP Response ContentType of text/plain
2025-08-29 15:02:07.556 +03:30 [INF] Executed action Api.Controllers.TradeController.Evaluate (Api) in 282.0287ms
2025-08-29 15:02:07.559 +03:30 [INF] Executed endpoint 'Api.Controllers.TradeController.Evaluate (Api)'
2025-08-29 15:02:07.564 +03:30 [INF] HTTP POST /api/traed/evaluate responded 200 in 353.4 ms
2025-08-29 15:02:07.567 +03:30 [INF] Request finished HTTP/1.1 POST http://localhost:5005/api/traed/evaluate - 200 21 text/plain 362ms
2025-08-29 15:02:09.091 +03:30 [INF] Request starting HTTP/1.1 POST http://localhost:5005/api/traed/evaluate - application/json 155
2025-08-29 15:02:09.100 +03:30 [INF] Executing endpoint 'Api.Controllers.TradeController.Evaluate (Api)'
2025-08-29 15:02:09.110 +03:30 [INF] Route matched with {action = "Evaluate", controller = "Trade"}. Executing controller action with signature System.Threading.Tasks.Task`1[Microsoft.AspNetCore.Mvc.IActionResult] Evaluate(Application.Command.EvaluateCommand) on controller Api.Controllers.TradeController (Api).
2025-08-29 15:02:09.127 +03:30 [INF] Executing action method Api.Controllers.TradeController.Evaluate (Api) - Validation state: "Valid"
2025-08-29 15:02:09.138 +03:30 [INF] Handling EvaluateCommand {"Symbol":"","Timeframe":"","Open":1,"High":1,"Low":1,"Close":1,"Atr":1,"Bid":1,"Ask":1,"Equity":1,"OpenTrades":1,"$type":"EvaluateCommand"}
2025-08-29 15:02:09.155 +03:30 [INF] Handled EvaluateCommand => {"Action":"Hold","Size":0,"Sl":0,"Tp":0,"Note":"bad market","$type":"DecisionDto"}
2025-08-29 15:02:09.162 +03:30 [INF] Executed action method Api.Controllers.TradeController.Evaluate (Api), returned result Microsoft.AspNetCore.Mvc.ContentResult in 32.7585ms.
2025-08-29 15:02:09.166 +03:30 [INF] Executing ContentResult with HTTP Response ContentType of text/plain
2025-08-29 15:02:09.168 +03:30 [INF] Executed action Api.Controllers.TradeController.Evaluate (Api) in 44.4128ms
2025-08-29 15:02:09.180 +03:30 [INF] Executed endpoint 'Api.Controllers.TradeController.Evaluate (Api)'
2025-08-29 15:02:09.182 +03:30 [INF] HTTP POST /api/traed/evaluate responded 200 in 81.9 ms
2025-08-29 15:02:09.193 +03:30 [INF] Request finished HTTP/1.1 POST http://localhost:5005/api/traed/evaluate - 200 21 text/plain 102.6539ms
2025-08-29 15:03:54.926 +03:30 [INF] Request starting HTTP/1.1 POST http://localhost:5005/api/traed/evaluate - application/json 155
2025-08-29 15:03:54.932 +03:30 [INF] Executing endpoint 'Api.Controllers.TradeController.Evaluate (Api)'
2025-08-29 15:03:54.936 +03:30 [INF] Route matched with {action = "Evaluate", controller = "Trade"}. Executing controller action with signature System.Threading.Tasks.Task`1[Microsoft.AspNetCore.Mvc.IActionResult] Evaluate(Application.Command.EvaluateCommand) on controller Api.Controllers.TradeController (Api).
2025-08-29 15:03:54.979 +03:30 [INF] Executing action method Api.Controllers.TradeController.Evaluate (Api) - Validation state: "Valid"
2025-08-29 15:03:54.992 +03:30 [INF] Handling EvaluateCommand {"Symbol":"","Timeframe":"","Open":1,"High":1,"Low":1,"Close":1,"Atr":1,"Bid":1,"Ask":1,"Equity":1,"OpenTrades":1,"$type":"EvaluateCommand"}
2025-08-29 15:03:55.008 +03:30 [INF] Handled EvaluateCommand => {"Action":"Hold","Size":0,"Sl":0,"Tp":0,"Note":"bad market","$type":"DecisionDto"}
2025-08-29 15:03:55.018 +03:30 [INF] Executed action method Api.Controllers.TradeController.Evaluate (Api), returned result Microsoft.AspNetCore.Mvc.ContentResult in 26.9484ms.
2025-08-29 15:03:55.021 +03:30 [INF] Executing ContentResult with HTTP Response ContentType of text/plain
2025-08-29 15:03:55.023 +03:30 [INF] Executed action Api.Controllers.TradeController.Evaluate (Api) in 48.0691ms
2025-08-29 15:03:55.037 +03:30 [INF] Executed endpoint 'Api.Controllers.TradeController.Evaluate (Api)'
2025-08-29 15:03:55.038 +03:30 [INF] HTTP POST /api/traed/evaluate responded 200 in 105.5 ms
2025-08-29 15:03:55.043 +03:30 [INF] Request finished HTTP/1.1 POST http://localhost:5005/api/traed/evaluate - 200 21 text/plain 116.8357ms
2025-08-29 15:04:10.698 +03:30 [INF] Application is shutting down...
2025-08-29 15:09:28.933 +03:30 [INF] User profile is available. Using 'C:\Users\20\AppData\Local\ASP.NET\DataProtection-Keys' as key repository and Windows DPAPI to encrypt keys at rest.
2025-08-29 15:09:29.271 +03:30 [WRN] The WebRootPath was not found: D:\Trader\Trader\Api\wwwroot. Static files may be unavailable.
2025-08-29 15:09:29.569 +03:30 [INF] Now listening on: http://localhost:5005
2025-08-29 15:09:29.591 +03:30 [INF] Application started. Press Ctrl+C to shut down.
2025-08-29 15:09:29.602 +03:30 [INF] Hosting environment: Development
2025-08-29 15:09:29.612 +03:30 [INF] Content root path: D:\Trader\Trader\Api
2025-08-29 15:09:43.037 +03:30 [INF] Request starting HTTP/1.1 POST http://localhost:5005/api/traed/evaluate - application/json 155
2025-08-29 15:09:43.233 +03:30 [INF] Executing endpoint 'Api.Controllers.TradeController.Evaluate (Api)'
2025-08-29 15:09:43.369 +03:30 [INF] Route matched with {action = "Evaluate", controller = "Trade"}. Executing controller action with signature System.Threading.Tasks.Task`1[Microsoft.AspNetCore.Mvc.IActionResult] Evaluate(Application.Command.EvaluateCommand) on controller Api.Controllers.TradeController (Api).
2025-08-29 15:09:43.390 +03:30 [WRN] You do not have a valid license key for the Lucky Penny software MediatR. This is allowed for development and testing scenarios. If you are running in production you are required to have a licensed version. Please visit https://luckypennysoftware.com to obtain a valid license.
2025-08-29 15:09:43.640 +03:30 [INF] Executing action method Api.Controllers.TradeController.Evaluate (Api) - Validation state: "Valid"
2025-08-29 15:09:43.785 +03:30 [INF] Handling EvaluateCommand {"Symbol":"","Timeframe":"","Open":1,"High":1,"Low":1,"Close":1,"Atr":1,"Bid":1,"Ask":1,"Equity":1,"OpenTrades":1,"$type":"EvaluateCommand"}
2025-08-29 15:09:43.826 +03:30 [INF] Handled EvaluateCommand => {"Action":"Hold","Size":0,"Sl":0,"Tp":0,"Note":"bad market","$type":"DecisionDto"}
2025-08-29 15:09:43.850 +03:30 [INF] Executed action method Api.Controllers.TradeController.Evaluate (Api), returned result Microsoft.AspNetCore.Mvc.ContentResult in 190.3243ms.
2025-08-29 15:09:43.881 +03:30 [INF] Executing ContentResult with HTTP Response ContentType of text/plain
2025-08-29 15:09:43.908 +03:30 [INF] Executed action Api.Controllers.TradeController.Evaluate (Api) in 517.309ms
2025-08-29 15:09:43.916 +03:30 [INF] Executed endpoint 'Api.Controllers.TradeController.Evaluate (Api)'
2025-08-29 15:09:43.936 +03:30 [INF] HTTP POST /api/traed/evaluate responded 200 in 697.1 ms
2025-08-29 15:09:43.969 +03:30 [INF] Request finished HTTP/1.1 POST http://localhost:5005/api/traed/evaluate - 200 21 text/plain 936.0188ms
2025-08-29 15:10:26.909 +03:30 [INF] Application is shutting down...
2025-08-29 15:10:41.863 +03:30 [INF] User profile is available. Using 'C:\Users\20\AppData\Local\ASP.NET\DataProtection-Keys' as key repository and Windows DPAPI to encrypt keys at rest.
2025-08-29 15:10:42.950 +03:30 [WRN] The WebRootPath was not found: D:\Trader\Trader\Api\wwwroot. Static files may be unavailable.
2025-08-29 15:10:43.364 +03:30 [INF] Now listening on: http://localhost:5005
2025-08-29 15:10:43.641 +03:30 [INF] Application started. Press Ctrl+C to shut down.
2025-08-29 15:10:43.799 +03:30 [INF] Hosting environment: Development
2025-08-29 15:10:44.101 +03:30 [INF] Content root path: D:\Trader\Trader\Api
2025-08-29 15:10:46.567 +03:30 [INF] Application is shutting down...
2025-08-29 15:11:11.265 +03:30 [INF] User profile is available. Using 'C:\Users\20\AppData\Local\ASP.NET\DataProtection-Keys' as key repository and Windows DPAPI to encrypt keys at rest.
2025-08-29 15:11:11.650 +03:30 [WRN] The WebRootPath was not found: D:\Trader\Trader\Api\wwwroot. Static files may be unavailable.
2025-08-29 15:11:12.133 +03:30 [INF] Now listening on: http://localhost:5005
2025-08-29 15:11:12.537 +03:30 [INF] Application started. Press Ctrl+C to shut down.
2025-08-29 15:11:12.545 +03:30 [INF] Hosting environment: Development
2025-08-29 15:11:12.547 +03:30 [INF] Content root path: D:\Trader\Trader\Api
2025-08-29 15:11:26.990 +03:30 [INF] Request starting HTTP/1.1 POST http://localhost:5005/api/traed/evaluate - application/json 155
2025-08-29 15:11:27.145 +03:30 [INF] Executing endpoint 'Api.Controllers.TradeController.Evaluate (Api)'
2025-08-29 15:11:27.238 +03:30 [INF] Route matched with {action = "Evaluate", controller = "Trade"}. Executing controller action with signature System.Threading.Tasks.Task`1[Microsoft.AspNetCore.Mvc.IActionResult] Evaluate(Application.Command.EvaluateCommand) on controller Api.Controllers.TradeController (Api).
2025-08-29 15:11:27.251 +03:30 [WRN] You do not have a valid license key for the Lucky Penny software MediatR. This is allowed for development and testing scenarios. If you are running in production you are required to have a licensed version. Please visit https://luckypennysoftware.com to obtain a valid license.
2025-08-29 15:11:27.440 +03:30 [INF] Executing action method Api.Controllers.TradeController.Evaluate (Api) - Validation state: "Valid"
2025-08-29 15:11:27.545 +03:30 [INF] Handling EvaluateCommand {"Symbol":"","Timeframe":"","Open":1,"High":1,"Low":1,"Close":1,"Atr":1,"Bid":1,"Ask":1,"Equity":1,"OpenTrades":1,"$type":"EvaluateCommand"}
2025-08-29 15:11:27.587 +03:30 [INF] Handled EvaluateCommand => {"Action":"Hold","Size":0,"Sl":0,"Tp":0,"Note":"bad market","$type":"DecisionDto"}
2025-08-29 15:11:27.601 +03:30 [INF] Executed action method Api.Controllers.TradeController.Evaluate (Api), returned result Microsoft.AspNetCore.Mvc.ContentResult in 150.0473ms.
2025-08-29 15:11:27.616 +03:30 [INF] Executing ContentResult with HTTP Response ContentType of text/plain
2025-08-29 15:11:27.637 +03:30 [INF] Executed action Api.Controllers.TradeController.Evaluate (Api) in 382.6924ms
2025-08-29 15:11:27.648 +03:30 [INF] Executed endpoint 'Api.Controllers.TradeController.Evaluate (Api)'
2025-08-29 15:11:27.656 +03:30 [INF] HTTP POST /api/traed/evaluate responded 200 in 514.0 ms
2025-08-29 15:11:27.672 +03:30 [INF] Request finished HTTP/1.1 POST http://localhost:5005/api/traed/evaluate - 200 21 text/plain 685.5016ms
2025-08-29 15:11:30.753 +03:30 [INF] Request starting HTTP/1.1 POST http://localhost:5005/api/traed/evaluate - application/json 155
2025-08-29 15:11:30.768 +03:30 [INF] Executing endpoint 'Api.Controllers.TradeController.Evaluate (Api)'
2025-08-29 15:11:30.776 +03:30 [INF] Route matched with {action = "Evaluate", controller = "Trade"}. Executing controller action with signature System.Threading.Tasks.Task`1[Microsoft.AspNetCore.Mvc.IActionResult] Evaluate(Application.Command.EvaluateCommand) on controller Api.Controllers.TradeController (Api).
2025-08-29 15:11:30.788 +03:30 [INF] Executing action method Api.Controllers.TradeController.Evaluate (Api) - Validation state: "Valid"
2025-08-29 15:11:30.798 +03:30 [INF] Handling EvaluateCommand {"Symbol":"","Timeframe":"","Open":1,"High":1,"Low":1,"Close":1,"Atr":1,"Bid":1,"Ask":1,"Equity":1,"OpenTrades":1,"$type":"EvaluateCommand"}
2025-08-29 15:11:30.817 +03:30 [INF] Handled EvaluateCommand => {"Action":"Hold","Size":0,"Sl":0,"Tp":0,"Note":"bad market","$type":"DecisionDto"}
2025-08-29 15:11:30.826 +03:30 [INF] Executed action method Api.Controllers.TradeController.Evaluate (Api), returned result Microsoft.AspNetCore.Mvc.ContentResult in 34.3144ms.
2025-08-29 15:11:30.829 +03:30 [INF] Executing ContentResult with HTTP Response ContentType of text/plain
2025-08-29 15:11:30.832 +03:30 [INF] Executed action Api.Controllers.TradeController.Evaluate (Api) in 48.065ms
2025-08-29 15:11:30.835 +03:30 [INF] Executed endpoint 'Api.Controllers.TradeController.Evaluate (Api)'
2025-08-29 15:11:30.839 +03:30 [INF] HTTP POST /api/traed/evaluate responded 200 in 71.0 ms
2025-08-29 15:11:30.844 +03:30 [INF] Request finished HTTP/1.1 POST http://localhost:5005/api/traed/evaluate - 200 21 text/plain 92.4538ms
2025-08-29 15:12:30.754 +03:30 [INF] Application is shutting down...
2025-08-29 15:20:21.042 +03:30 [INF] User profile is available. Using 'C:\Users\20\AppData\Local\ASP.NET\DataProtection-Keys' as key repository and Windows DPAPI to encrypt keys at rest.
2025-08-29 15:20:21.271 +03:30 [WRN] The WebRootPath was not found: D:\Trader\Trader\Api\wwwroot. Static files may be unavailable.
2025-08-29 15:20:21.428 +03:30 [INF] Now listening on: http://localhost:5005
2025-08-29 15:20:21.585 +03:30 [INF] Application started. Press Ctrl+C to shut down.
2025-08-29 15:20:21.591 +03:30 [INF] Hosting environment: Development
2025-08-29 15:20:21.593 +03:30 [INF] Content root path: D:\Trader\Trader\Api
2025-08-29 15:21:14.361 +03:30 [INF] Application is shutting down...
2025-08-29 15:21:22.663 +03:30 [INF] User profile is available. Using 'C:\Users\20\AppData\Local\ASP.NET\DataProtection-Keys' as key repository and Windows DPAPI to encrypt keys at rest.
2025-08-29 15:21:23.386 +03:30 [WRN] The WebRootPath was not found: D:\Trader\Trader\Api\wwwroot. Static files may be unavailable.
2025-08-29 15:21:23.585 +03:30 [INF] Now listening on: http://localhost:5005
2025-08-29 15:21:23.594 +03:30 [INF] Application started. Press Ctrl+C to shut down.
2025-08-29 15:21:23.597 +03:30 [INF] Hosting environment: Development
2025-08-29 15:21:23.598 +03:30 [INF] Content root path: D:\Trader\Trader\Api
2025-08-29 15:22:28.132 +03:30 [INF] Request starting HTTP/1.1 GET http://localhost:5005/Scalar/docs - null null
2025-08-29 15:22:28.293 +03:30 [INF] Executing endpoint 'HTTP: GET /scalar/{documentName?}'
2025-08-29 15:22:28.715 +03:30 [INF] Write content with HTTP Response ContentType of text/html
2025-08-29 15:22:28.725 +03:30 [INF] Executed endpoint 'HTTP: GET /scalar/{documentName?}'
2025-08-29 15:22:28.734 +03:30 [INF] HTTP GET /Scalar/docs responded 200 in 438.3 ms
2025-08-29 15:22:28.807 +03:30 [INF] Request finished HTTP/1.1 GET http://localhost:5005/Scalar/docs - 200 905 text/html 678.8631ms
2025-08-29 15:22:28.864 +03:30 [INF] Request starting HTTP/1.1 GET http://localhost:5005/Scalar/scalar.aspnetcore.js - null null
2025-08-29 15:22:28.875 +03:30 [INF] Request starting HTTP/1.1 GET http://localhost:5005/Scalar/scalar.js - null null
2025-08-29 15:22:28.895 +03:30 [INF] Executing endpoint 'HTTP: GET /scalar/scalar.aspnetcore.js'
2025-08-29 15:22:28.905 +03:30 [INF] Executing endpoint 'HTTP: GET /scalar/scalar.js'
2025-08-29 15:22:28.923 +03:30 [INF] Setting HTTP status code 304.
2025-08-29 15:22:28.926 +03:30 [INF] Setting HTTP status code 304.
2025-08-29 15:22:28.951 +03:30 [INF] Executed endpoint 'HTTP: GET /scalar/scalar.aspnetcore.js'
2025-08-29 15:22:28.954 +03:30 [INF] Executed endpoint 'HTTP: GET /scalar/scalar.js'
2025-08-29 15:22:28.960 +03:30 [INF] HTTP GET /Scalar/scalar.js responded 304 in 54.9 ms
2025-08-29 15:22:28.956 +03:30 [INF] HTTP GET /Scalar/scalar.aspnetcore.js responded 304 in 61.6 ms
2025-08-29 15:22:28.966 +03:30 [INF] Request finished HTTP/1.1 GET http://localhost:5005/Scalar/scalar.js - 304 null null 90.3783ms
2025-08-29 15:22:29.022 +03:30 [INF] Request finished HTTP/1.1 GET http://localhost:5005/Scalar/scalar.aspnetcore.js - 304 null null 160.3655ms
2025-08-29 15:22:29.649 +03:30 [INF] Request starting HTTP/1.1 GET http://localhost:5005/favicon.ico - null null
2025-08-29 15:22:29.658 +03:30 [INF] HTTP GET /favicon.ico responded 404 in 0.1 ms
2025-08-29 15:22:29.660 +03:30 [INF] Request finished HTTP/1.1 GET http://localhost:5005/favicon.ico - 499 null null 11.5123ms
2025-08-29 15:22:29.665 +03:30 [INF] Request reached the end of the middleware pipeline without being handled by application code. Request path: GET http://localhost:5005/favicon.ico, Response status code: 499
2025-08-29 15:22:34.834 +03:30 [INF] Request starting HTTP/1.1 GET http://localhost:5005/openapi/docs.json - null null
2025-08-29 15:22:34.841 +03:30 [INF] Request starting HTTP/1.1 GET http://localhost:5005/openapi/docs.json - null null
2025-08-29 15:22:34.848 +03:30 [INF] Executing endpoint 'HTTP: GET /openapi/{documentName}.json'
2025-08-29 15:22:34.851 +03:30 [INF] Executing endpoint 'HTTP: GET /openapi/{documentName}.json'
2025-08-29 15:22:35.492 +03:30 [INF] Executed endpoint 'HTTP: GET /openapi/{documentName}.json'
2025-08-29 15:22:35.492 +03:30 [INF] Executed endpoint 'HTTP: GET /openapi/{documentName}.json'
2025-08-29 15:22:35.495 +03:30 [INF] HTTP GET /openapi/docs.json responded 200 in 644.1 ms
2025-08-29 15:22:35.496 +03:30 [INF] HTTP GET /openapi/docs.json responded 200 in 648.3 ms
2025-08-29 15:22:35.499 +03:30 [INF] Request finished HTTP/1.1 GET http://localhost:5005/openapi/docs.json - 200 null application/json;charset=utf-8 657.8222ms
2025-08-29 15:22:35.504 +03:30 [INF] Request finished HTTP/1.1 GET http://localhost:5005/openapi/docs.json - 200 null application/json;charset=utf-8 670.5549ms
2025-08-29 15:22:49.191 +03:30 [INF] Request starting HTTP/1.1 POST http://localhost:5005/api/admin/telegram/test - text/plain;charset=UTF-8 0
2025-08-29 15:22:49.207 +03:30 [INF] Executing endpoint 'Api.Controllers.AdminController.TelegramTest (Api)'
2025-08-29 15:22:49.285 +03:30 [INF] Route matched with {action = "TelegramTest", controller = "Admin"}. Executing controller action with signature System.Threading.Tasks.Task`1[Microsoft.AspNetCore.Mvc.IActionResult] TelegramTest(Microsoft.Extensions.Configuration.IConfiguration) on controller Api.Controllers.AdminController (Api).
2025-08-29 15:22:49.329 +03:30 [INF] Executing action method Api.Controllers.AdminController.TelegramTest (Api) - Validation state: "Valid"
2025-08-29 15:22:49.344 +03:30 [INF] Executed action method Api.Controllers.AdminController.TelegramTest (Api), returned result Microsoft.AspNetCore.Mvc.BadRequestObjectResult in 4.0672ms.
2025-08-29 15:22:49.365 +03:30 [INF] Executing BadRequestObjectResult, writing value of type 'System.String'.
2025-08-29 15:22:49.386 +03:30 [INF] Executed action Api.Controllers.AdminController.TelegramTest (Api) in 80.8935ms
2025-08-29 15:22:49.392 +03:30 [INF] Executed endpoint 'Api.Controllers.AdminController.TelegramTest (Api)'
2025-08-29 15:22:49.394 +03:30 [INF] HTTP POST /api/admin/telegram/test responded 400 in 187.0 ms
2025-08-29 15:22:49.398 +03:30 [INF] Request finished HTTP/1.1 POST http://localhost:5005/api/admin/telegram/test - 400 null text/plain; charset=utf-8 207.1858ms
2025-08-29 15:22:55.185 +03:30 [INF] Request starting HTTP/1.1 POST http://localhost:5005/api/admin/telegram/test - text/plain;charset=UTF-8 0
2025-08-29 15:22:55.205 +03:30 [INF] Executing endpoint 'Api.Controllers.AdminController.TelegramTest (Api)'
2025-08-29 15:22:55.208 +03:30 [INF] Route matched with {action = "TelegramTest", controller = "Admin"}. Executing controller action with signature System.Threading.Tasks.Task`1[Microsoft.AspNetCore.Mvc.IActionResult] TelegramTest(Microsoft.Extensions.Configuration.IConfiguration) on controller Api.Controllers.AdminController (Api).
2025-08-29 15:22:55.221 +03:30 [INF] Executing action method Api.Controllers.AdminController.TelegramTest (Api) - Validation state: "Valid"
2025-08-29 15:22:55.225 +03:30 [INF] Executed action method Api.Controllers.AdminController.TelegramTest (Api), returned result Microsoft.AspNetCore.Mvc.BadRequestObjectResult in 0.191ms.
2025-08-29 15:22:55.234 +03:30 [INF] Executing BadRequestObjectResult, writing value of type 'System.String'.
2025-08-29 15:22:55.237 +03:30 [INF] Executed action Api.Controllers.AdminController.TelegramTest (Api) in 17.3075ms
2025-08-29 15:22:55.253 +03:30 [INF] Executed endpoint 'Api.Controllers.AdminController.TelegramTest (Api)'
2025-08-29 15:22:55.255 +03:30 [INF] HTTP POST /api/admin/telegram/test responded 400 in 50.0 ms
2025-08-29 15:22:55.259 +03:30 [INF] Request finished HTTP/1.1 POST http://localhost:5005/api/admin/telegram/test - 400 null text/plain; charset=utf-8 73.6521ms
2025-08-29 15:23:12.056 +03:30 [INF] Request starting HTTP/1.1 POST http://localhost:5005/api/traed/eval-exec - application/json 155
2025-08-29 15:23:12.063 +03:30 [INF] Executing endpoint 'Api.Controllers.TradeController.EvalExec (Api)'
2025-08-29 15:23:12.081 +03:30 [INF] Route matched with {action = "EvalExec", controller = "Trade"}. Executing controller action with signature System.Threading.Tasks.Task`1[Microsoft.AspNetCore.Mvc.IActionResult] EvalExec(Application.Command.EvalExecCommand) on controller Api.Controllers.TradeController (Api).
2025-08-29 15:23:12.108 +03:30 [WRN] You do not have a valid license key for the Lucky Penny software MediatR. This is allowed for development and testing scenarios. If you are running in production you are required to have a licensed version. Please visit https://luckypennysoftware.com to obtain a valid license.
2025-08-29 15:23:12.304 +03:30 [INF] Executing action method Api.Controllers.TradeController.EvalExec (Api) - Validation state: "Valid"
2025-08-29 15:23:12.472 +03:30 [INF] Handling EvalExecCommand {"Symbol":"","Timeframe":"","Open":1,"High":1,"Low":1,"Close":1,"Atr":1,"Bid":1,"Ask":1,"Equity":1,"OpenTrades":1,"$type":"EvalExecCommand"}
2025-08-29 15:23:12.525 +03:30 [INF] EvalExec start   Close=1 Bid=1 Ask=1
2025-08-29 15:23:12.540 +03:30 [INF] Decision HOLD: bad market
2025-08-29 15:23:12.550 +03:30 [INF] Handled EvalExecCommand => {"Status":"NoTrade","OrderId":null,"Note":"bad market","$type":"EvalExecResult"}
2025-08-29 15:23:12.556 +03:30 [INF] Executed action method Api.Controllers.TradeController.EvalExec (Api), returned result Microsoft.AspNetCore.Mvc.OkObjectResult in 249.9703ms.
2025-08-29 15:23:12.566 +03:30 [INF] Executing OkObjectResult, writing value of type 'Application.Command.EvalExecResult'.
2025-08-29 15:23:12.587 +03:30 [INF] Executed action Api.Controllers.TradeController.EvalExec (Api) in 488.1849ms
2025-08-29 15:23:12.639 +03:30 [INF] Executed endpoint 'Api.Controllers.TradeController.EvalExec (Api)'
2025-08-29 15:23:12.641 +03:30 [INF] HTTP POST /api/traed/eval-exec responded 200 in 577.8 ms
2025-08-29 15:23:12.658 +03:30 [INF] Request finished HTTP/1.1 POST http://localhost:5005/api/traed/eval-exec - 200 null application/json; charset=utf-8 602.1156ms
2025-08-29 15:23:34.284 +03:30 [INF] Request starting HTTP/1.1 POST http://localhost:5005/api/traed/eval-exec - application/json 155
2025-08-29 15:23:34.296 +03:30 [INF] Executing endpoint 'Api.Controllers.TradeController.EvalExec (Api)'
2025-08-29 15:23:34.328 +03:30 [INF] Route matched with {action = "EvalExec", controller = "Trade"}. Executing controller action with signature System.Threading.Tasks.Task`1[Microsoft.AspNetCore.Mvc.IActionResult] EvalExec(Application.Command.EvalExecCommand) on controller Api.Controllers.TradeController (Api).
2025-08-29 15:23:34.337 +03:30 [INF] Executing action method Api.Controllers.TradeController.EvalExec (Api) - Validation state: "Valid"
2025-08-29 15:23:34.358 +03:30 [INF] Handling EvalExecCommand {"Symbol":"","Timeframe":"","Open":1,"High":1,"Low":1,"Close":1,"Atr":1,"Bid":1,"Ask":1,"Equity":1,"OpenTrades":1,"$type":"EvalExecCommand"}
2025-08-29 15:23:34.393 +03:30 [INF] EvalExec start   Close=1 Bid=1 Ask=1
2025-08-29 15:23:34.401 +03:30 [INF] Decision HOLD: bad market
2025-08-29 15:23:34.403 +03:30 [INF] Handled EvalExecCommand => {"Status":"NoTrade","OrderId":null,"Note":"bad market","$type":"EvalExecResult"}
2025-08-29 15:23:34.412 +03:30 [INF] Executed action method Api.Controllers.TradeController.EvalExec (Api), returned result Microsoft.AspNetCore.Mvc.OkObjectResult in 61.8756ms.
2025-08-29 15:23:34.416 +03:30 [INF] Executing OkObjectResult, writing value of type 'Application.Command.EvalExecResult'.
2025-08-29 15:23:34.418 +03:30 [INF] Executed action Api.Controllers.TradeController.EvalExec (Api) in 86.1348ms
2025-08-29 15:23:34.420 +03:30 [INF] Executed endpoint 'Api.Controllers.TradeController.EvalExec (Api)'
2025-08-29 15:23:34.423 +03:30 [INF] HTTP POST /api/traed/eval-exec responded 200 in 127.3 ms
2025-08-29 15:23:34.426 +03:30 [INF] Request finished HTTP/1.1 POST http://localhost:5005/api/traed/eval-exec - 200 null application/json; charset=utf-8 141.7618ms
2025-08-29 15:26:50.693 +03:30 [INF] Application is shutting down...
2025-08-29 15:27:16.728 +03:30 [INF] User profile is available. Using 'C:\Users\20\AppData\Local\ASP.NET\DataProtection-Keys' as key repository and Windows DPAPI to encrypt keys at rest.
2025-08-29 15:27:16.963 +03:30 [WRN] The WebRootPath was not found: D:\Trader\Trader\Api\wwwroot. Static files may be unavailable.
2025-08-29 15:27:17.060 +03:30 [INF] Now listening on: http://localhost:5005
2025-08-29 15:27:17.067 +03:30 [INF] Application started. Press Ctrl+C to shut down.
2025-08-29 15:27:17.070 +03:30 [INF] Hosting environment: Development
2025-08-29 15:27:17.080 +03:30 [INF] Content root path: D:\Trader\Trader\Api
2025-08-29 15:28:05.434 +03:30 [INF] Request starting HTTP/1.1 POST http://localhost:5005/api/traed/evaluate - application/json 155
2025-08-29 15:28:05.569 +03:30 [INF] Executing endpoint 'Api.Controllers.TradeController.Evaluate (Api)'
2025-08-29 15:28:05.630 +03:30 [INF] Route matched with {action = "Evaluate", controller = "Trade"}. Executing controller action with signature System.Threading.Tasks.Task`1[Microsoft.AspNetCore.Mvc.IActionResult] Evaluate(Application.Command.EvaluateCommand) on controller Api.Controllers.TradeController (Api).
2025-08-29 15:28:05.653 +03:30 [WRN] You do not have a valid license key for the Lucky Penny software MediatR. This is allowed for development and testing scenarios. If you are running in production you are required to have a licensed version. Please visit https://luckypennysoftware.com to obtain a valid license.
2025-08-29 15:28:05.835 +03:30 [INF] Executing action method Api.Controllers.TradeController.Evaluate (Api) - Validation state: "Valid"
2025-08-29 15:28:05.930 +03:30 [INF] Handling EvaluateCommand {"Symbol":"","Timeframe":"","Open":1,"High":1,"Low":1,"Close":1,"Atr":1,"Bid":1,"Ask":1,"Equity":1,"OpenTrades":1,"$type":"EvaluateCommand"}
2025-08-29 15:28:05.971 +03:30 [INF] Handled EvaluateCommand => {"Action":"Hold","Size":0,"Sl":0,"Tp":0,"Note":"bad market","$type":"DecisionDto"}
2025-08-29 15:28:05.992 +03:30 [INF] Executed action method Api.Controllers.TradeController.Evaluate (Api), returned result Microsoft.AspNetCore.Mvc.ContentResult in 142.8259ms.
2025-08-29 15:28:06.007 +03:30 [INF] Executing ContentResult with HTTP Response ContentType of text/plain
2025-08-29 15:28:06.036 +03:30 [INF] Executed action Api.Controllers.TradeController.Evaluate (Api) in 377.3821ms
2025-08-29 15:28:06.039 +03:30 [INF] Executed endpoint 'Api.Controllers.TradeController.Evaluate (Api)'
2025-08-29 15:28:06.050 +03:30 [INF] HTTP POST /api/traed/evaluate responded 200 in 477.0 ms
2025-08-29 15:28:06.064 +03:30 [INF] Request finished HTTP/1.1 POST http://localhost:5005/api/traed/evaluate - 200 21 text/plain 632.2254ms
2025-08-29 15:28:06.501 +03:30 [INF] Request starting HTTP/1.1 POST http://localhost:5005/api/traed/evaluate - application/json 155
2025-08-29 15:28:06.522 +03:30 [INF] Executing endpoint 'Api.Controllers.TradeController.Evaluate (Api)'
2025-08-29 15:28:06.526 +03:30 [INF] Route matched with {action = "Evaluate", controller = "Trade"}. Executing controller action with signature System.Threading.Tasks.Task`1[Microsoft.AspNetCore.Mvc.IActionResult] Evaluate(Application.Command.EvaluateCommand) on controller Api.Controllers.TradeController (Api).
2025-08-29 15:28:06.534 +03:30 [INF] Executing action method Api.Controllers.TradeController.Evaluate (Api) - Validation state: "Valid"
2025-08-29 15:28:06.540 +03:30 [INF] Handling EvaluateCommand {"Symbol":"","Timeframe":"","Open":1,"High":1,"Low":1,"Close":1,"Atr":1,"Bid":1,"Ask":1,"Equity":1,"OpenTrades":1,"$type":"EvaluateCommand"}
2025-08-29 15:28:06.556 +03:30 [INF] Handled EvaluateCommand => {"Action":"Hold","Size":0,"Sl":0,"Tp":0,"Note":"bad market","$type":"DecisionDto"}
2025-08-29 15:28:06.567 +03:30 [INF] Executed action method Api.Controllers.TradeController.Evaluate (Api), returned result Microsoft.AspNetCore.Mvc.ContentResult in 29.8812ms.
2025-08-29 15:28:06.570 +03:30 [INF] Executing ContentResult with HTTP Response ContentType of text/plain
2025-08-29 15:28:06.572 +03:30 [INF] Executed action Api.Controllers.TradeController.Evaluate (Api) in 42.2006ms
2025-08-29 15:28:06.574 +03:30 [INF] Executed endpoint 'Api.Controllers.TradeController.Evaluate (Api)'
2025-08-29 15:28:06.580 +03:30 [INF] HTTP POST /api/traed/evaluate responded 200 in 58.7 ms
2025-08-29 15:28:06.584 +03:30 [INF] Request finished HTTP/1.1 POST http://localhost:5005/api/traed/evaluate - 200 21 text/plain 84.9716ms
2025-08-29 15:28:07.090 +03:30 [INF] Request starting HTTP/1.1 POST http://localhost:5005/api/traed/evaluate - application/json 155
2025-08-29 15:28:07.100 +03:30 [INF] Executing endpoint 'Api.Controllers.TradeController.Evaluate (Api)'
2025-08-29 15:28:07.102 +03:30 [INF] Route matched with {action = "Evaluate", controller = "Trade"}. Executing controller action with signature System.Threading.Tasks.Task`1[Microsoft.AspNetCore.Mvc.IActionResult] Evaluate(Application.Command.EvaluateCommand) on controller Api.Controllers.TradeController (Api).
2025-08-29 15:28:07.109 +03:30 [INF] Executing action method Api.Controllers.TradeController.Evaluate (Api) - Validation state: "Valid"
2025-08-29 15:28:07.116 +03:30 [INF] Handling EvaluateCommand {"Symbol":"","Timeframe":"","Open":1,"High":1,"Low":1,"Close":1,"Atr":1,"Bid":1,"Ask":1,"Equity":1,"OpenTrades":1,"$type":"EvaluateCommand"}
2025-08-29 15:28:07.134 +03:30 [INF] Handled EvaluateCommand => {"Action":"Hold","Size":0,"Sl":0,"Tp":0,"Note":"bad market","$type":"DecisionDto"}
2025-08-29 15:28:07.140 +03:30 [INF] Executed action method Api.Controllers.TradeController.Evaluate (Api), returned result Microsoft.AspNetCore.Mvc.ContentResult in 27.5342ms.
2025-08-29 15:28:07.143 +03:30 [INF] Executing ContentResult with HTTP Response ContentType of text/plain
2025-08-29 15:28:07.145 +03:30 [INF] Executed action Api.Controllers.TradeController.Evaluate (Api) in 40.1717ms
2025-08-29 15:28:07.153 +03:30 [INF] Executed endpoint 'Api.Controllers.TradeController.Evaluate (Api)'
2025-08-29 15:28:07.155 +03:30 [INF] HTTP POST /api/traed/evaluate responded 200 in 54.6 ms
2025-08-29 15:28:07.157 +03:30 [INF] Request finished HTTP/1.1 POST http://localhost:5005/api/traed/evaluate - 200 21 text/plain 67.4064ms
2025-08-29 15:28:07.571 +03:30 [INF] Request starting HTTP/1.1 POST http://localhost:5005/api/traed/evaluate - application/json 155
2025-08-29 15:28:07.575 +03:30 [INF] Executing endpoint 'Api.Controllers.TradeController.Evaluate (Api)'
2025-08-29 15:28:07.579 +03:30 [INF] Route matched with {action = "Evaluate", controller = "Trade"}. Executing controller action with signature System.Threading.Tasks.Task`1[Microsoft.AspNetCore.Mvc.IActionResult] Evaluate(Application.Command.EvaluateCommand) on controller Api.Controllers.TradeController (Api).
2025-08-29 15:28:07.584 +03:30 [INF] Executing action method Api.Controllers.TradeController.Evaluate (Api) - Validation state: "Valid"
2025-08-29 15:28:07.586 +03:30 [INF] Handling EvaluateCommand {"Symbol":"","Timeframe":"","Open":1,"High":1,"Low":1,"Close":1,"Atr":1,"Bid":1,"Ask":1,"Equity":1,"OpenTrades":1,"$type":"EvaluateCommand"}
2025-08-29 15:28:07.605 +03:30 [INF] Handled EvaluateCommand => {"Action":"Hold","Size":0,"Sl":0,"Tp":0,"Note":"bad market","$type":"DecisionDto"}
2025-08-29 15:28:07.612 +03:30 [INF] Executed action method Api.Controllers.TradeController.Evaluate (Api), returned result Microsoft.AspNetCore.Mvc.ContentResult in 26.2627ms.
2025-08-29 15:28:07.615 +03:30 [INF] Executing ContentResult with HTTP Response ContentType of text/plain
2025-08-29 15:28:07.617 +03:30 [INF] Executed action Api.Controllers.TradeController.Evaluate (Api) in 34.1561ms
2025-08-29 15:28:07.620 +03:30 [INF] Executed endpoint 'Api.Controllers.TradeController.Evaluate (Api)'
2025-08-29 15:28:07.626 +03:30 [INF] HTTP POST /api/traed/evaluate responded 200 in 50.8 ms
2025-08-29 15:28:07.628 +03:30 [INF] Request finished HTTP/1.1 POST http://localhost:5005/api/traed/evaluate - 200 21 text/plain 57.2439ms
2025-08-29 15:28:08.056 +03:30 [INF] Request starting HTTP/1.1 POST http://localhost:5005/api/traed/evaluate - application/json 155
2025-08-29 15:28:08.062 +03:30 [INF] Executing endpoint 'Api.Controllers.TradeController.Evaluate (Api)'
2025-08-29 15:28:08.068 +03:30 [INF] Route matched with {action = "Evaluate", controller = "Trade"}. Executing controller action with signature System.Threading.Tasks.Task`1[Microsoft.AspNetCore.Mvc.IActionResult] Evaluate(Application.Command.EvaluateCommand) on controller Api.Controllers.TradeController (Api).
2025-08-29 15:28:08.073 +03:30 [INF] Executing action method Api.Controllers.TradeController.Evaluate (Api) - Validation state: "Valid"
2025-08-29 15:28:08.075 +03:30 [INF] Handling EvaluateCommand {"Symbol":"","Timeframe":"","Open":1,"High":1,"Low":1,"Close":1,"Atr":1,"Bid":1,"Ask":1,"Equity":1,"OpenTrades":1,"$type":"EvaluateCommand"}
2025-08-29 15:28:08.092 +03:30 [INF] Handled EvaluateCommand => {"Action":"Hold","Size":0,"Sl":0,"Tp":0,"Note":"bad market","$type":"DecisionDto"}
2025-08-29 15:28:08.101 +03:30 [INF] Executed action method Api.Controllers.TradeController.Evaluate (Api), returned result Microsoft.AspNetCore.Mvc.ContentResult in 26.1141ms.
2025-08-29 15:28:08.103 +03:30 [INF] Executing ContentResult with HTTP Response ContentType of text/plain
2025-08-29 15:28:08.105 +03:30 [INF] Executed action Api.Controllers.TradeController.Evaluate (Api) in 33.876ms
2025-08-29 15:28:08.116 +03:30 [INF] Executed endpoint 'Api.Controllers.TradeController.Evaluate (Api)'
2025-08-29 15:28:08.118 +03:30 [INF] HTTP POST /api/traed/evaluate responded 200 in 55.6 ms
2025-08-29 15:28:08.121 +03:30 [INF] Request finished HTTP/1.1 POST http://localhost:5005/api/traed/evaluate - 200 21 text/plain 64.3651ms
2025-08-29 15:28:08.444 +03:30 [INF] Request starting HTTP/1.1 POST http://localhost:5005/api/traed/evaluate - application/json 155
2025-08-29 15:28:08.450 +03:30 [INF] Executing endpoint 'Api.Controllers.TradeController.Evaluate (Api)'
2025-08-29 15:28:08.452 +03:30 [INF] Route matched with {action = "Evaluate", controller = "Trade"}. Executing controller action with signature System.Threading.Tasks.Task`1[Microsoft.AspNetCore.Mvc.IActionResult] Evaluate(Application.Command.EvaluateCommand) on controller Api.Controllers.TradeController (Api).
2025-08-29 15:28:08.457 +03:30 [INF] Executing action method Api.Controllers.TradeController.Evaluate (Api) - Validation state: "Valid"
2025-08-29 15:28:08.461 +03:30 [INF] Handling EvaluateCommand {"Symbol":"","Timeframe":"","Open":1,"High":1,"Low":1,"Close":1,"Atr":1,"Bid":1,"Ask":1,"Equity":1,"OpenTrades":1,"$type":"EvaluateCommand"}
2025-08-29 15:28:08.472 +03:30 [INF] Handled EvaluateCommand => {"Action":"Hold","Size":0,"Sl":0,"Tp":0,"Note":"bad market","$type":"DecisionDto"}
2025-08-29 15:28:08.480 +03:30 [INF] Executed action method Api.Controllers.TradeController.Evaluate (Api), returned result Microsoft.AspNetCore.Mvc.ContentResult in 18.5025ms.
2025-08-29 15:28:08.482 +03:30 [INF] Executing ContentResult with HTTP Response ContentType of text/plain
2025-08-29 15:28:08.484 +03:30 [INF] Executed action Api.Controllers.TradeController.Evaluate (Api) in 27.9489ms
2025-08-29 15:28:08.487 +03:30 [INF] Executed endpoint 'Api.Controllers.TradeController.Evaluate (Api)'
2025-08-29 15:28:08.493 +03:30 [INF] HTTP POST /api/traed/evaluate responded 200 in 43.1 ms
2025-08-29 15:28:08.496 +03:30 [INF] Request finished HTTP/1.1 POST http://localhost:5005/api/traed/evaluate - 200 21 text/plain 51.9752ms
2025-08-29 15:28:09.049 +03:30 [INF] Request starting HTTP/1.1 POST http://localhost:5005/api/traed/evaluate - application/json 155
2025-08-29 15:28:09.057 +03:30 [INF] Executing endpoint 'Api.Controllers.TradeController.Evaluate (Api)'
2025-08-29 15:28:09.061 +03:30 [INF] Route matched with {action = "Evaluate", controller = "Trade"}. Executing controller action with signature System.Threading.Tasks.Task`1[Microsoft.AspNetCore.Mvc.IActionResult] Evaluate(Application.Command.EvaluateCommand) on controller Api.Controllers.TradeController (Api).
2025-08-29 15:28:09.065 +03:30 [INF] Executing action method Api.Controllers.TradeController.Evaluate (Api) - Validation state: "Valid"
2025-08-29 15:28:09.067 +03:30 [INF] Handling EvaluateCommand {"Symbol":"","Timeframe":"","Open":1,"High":1,"Low":1,"Close":1,"Atr":1,"Bid":1,"Ask":1,"Equity":1,"OpenTrades":1,"$type":"EvaluateCommand"}
2025-08-29 15:28:09.085 +03:30 [INF] Handled EvaluateCommand => {"Action":"Hold","Size":0,"Sl":0,"Tp":0,"Note":"bad market","$type":"DecisionDto"}
2025-08-29 15:28:09.092 +03:30 [INF] Executed action method Api.Controllers.TradeController.Evaluate (Api), returned result Microsoft.AspNetCore.Mvc.ContentResult in 25.267ms.
2025-08-29 15:28:09.094 +03:30 [INF] Executing ContentResult with HTTP Response ContentType of text/plain
2025-08-29 15:28:09.097 +03:30 [INF] Executed action Api.Controllers.TradeController.Evaluate (Api) in 31.9647ms
2025-08-29 15:28:09.104 +03:30 [INF] Executed endpoint 'Api.Controllers.TradeController.Evaluate (Api)'
2025-08-29 15:28:09.106 +03:30 [INF] HTTP POST /api/traed/evaluate responded 200 in 48.5 ms
2025-08-29 15:28:09.108 +03:30 [INF] Request finished HTTP/1.1 POST http://localhost:5005/api/traed/evaluate - 200 21 text/plain 59.4577ms
2025-08-29 15:28:09.543 +03:30 [INF] Request starting HTTP/1.1 POST http://localhost:5005/api/traed/evaluate - application/json 155
2025-08-29 15:28:09.550 +03:30 [INF] Executing endpoint 'Api.Controllers.TradeController.Evaluate (Api)'
2025-08-29 15:28:09.552 +03:30 [INF] Route matched with {action = "Evaluate", controller = "Trade"}. Executing controller action with signature System.Threading.Tasks.Task`1[Microsoft.AspNetCore.Mvc.IActionResult] Evaluate(Application.Command.EvaluateCommand) on controller Api.Controllers.TradeController (Api).
2025-08-29 15:28:09.557 +03:30 [INF] Executing action method Api.Controllers.TradeController.Evaluate (Api) - Validation state: "Valid"
2025-08-29 15:28:09.558 +03:30 [INF] Handling EvaluateCommand {"Symbol":"","Timeframe":"","Open":1,"High":1,"Low":1,"Close":1,"Atr":1,"Bid":1,"Ask":1,"Equity":1,"OpenTrades":1,"$type":"EvaluateCommand"}
2025-08-29 15:28:09.574 +03:30 [INF] Handled EvaluateCommand => {"Action":"Hold","Size":0,"Sl":0,"Tp":0,"Note":"bad market","$type":"DecisionDto"}
2025-08-29 15:28:09.586 +03:30 [INF] Executed action method Api.Controllers.TradeController.Evaluate (Api), returned result Microsoft.AspNetCore.Mvc.ContentResult in 28.0736ms.
2025-08-29 15:28:09.588 +03:30 [INF] Executing ContentResult with HTTP Response ContentType of text/plain
2025-08-29 15:28:09.590 +03:30 [INF] Executed action Api.Controllers.TradeController.Evaluate (Api) in 34.6167ms
2025-08-29 15:28:09.593 +03:30 [INF] Executed endpoint 'Api.Controllers.TradeController.Evaluate (Api)'
2025-08-29 15:28:09.598 +03:30 [INF] HTTP POST /api/traed/evaluate responded 200 in 48.7 ms
2025-08-29 15:28:09.600 +03:30 [INF] Request finished HTTP/1.1 POST http://localhost:5005/api/traed/evaluate - 200 21 text/plain 56.7337ms
2025-08-29 15:28:09.761 +03:30 [INF] Request starting HTTP/1.1 POST http://localhost:5005/api/traed/evaluate - application/json 155
2025-08-29 15:28:09.773 +03:30 [INF] Executing endpoint 'Api.Controllers.TradeController.Evaluate (Api)'
2025-08-29 15:28:09.775 +03:30 [INF] Route matched with {action = "Evaluate", controller = "Trade"}. Executing controller action with signature System.Threading.Tasks.Task`1[Microsoft.AspNetCore.Mvc.IActionResult] Evaluate(Application.Command.EvaluateCommand) on controller Api.Controllers.TradeController (Api).
2025-08-29 15:28:09.794 +03:30 [INF] Executing action method Api.Controllers.TradeController.Evaluate (Api) - Validation state: "Valid"
2025-08-29 15:28:09.803 +03:30 [INF] Handling EvaluateCommand {"Symbol":"","Timeframe":"","Open":1,"High":1,"Low":1,"Close":1,"Atr":1,"Bid":1,"Ask":1,"Equity":1,"OpenTrades":1,"$type":"EvaluateCommand"}
2025-08-29 15:28:09.818 +03:30 [INF] Handled EvaluateCommand => {"Action":"Hold","Size":0,"Sl":0,"Tp":0,"Note":"bad market","$type":"DecisionDto"}
2025-08-29 15:28:09.833 +03:30 [INF] Executed action method Api.Controllers.TradeController.Evaluate (Api), returned result Microsoft.AspNetCore.Mvc.ContentResult in 30.3152ms.
2025-08-29 15:28:09.840 +03:30 [INF] Executing ContentResult with HTTP Response ContentType of text/plain
2025-08-29 15:28:09.842 +03:30 [INF] Executed action Api.Controllers.TradeController.Evaluate (Api) in 48.8849ms
2025-08-29 15:28:09.848 +03:30 [INF] Executed endpoint 'Api.Controllers.TradeController.Evaluate (Api)'
2025-08-29 15:28:09.856 +03:30 [INF] HTTP POST /api/traed/evaluate responded 200 in 82.9 ms
2025-08-29 15:28:09.858 +03:30 [INF] Request finished HTTP/1.1 POST http://localhost:5005/api/traed/evaluate - 200 21 text/plain 96.6118ms
2025-08-29 15:28:09.983 +03:30 [INF] Request starting HTTP/1.1 POST http://localhost:5005/api/traed/evaluate - application/json 155
2025-08-29 15:28:09.989 +03:30 [INF] Executing endpoint 'Api.Controllers.TradeController.Evaluate (Api)'
2025-08-29 15:28:09.990 +03:30 [INF] Route matched with {action = "Evaluate", controller = "Trade"}. Executing controller action with signature System.Threading.Tasks.Task`1[Microsoft.AspNetCore.Mvc.IActionResult] Evaluate(Application.Command.EvaluateCommand) on controller Api.Controllers.TradeController (Api).
2025-08-29 15:28:09.994 +03:30 [INF] Executing action method Api.Controllers.TradeController.Evaluate (Api) - Validation state: "Valid"
2025-08-29 15:28:10.005 +03:30 [INF] Handling EvaluateCommand {"Symbol":"","Timeframe":"","Open":1,"High":1,"Low":1,"Close":1,"Atr":1,"Bid":1,"Ask":1,"Equity":1,"OpenTrades":1,"$type":"EvaluateCommand"}
2025-08-29 15:28:10.014 +03:30 [INF] Handled EvaluateCommand => {"Action":"Hold","Size":0,"Sl":0,"Tp":0,"Note":"bad market","$type":"DecisionDto"}
2025-08-29 15:28:10.019 +03:30 [INF] Executed action method Api.Controllers.TradeController.Evaluate (Api), returned result Microsoft.AspNetCore.Mvc.ContentResult in 14.3883ms.
2025-08-29 15:28:10.021 +03:30 [INF] Executing ContentResult with HTTP Response ContentType of text/plain
2025-08-29 15:28:10.023 +03:30 [INF] Executed action Api.Controllers.TradeController.Evaluate (Api) in 29.5121ms
2025-08-29 15:28:10.024 +03:30 [INF] Executed endpoint 'Api.Controllers.TradeController.Evaluate (Api)'
2025-08-29 15:28:10.026 +03:30 [INF] HTTP POST /api/traed/evaluate responded 200 in 36.9 ms
2025-08-29 15:28:10.036 +03:30 [INF] Request finished HTTP/1.1 POST http://localhost:5005/api/traed/evaluate - 200 21 text/plain 52.8065ms
2025-08-29 15:28:10.469 +03:30 [INF] Request starting HTTP/1.1 POST http://localhost:5005/api/traed/evaluate - application/json 155
2025-08-29 15:28:10.475 +03:30 [INF] Executing endpoint 'Api.Controllers.TradeController.Evaluate (Api)'
2025-08-29 15:28:10.477 +03:30 [INF] Route matched with {action = "Evaluate", controller = "Trade"}. Executing controller action with signature System.Threading.Tasks.Task`1[Microsoft.AspNetCore.Mvc.IActionResult] Evaluate(Application.Command.EvaluateCommand) on controller Api.Controllers.TradeController (Api).
2025-08-29 15:28:10.492 +03:30 [INF] Executing action method Api.Controllers.TradeController.Evaluate (Api) - Validation state: "Valid"
2025-08-29 15:28:10.494 +03:30 [INF] Handling EvaluateCommand {"Symbol":"","Timeframe":"","Open":1,"High":1,"Low":1,"Close":1,"Atr":1,"Bid":1,"Ask":1,"Equity":1,"OpenTrades":1,"$type":"EvaluateCommand"}
2025-08-29 15:28:10.513 +03:30 [INF] Handled EvaluateCommand => {"Action":"Hold","Size":0,"Sl":0,"Tp":0,"Note":"bad market","$type":"DecisionDto"}
2025-08-29 15:28:10.520 +03:30 [INF] Executed action method Api.Controllers.TradeController.Evaluate (Api), returned result Microsoft.AspNetCore.Mvc.ContentResult in 26.3509ms.
2025-08-29 15:28:10.521 +03:30 [INF] Executing ContentResult with HTTP Response ContentType of text/plain
2025-08-29 15:28:10.522 +03:30 [INF] Executed action Api.Controllers.TradeController.Evaluate (Api) in 31.9823ms
2025-08-29 15:28:10.525 +03:30 [INF] Executed endpoint 'Api.Controllers.TradeController.Evaluate (Api)'
2025-08-29 15:28:10.536 +03:30 [INF] HTTP POST /api/traed/evaluate responded 200 in 60.4 ms
2025-08-29 15:28:10.538 +03:30 [INF] Request finished HTTP/1.1 POST http://localhost:5005/api/traed/evaluate - 200 21 text/plain 69.3729ms
2025-08-29 15:28:10.631 +03:30 [INF] Request starting HTTP/1.1 POST http://localhost:5005/api/traed/evaluate - application/json 155
2025-08-29 15:28:10.636 +03:30 [INF] Executing endpoint 'Api.Controllers.TradeController.Evaluate (Api)'
2025-08-29 15:28:10.638 +03:30 [INF] Route matched with {action = "Evaluate", controller = "Trade"}. Executing controller action with signature System.Threading.Tasks.Task`1[Microsoft.AspNetCore.Mvc.IActionResult] Evaluate(Application.Command.EvaluateCommand) on controller Api.Controllers.TradeController (Api).
2025-08-29 15:28:10.644 +03:30 [INF] Executing action method Api.Controllers.TradeController.Evaluate (Api) - Validation state: "Valid"
2025-08-29 15:28:10.657 +03:30 [INF] Handling EvaluateCommand {"Symbol":"","Timeframe":"","Open":1,"High":1,"Low":1,"Close":1,"Atr":1,"Bid":1,"Ask":1,"Equity":1,"OpenTrades":1,"$type":"EvaluateCommand"}
2025-08-29 15:28:10.672 +03:30 [INF] Handled EvaluateCommand => {"Action":"Hold","Size":0,"Sl":0,"Tp":0,"Note":"bad market","$type":"DecisionDto"}
2025-08-29 15:28:10.680 +03:30 [INF] Executed action method Api.Controllers.TradeController.Evaluate (Api), returned result Microsoft.AspNetCore.Mvc.ContentResult in 23.1396ms.
2025-08-29 15:28:10.682 +03:30 [INF] Executing ContentResult with HTTP Response ContentType of text/plain
2025-08-29 15:28:10.684 +03:30 [INF] Executed action Api.Controllers.TradeController.Evaluate (Api) in 40.0659ms
2025-08-29 15:28:10.691 +03:30 [INF] Executed endpoint 'Api.Controllers.TradeController.Evaluate (Api)'
2025-08-29 15:28:10.703 +03:30 [INF] HTTP POST /api/traed/evaluate responded 200 in 67.4 ms
2025-08-29 15:28:10.706 +03:30 [INF] Request finished HTTP/1.1 POST http://localhost:5005/api/traed/evaluate - 200 21 text/plain 74.9817ms
2025-08-29 15:28:10.769 +03:30 [INF] Request starting HTTP/1.1 POST http://localhost:5005/api/traed/evaluate - application/json 155
2025-08-29 15:28:10.773 +03:30 [INF] Executing endpoint 'Api.Controllers.TradeController.Evaluate (Api)'
2025-08-29 15:28:10.774 +03:30 [INF] Route matched with {action = "Evaluate", controller = "Trade"}. Executing controller action with signature System.Threading.Tasks.Task`1[Microsoft.AspNetCore.Mvc.IActionResult] Evaluate(Application.Command.EvaluateCommand) on controller Api.Controllers.TradeController (Api).
2025-08-29 15:28:10.778 +03:30 [INF] Executing action method Api.Controllers.TradeController.Evaluate (Api) - Validation state: "Valid"
2025-08-29 15:28:10.780 +03:30 [INF] Handling EvaluateCommand {"Symbol":"","Timeframe":"","Open":1,"High":1,"Low":1,"Close":1,"Atr":1,"Bid":1,"Ask":1,"Equity":1,"OpenTrades":1,"$type":"EvaluateCommand"}
2025-08-29 15:28:10.790 +03:30 [INF] Handled EvaluateCommand => {"Action":"Hold","Size":0,"Sl":0,"Tp":0,"Note":"bad market","$type":"DecisionDto"}
2025-08-29 15:28:10.798 +03:30 [INF] Executed action method Api.Controllers.TradeController.Evaluate (Api), returned result Microsoft.AspNetCore.Mvc.ContentResult in 18.2198ms.
2025-08-29 15:28:10.800 +03:30 [INF] Executing ContentResult with HTTP Response ContentType of text/plain
2025-08-29 15:28:10.803 +03:30 [INF] Executed action Api.Controllers.TradeController.Evaluate (Api) in 26.3877ms
2025-08-29 15:28:10.811 +03:30 [INF] Executed endpoint 'Api.Controllers.TradeController.Evaluate (Api)'
2025-08-29 15:28:10.815 +03:30 [INF] HTTP POST /api/traed/evaluate responded 200 in 42.0 ms
2025-08-29 15:28:10.826 +03:30 [INF] Request finished HTTP/1.1 POST http://localhost:5005/api/traed/evaluate - 200 21 text/plain 56.9699ms
2025-08-29 15:28:10.919 +03:30 [INF] Request starting HTTP/1.1 POST http://localhost:5005/api/traed/evaluate - application/json 155
2025-08-29 15:28:10.928 +03:30 [INF] Executing endpoint 'Api.Controllers.TradeController.Evaluate (Api)'
2025-08-29 15:28:10.931 +03:30 [INF] Route matched with {action = "Evaluate", controller = "Trade"}. Executing controller action with signature System.Threading.Tasks.Task`1[Microsoft.AspNetCore.Mvc.IActionResult] Evaluate(Application.Command.EvaluateCommand) on controller Api.Controllers.TradeController (Api).
2025-08-29 15:28:10.935 +03:30 [INF] Executing action method Api.Controllers.TradeController.Evaluate (Api) - Validation state: "Valid"
2025-08-29 15:28:10.936 +03:30 [INF] Handling EvaluateCommand {"Symbol":"","Timeframe":"","Open":1,"High":1,"Low":1,"Close":1,"Atr":1,"Bid":1,"Ask":1,"Equity":1,"OpenTrades":1,"$type":"EvaluateCommand"}
2025-08-29 15:28:10.953 +03:30 [INF] Handled EvaluateCommand => {"Action":"Hold","Size":0,"Sl":0,"Tp":0,"Note":"bad market","$type":"DecisionDto"}
2025-08-29 15:28:10.961 +03:30 [INF] Executed action method Api.Controllers.TradeController.Evaluate (Api), returned result Microsoft.AspNetCore.Mvc.ContentResult in 24.9478ms.
2025-08-29 15:28:10.967 +03:30 [INF] Executing ContentResult with HTTP Response ContentType of text/plain
2025-08-29 15:28:10.968 +03:30 [INF] Executed action Api.Controllers.TradeController.Evaluate (Api) in 34.2745ms
2025-08-29 15:28:10.988 +03:30 [INF] Executed endpoint 'Api.Controllers.TradeController.Evaluate (Api)'
2025-08-29 15:28:10.989 +03:30 [INF] HTTP POST /api/traed/evaluate responded 200 in 61.4 ms
2025-08-29 15:28:10.994 +03:30 [INF] Request finished HTTP/1.1 POST http://localhost:5005/api/traed/evaluate - 200 21 text/plain 74.6602ms
2025-08-29 15:28:11.484 +03:30 [INF] Request starting HTTP/1.1 POST http://localhost:5005/api/traed/evaluate - application/json 155
2025-08-29 15:28:11.487 +03:30 [INF] Executing endpoint 'Api.Controllers.TradeController.Evaluate (Api)'
2025-08-29 15:28:11.489 +03:30 [INF] Route matched with {action = "Evaluate", controller = "Trade"}. Executing controller action with signature System.Threading.Tasks.Task`1[Microsoft.AspNetCore.Mvc.IActionResult] Evaluate(Application.Command.EvaluateCommand) on controller Api.Controllers.TradeController (Api).
2025-08-29 15:28:11.493 +03:30 [INF] Executing action method Api.Controllers.TradeController.Evaluate (Api) - Validation state: "Valid"
2025-08-29 15:28:11.499 +03:30 [INF] Handling EvaluateCommand {"Symbol":"","Timeframe":"","Open":1,"High":1,"Low":1,"Close":1,"Atr":1,"Bid":1,"Ask":1,"Equity":1,"OpenTrades":1,"$type":"EvaluateCommand"}
2025-08-29 15:28:11.517 +03:30 [INF] Handled EvaluateCommand => {"Action":"Hold","Size":0,"Sl":0,"Tp":0,"Note":"bad market","$type":"DecisionDto"}
2025-08-29 15:28:11.523 +03:30 [INF] Executed action method Api.Controllers.TradeController.Evaluate (Api), returned result Microsoft.AspNetCore.Mvc.ContentResult in 25.0427ms.
2025-08-29 15:28:11.526 +03:30 [INF] Executing ContentResult with HTTP Response ContentType of text/plain
2025-08-29 15:28:11.528 +03:30 [INF] Executed action Api.Controllers.TradeController.Evaluate (Api) in 35.6107ms
2025-08-29 15:28:11.537 +03:30 [INF] Executed endpoint 'Api.Controllers.TradeController.Evaluate (Api)'
2025-08-29 15:28:11.538 +03:30 [INF] HTTP POST /api/traed/evaluate responded 200 in 50.8 ms
2025-08-29 15:28:11.540 +03:30 [INF] Request finished HTTP/1.1 POST http://localhost:5005/api/traed/evaluate - 200 21 text/plain 55.9567ms
2025-08-29 15:28:11.959 +03:30 [INF] Request starting HTTP/1.1 POST http://localhost:5005/api/traed/evaluate - application/json 155
2025-08-29 15:28:11.963 +03:30 [INF] Executing endpoint 'Api.Controllers.TradeController.Evaluate (Api)'
2025-08-29 15:28:11.965 +03:30 [INF] Route matched with {action = "Evaluate", controller = "Trade"}. Executing controller action with signature System.Threading.Tasks.Task`1[Microsoft.AspNetCore.Mvc.IActionResult] Evaluate(Application.Command.EvaluateCommand) on controller Api.Controllers.TradeController (Api).
2025-08-29 15:28:11.976 +03:30 [INF] Executing action method Api.Controllers.TradeController.Evaluate (Api) - Validation state: "Valid"
2025-08-29 15:28:11.985 +03:30 [INF] Handling EvaluateCommand {"Symbol":"","Timeframe":"","Open":1,"High":1,"Low":1,"Close":1,"Atr":1,"Bid":1,"Ask":1,"Equity":1,"OpenTrades":1,"$type":"EvaluateCommand"}
2025-08-29 15:28:11.995 +03:30 [INF] Handled EvaluateCommand => {"Action":"Hold","Size":0,"Sl":0,"Tp":0,"Note":"bad market","$type":"DecisionDto"}
2025-08-29 15:28:12.006 +03:30 [INF] Executed action method Api.Controllers.TradeController.Evaluate (Api), returned result Microsoft.AspNetCore.Mvc.ContentResult in 21.1853ms.
2025-08-29 15:28:12.010 +03:30 [INF] Executing ContentResult with HTTP Response ContentType of text/plain
2025-08-29 15:28:12.011 +03:30 [INF] Executed action Api.Controllers.TradeController.Evaluate (Api) in 35.5348ms
2025-08-29 15:28:12.026 +03:30 [INF] Executed endpoint 'Api.Controllers.TradeController.Evaluate (Api)'
2025-08-29 15:28:12.028 +03:30 [INF] HTTP POST /api/traed/evaluate responded 200 in 64.3 ms
2025-08-29 15:28:12.038 +03:30 [INF] Request finished HTTP/1.1 POST http://localhost:5005/api/traed/evaluate - 200 21 text/plain 79.6497ms
2025-08-29 15:28:12.135 +03:30 [INF] Request starting HTTP/1.1 POST http://localhost:5005/api/traed/evaluate - application/json 155
2025-08-29 15:28:12.143 +03:30 [INF] Executing endpoint 'Api.Controllers.TradeController.Evaluate (Api)'
2025-08-29 15:28:12.144 +03:30 [INF] Route matched with {action = "Evaluate", controller = "Trade"}. Executing controller action with signature System.Threading.Tasks.Task`1[Microsoft.AspNetCore.Mvc.IActionResult] Evaluate(Application.Command.EvaluateCommand) on controller Api.Controllers.TradeController (Api).
2025-08-29 15:28:12.151 +03:30 [INF] Executing action method Api.Controllers.TradeController.Evaluate (Api) - Validation state: "Valid"
2025-08-29 15:28:12.152 +03:30 [INF] Handling EvaluateCommand {"Symbol":"","Timeframe":"","Open":1,"High":1,"Low":1,"Close":1,"Atr":1,"Bid":1,"Ask":1,"Equity":1,"OpenTrades":1,"$type":"EvaluateCommand"}
2025-08-29 15:28:12.171 +03:30 [INF] Handled EvaluateCommand => {"Action":"Hold","Size":0,"Sl":0,"Tp":0,"Note":"bad market","$type":"DecisionDto"}
2025-08-29 15:28:12.179 +03:30 [INF] Executed action method Api.Controllers.TradeController.Evaluate (Api), returned result Microsoft.AspNetCore.Mvc.ContentResult in 26.9615ms.
2025-08-29 15:28:12.183 +03:30 [INF] Executing ContentResult with HTTP Response ContentType of text/plain
2025-08-29 15:28:12.185 +03:30 [INF] Executed action Api.Controllers.TradeController.Evaluate (Api) in 35.8337ms
2025-08-29 15:28:12.189 +03:30 [INF] Executed endpoint 'Api.Controllers.TradeController.Evaluate (Api)'
2025-08-29 15:28:12.195 +03:30 [INF] HTTP POST /api/traed/evaluate responded 200 in 52.0 ms
2025-08-29 15:28:12.200 +03:30 [INF] Request finished HTTP/1.1 POST http://localhost:5005/api/traed/evaluate - 200 21 text/plain 65.4658ms
2025-08-29 15:28:12.301 +03:30 [INF] Request starting HTTP/1.1 POST http://localhost:5005/api/traed/evaluate - application/json 155
2025-08-29 15:28:12.309 +03:30 [INF] Executing endpoint 'Api.Controllers.TradeController.Evaluate (Api)'
2025-08-29 15:28:12.311 +03:30 [INF] Route matched with {action = "Evaluate", controller = "Trade"}. Executing controller action with signature System.Threading.Tasks.Task`1[Microsoft.AspNetCore.Mvc.IActionResult] Evaluate(Application.Command.EvaluateCommand) on controller Api.Controllers.TradeController (Api).
2025-08-29 15:28:12.333 +03:30 [INF] Executing action method Api.Controllers.TradeController.Evaluate (Api) - Validation state: "Valid"
2025-08-29 15:28:12.336 +03:30 [INF] Handling EvaluateCommand {"Symbol":"","Timeframe":"","Open":1,"High":1,"Low":1,"Close":1,"Atr":1,"Bid":1,"Ask":1,"Equity":1,"OpenTrades":1,"$type":"EvaluateCommand"}
2025-08-29 15:28:12.348 +03:30 [INF] Handled EvaluateCommand => {"Action":"Hold","Size":0,"Sl":0,"Tp":0,"Note":"bad market","$type":"DecisionDto"}
2025-08-29 15:28:12.355 +03:30 [INF] Executed action method Api.Controllers.TradeController.Evaluate (Api), returned result Microsoft.AspNetCore.Mvc.ContentResult in 19.6705ms.
2025-08-29 15:28:12.357 +03:30 [INF] Executing ContentResult with HTTP Response ContentType of text/plain
2025-08-29 15:28:12.358 +03:30 [INF] Executed action Api.Controllers.TradeController.Evaluate (Api) in 25.5922ms
2025-08-29 15:28:12.370 +03:30 [INF] Executed endpoint 'Api.Controllers.TradeController.Evaluate (Api)'
2025-08-29 15:28:12.376 +03:30 [INF] HTTP POST /api/traed/evaluate responded 200 in 66.3 ms
2025-08-29 15:28:12.384 +03:30 [INF] Request finished HTTP/1.1 POST http://localhost:5005/api/traed/evaluate - 200 21 text/plain 83.3646ms
2025-08-29 15:28:22.991 +03:30 [INF] Request starting HTTP/1.1 POST http://localhost:5005/api/test/seed/hold - application/json 82
2025-08-29 15:28:22.997 +03:30 [INF] Executing endpoint 'Api.Controllers.TestController.SeedHold (Api)'
2025-08-29 15:28:23.005 +03:30 [INF] Route matched with {action = "SeedHold", controller = "Test"}. Executing controller action with signature Microsoft.AspNetCore.Mvc.IActionResult SeedHold(SeedReq) on controller Api.Controllers.TestController (Api).
2025-08-29 15:28:23.019 +03:30 [INF] Executing action method Api.Controllers.TestController.SeedHold (Api) - Validation state: "Valid"
2025-08-29 15:28:23.022 +03:30 [INF] Executed action method Api.Controllers.TestController.SeedHold (Api), returned result Microsoft.AspNetCore.Mvc.OkObjectResult in 1.0706ms.
2025-08-29 15:28:23.040 +03:30 [INF] Executing OkObjectResult, writing value of type '<>f__AnonymousType2`4[[System.String, System.Private.CoreLib, Version=9.0.0.0, Culture=neutral, PublicKeyToken=7cec85d7bea7798e],[System.String, System.Private.CoreLib, Version=9.0.0.0, Culture=neutral, PublicKeyToken=7cec85d7bea7798e],[System.String, System.Private.CoreLib, Version=9.0.0.0, Culture=neutral, PublicKeyToken=7cec85d7bea7798e],[System.Int32, System.Private.CoreLib, Version=9.0.0.0, Culture=neutral, PublicKeyToken=7cec85d7bea7798e]]'.
2025-08-29 15:28:23.059 +03:30 [INF] Executed action Api.Controllers.TestController.SeedHold (Api) in 51.3912ms
2025-08-29 15:28:23.065 +03:30 [INF] Executed endpoint 'Api.Controllers.TestController.SeedHold (Api)'
2025-08-29 15:28:23.069 +03:30 [INF] HTTP POST /api/test/seed/hold responded 200 in 72.0 ms
2025-08-29 15:28:23.071 +03:30 [INF] Request finished HTTP/1.1 POST http://localhost:5005/api/test/seed/hold - 200 null application/json; charset=utf-8 79.5358ms
2025-08-29 15:28:23.638 +03:30 [INF] Request starting HTTP/1.1 POST http://localhost:5005/api/test/seed/hold - application/json 82
2025-08-29 15:28:23.643 +03:30 [INF] Executing endpoint 'Api.Controllers.TestController.SeedHold (Api)'
2025-08-29 15:28:23.650 +03:30 [INF] Route matched with {action = "SeedHold", controller = "Test"}. Executing controller action with signature Microsoft.AspNetCore.Mvc.IActionResult SeedHold(SeedReq) on controller Api.Controllers.TestController (Api).
2025-08-29 15:28:23.654 +03:30 [INF] Executing action method Api.Controllers.TestController.SeedHold (Api) - Validation state: "Valid"
2025-08-29 15:28:23.655 +03:30 [INF] Executed action method Api.Controllers.TestController.SeedHold (Api), returned result Microsoft.AspNetCore.Mvc.OkObjectResult in 0.0194ms.
2025-08-29 15:28:23.657 +03:30 [INF] Executing OkObjectResult, writing value of type '<>f__AnonymousType2`4[[System.String, System.Private.CoreLib, Version=9.0.0.0, Culture=neutral, PublicKeyToken=7cec85d7bea7798e],[System.String, System.Private.CoreLib, Version=9.0.0.0, Culture=neutral, PublicKeyToken=7cec85d7bea7798e],[System.String, System.Private.CoreLib, Version=9.0.0.0, Culture=neutral, PublicKeyToken=7cec85d7bea7798e],[System.Int32, System.Private.CoreLib, Version=9.0.0.0, Culture=neutral, PublicKeyToken=7cec85d7bea7798e]]'.
2025-08-29 15:28:23.660 +03:30 [INF] Executed action Api.Controllers.TestController.SeedHold (Api) in 6.961ms
2025-08-29 15:28:23.671 +03:30 [INF] Executed endpoint 'Api.Controllers.TestController.SeedHold (Api)'
2025-08-29 15:28:23.675 +03:30 [INF] HTTP POST /api/test/seed/hold responded 200 in 31.9 ms
2025-08-29 15:28:23.677 +03:30 [INF] Request finished HTTP/1.1 POST http://localhost:5005/api/test/seed/hold - 200 null application/json; charset=utf-8 38.5957ms
2025-08-29 15:28:23.905 +03:30 [INF] Request starting HTTP/1.1 POST http://localhost:5005/api/test/seed/hold - application/json 82
2025-08-29 15:28:23.909 +03:30 [INF] Executing endpoint 'Api.Controllers.TestController.SeedHold (Api)'
2025-08-29 15:28:23.910 +03:30 [INF] Route matched with {action = "SeedHold", controller = "Test"}. Executing controller action with signature Microsoft.AspNetCore.Mvc.IActionResult SeedHold(SeedReq) on controller Api.Controllers.TestController (Api).
2025-08-29 15:28:23.914 +03:30 [INF] Executing action method Api.Controllers.TestController.SeedHold (Api) - Validation state: "Valid"
2025-08-29 15:28:23.920 +03:30 [INF] Executed action method Api.Controllers.TestController.SeedHold (Api), returned result Microsoft.AspNetCore.Mvc.OkObjectResult in 0.0157ms.
2025-08-29 15:28:23.921 +03:30 [INF] Executing OkObjectResult, writing value of type '<>f__AnonymousType2`4[[System.String, System.Private.CoreLib, Version=9.0.0.0, Culture=neutral, PublicKeyToken=7cec85d7bea7798e],[System.String, System.Private.CoreLib, Version=9.0.0.0, Culture=neutral, PublicKeyToken=7cec85d7bea7798e],[System.String, System.Private.CoreLib, Version=9.0.0.0, Culture=neutral, PublicKeyToken=7cec85d7bea7798e],[System.Int32, System.Private.CoreLib, Version=9.0.0.0, Culture=neutral, PublicKeyToken=7cec85d7bea7798e]]'.
2025-08-29 15:28:23.938 +03:30 [INF] Executed action Api.Controllers.TestController.SeedHold (Api) in 23.9058ms
2025-08-29 15:28:23.955 +03:30 [INF] Executed endpoint 'Api.Controllers.TestController.SeedHold (Api)'
2025-08-29 15:28:23.956 +03:30 [INF] HTTP POST /api/test/seed/hold responded 200 in 46.9 ms
2025-08-29 15:28:23.958 +03:30 [INF] Request finished HTTP/1.1 POST http://localhost:5005/api/test/seed/hold - 200 null application/json; charset=utf-8 53.3121ms
2025-08-29 15:28:24.091 +03:30 [INF] Request starting HTTP/1.1 POST http://localhost:5005/api/test/seed/hold - application/json 82
2025-08-29 15:28:24.105 +03:30 [INF] Executing endpoint 'Api.Controllers.TestController.SeedHold (Api)'
2025-08-29 15:28:24.113 +03:30 [INF] Route matched with {action = "SeedHold", controller = "Test"}. Executing controller action with signature Microsoft.AspNetCore.Mvc.IActionResult SeedHold(SeedReq) on controller Api.Controllers.TestController (Api).
2025-08-29 15:28:24.117 +03:30 [INF] Executing action method Api.Controllers.TestController.SeedHold (Api) - Validation state: "Valid"
2025-08-29 15:28:24.120 +03:30 [INF] Executed action method Api.Controllers.TestController.SeedHold (Api), returned result Microsoft.AspNetCore.Mvc.OkObjectResult in 0.0169ms.
2025-08-29 15:28:24.122 +03:30 [INF] Executing OkObjectResult, writing value of type '<>f__AnonymousType2`4[[System.String, System.Private.CoreLib, Version=9.0.0.0, Culture=neutral, PublicKeyToken=7cec85d7bea7798e],[System.String, System.Private.CoreLib, Version=9.0.0.0, Culture=neutral, PublicKeyToken=7cec85d7bea7798e],[System.String, System.Private.CoreLib, Version=9.0.0.0, Culture=neutral, PublicKeyToken=7cec85d7bea7798e],[System.Int32, System.Private.CoreLib, Version=9.0.0.0, Culture=neutral, PublicKeyToken=7cec85d7bea7798e]]'.
2025-08-29 15:28:24.125 +03:30 [INF] Executed action Api.Controllers.TestController.SeedHold (Api) in 8.9168ms
2025-08-29 15:28:24.136 +03:30 [INF] Executed endpoint 'Api.Controllers.TestController.SeedHold (Api)'
2025-08-29 15:28:24.138 +03:30 [INF] HTTP POST /api/test/seed/hold responded 200 in 33.7 ms
2025-08-29 15:28:24.143 +03:30 [INF] Request finished HTTP/1.1 POST http://localhost:5005/api/test/seed/hold - 200 null application/json; charset=utf-8 52.8226ms
2025-08-29 15:28:24.232 +03:30 [INF] Request starting HTTP/1.1 POST http://localhost:5005/api/test/seed/hold - application/json 82
2025-08-29 15:28:24.259 +03:30 [INF] Executing endpoint 'Api.Controllers.TestController.SeedHold (Api)'
2025-08-29 15:28:24.270 +03:30 [INF] Route matched with {action = "SeedHold", controller = "Test"}. Executing controller action with signature Microsoft.AspNetCore.Mvc.IActionResult SeedHold(SeedReq) on controller Api.Controllers.TestController (Api).
2025-08-29 15:28:24.273 +03:30 [INF] Executing action method Api.Controllers.TestController.SeedHold (Api) - Validation state: "Valid"
2025-08-29 15:28:24.278 +03:30 [INF] Executed action method Api.Controllers.TestController.SeedHold (Api), returned result Microsoft.AspNetCore.Mvc.OkObjectResult in 0.0183ms.
2025-08-29 15:28:24.285 +03:30 [INF] Executing OkObjectResult, writing value of type '<>f__AnonymousType2`4[[System.String, System.Private.CoreLib, Version=9.0.0.0, Culture=neutral, PublicKeyToken=7cec85d7bea7798e],[System.String, System.Private.CoreLib, Version=9.0.0.0, Culture=neutral, PublicKeyToken=7cec85d7bea7798e],[System.String, System.Private.CoreLib, Version=9.0.0.0, Culture=neutral, PublicKeyToken=7cec85d7bea7798e],[System.Int32, System.Private.CoreLib, Version=9.0.0.0, Culture=neutral, PublicKeyToken=7cec85d7bea7798e]]'.
2025-08-29 15:28:24.288 +03:30 [INF] Executed action Api.Controllers.TestController.SeedHold (Api) in 15.4682ms
2025-08-29 15:28:24.293 +03:30 [INF] Executed endpoint 'Api.Controllers.TestController.SeedHold (Api)'
2025-08-29 15:28:24.295 +03:30 [INF] HTTP POST /api/test/seed/hold responded 200 in 35.8 ms
2025-08-29 15:28:24.300 +03:30 [INF] Request finished HTTP/1.1 POST http://localhost:5005/api/test/seed/hold - 200 null application/json; charset=utf-8 68.6967ms
2025-08-29 15:28:24.397 +03:30 [INF] Request starting HTTP/1.1 POST http://localhost:5005/api/test/seed/hold - application/json 82
2025-08-29 15:28:24.408 +03:30 [INF] Executing endpoint 'Api.Controllers.TestController.SeedHold (Api)'
2025-08-29 15:28:24.421 +03:30 [INF] Route matched with {action = "SeedHold", controller = "Test"}. Executing controller action with signature Microsoft.AspNetCore.Mvc.IActionResult SeedHold(SeedReq) on controller Api.Controllers.TestController (Api).
2025-08-29 15:28:24.425 +03:30 [INF] Executing action method Api.Controllers.TestController.SeedHold (Api) - Validation state: "Valid"
2025-08-29 15:28:24.427 +03:30 [INF] Executed action method Api.Controllers.TestController.SeedHold (Api), returned result Microsoft.AspNetCore.Mvc.OkObjectResult in 0.0205ms.
2025-08-29 15:28:24.440 +03:30 [INF] Executing OkObjectResult, writing value of type '<>f__AnonymousType2`4[[System.String, System.Private.CoreLib, Version=9.0.0.0, Culture=neutral, PublicKeyToken=7cec85d7bea7798e],[System.String, System.Private.CoreLib, Version=9.0.0.0, Culture=neutral, PublicKeyToken=7cec85d7bea7798e],[System.String, System.Private.CoreLib, Version=9.0.0.0, Culture=neutral, PublicKeyToken=7cec85d7bea7798e],[System.Int32, System.Private.CoreLib, Version=9.0.0.0, Culture=neutral, PublicKeyToken=7cec85d7bea7798e]]'.
2025-08-29 15:28:24.444 +03:30 [INF] Executed action Api.Controllers.TestController.SeedHold (Api) in 19.3535ms
2025-08-29 15:28:24.454 +03:30 [INF] Executed endpoint 'Api.Controllers.TestController.SeedHold (Api)'
2025-08-29 15:28:24.456 +03:30 [INF] HTTP POST /api/test/seed/hold responded 200 in 48.7 ms
2025-08-29 15:28:24.458 +03:30 [INF] Request finished HTTP/1.1 POST http://localhost:5005/api/test/seed/hold - 200 null application/json; charset=utf-8 60.9085ms
2025-08-29 15:28:24.549 +03:30 [INF] Request starting HTTP/1.1 POST http://localhost:5005/api/test/seed/hold - application/json 82
2025-08-29 15:28:24.568 +03:30 [INF] Executing endpoint 'Api.Controllers.TestController.SeedHold (Api)'
2025-08-29 15:28:24.570 +03:30 [INF] Route matched with {action = "SeedHold", controller = "Test"}. Executing controller action with signature Microsoft.AspNetCore.Mvc.IActionResult SeedHold(SeedReq) on controller Api.Controllers.TestController (Api).
2025-08-29 15:28:24.576 +03:30 [INF] Executing action method Api.Controllers.TestController.SeedHold (Api) - Validation state: "Valid"
2025-08-29 15:28:24.578 +03:30 [INF] Executed action method Api.Controllers.TestController.SeedHold (Api), returned result Microsoft.AspNetCore.Mvc.OkObjectResult in 0.0359ms.
2025-08-29 15:28:24.587 +03:30 [INF] Executing OkObjectResult, writing value of type '<>f__AnonymousType2`4[[System.String, System.Private.CoreLib, Version=9.0.0.0, Culture=neutral, PublicKeyToken=7cec85d7bea7798e],[System.String, System.Private.CoreLib, Version=9.0.0.0, Culture=neutral, PublicKeyToken=7cec85d7bea7798e],[System.String, System.Private.CoreLib, Version=9.0.0.0, Culture=neutral, PublicKeyToken=7cec85d7bea7798e],[System.Int32, System.Private.CoreLib, Version=9.0.0.0, Culture=neutral, PublicKeyToken=7cec85d7bea7798e]]'.
2025-08-29 15:28:24.589 +03:30 [INF] Executed action Api.Controllers.TestController.SeedHold (Api) in 13.0296ms
2025-08-29 15:28:24.608 +03:30 [INF] Executed endpoint 'Api.Controllers.TestController.SeedHold (Api)'
2025-08-29 15:28:24.611 +03:30 [INF] HTTP POST /api/test/seed/hold responded 200 in 42.5 ms
2025-08-29 15:28:24.620 +03:30 [INF] Request finished HTTP/1.1 POST http://localhost:5005/api/test/seed/hold - 200 null application/json; charset=utf-8 70.6001ms
2025-08-29 15:28:24.701 +03:30 [INF] Request starting HTTP/1.1 POST http://localhost:5005/api/test/seed/hold - application/json 82
2025-08-29 15:28:24.707 +03:30 [INF] Executing endpoint 'Api.Controllers.TestController.SeedHold (Api)'
2025-08-29 15:28:24.720 +03:30 [INF] Route matched with {action = "SeedHold", controller = "Test"}. Executing controller action with signature Microsoft.AspNetCore.Mvc.IActionResult SeedHold(SeedReq) on controller Api.Controllers.TestController (Api).
2025-08-29 15:28:24.723 +03:30 [INF] Executing action method Api.Controllers.TestController.SeedHold (Api) - Validation state: "Valid"
2025-08-29 15:28:24.724 +03:30 [INF] Executed action method Api.Controllers.TestController.SeedHold (Api), returned result Microsoft.AspNetCore.Mvc.OkObjectResult in 0.0159ms.
2025-08-29 15:28:24.736 +03:30 [INF] Executing OkObjectResult, writing value of type '<>f__AnonymousType2`4[[System.String, System.Private.CoreLib, Version=9.0.0.0, Culture=neutral, PublicKeyToken=7cec85d7bea7798e],[System.String, System.Private.CoreLib, Version=9.0.0.0, Culture=neutral, PublicKeyToken=7cec85d7bea7798e],[System.String, System.Private.CoreLib, Version=9.0.0.0, Culture=neutral, PublicKeyToken=7cec85d7bea7798e],[System.Int32, System.Private.CoreLib, Version=9.0.0.0, Culture=neutral, PublicKeyToken=7cec85d7bea7798e]]'.
2025-08-29 15:28:24.738 +03:30 [INF] Executed action Api.Controllers.TestController.SeedHold (Api) in 15.5834ms
2025-08-29 15:28:24.741 +03:30 [INF] Executed endpoint 'Api.Controllers.TestController.SeedHold (Api)'
2025-08-29 15:28:24.743 +03:30 [INF] HTTP POST /api/test/seed/hold responded 200 in 35.8 ms
2025-08-29 15:28:24.749 +03:30 [INF] Request finished HTTP/1.1 POST http://localhost:5005/api/test/seed/hold - 200 null application/json; charset=utf-8 47.5144ms
2025-08-29 15:28:24.871 +03:30 [INF] Request starting HTTP/1.1 POST http://localhost:5005/api/test/seed/hold - application/json 82
2025-08-29 15:28:24.885 +03:30 [INF] Executing endpoint 'Api.Controllers.TestController.SeedHold (Api)'
2025-08-29 15:28:24.888 +03:30 [INF] Route matched with {action = "SeedHold", controller = "Test"}. Executing controller action with signature Microsoft.AspNetCore.Mvc.IActionResult SeedHold(SeedReq) on controller Api.Controllers.TestController (Api).
2025-08-29 15:28:24.893 +03:30 [INF] Executing action method Api.Controllers.TestController.SeedHold (Api) - Validation state: "Valid"
2025-08-29 15:28:24.901 +03:30 [INF] Executed action method Api.Controllers.TestController.SeedHold (Api), returned result Microsoft.AspNetCore.Mvc.OkObjectResult in 0.0175ms.
2025-08-29 15:28:24.904 +03:30 [INF] Executing OkObjectResult, writing value of type '<>f__AnonymousType2`4[[System.String, System.Private.CoreLib, Version=9.0.0.0, Culture=neutral, PublicKeyToken=7cec85d7bea7798e],[System.String, System.Private.CoreLib, Version=9.0.0.0, Culture=neutral, PublicKeyToken=7cec85d7bea7798e],[System.String, System.Private.CoreLib, Version=9.0.0.0, Culture=neutral, PublicKeyToken=7cec85d7bea7798e],[System.Int32, System.Private.CoreLib, Version=9.0.0.0, Culture=neutral, PublicKeyToken=7cec85d7bea7798e]]'.
2025-08-29 15:28:24.906 +03:30 [INF] Executed action Api.Controllers.TestController.SeedHold (Api) in 13.5437ms
2025-08-29 15:28:24.910 +03:30 [INF] Executed endpoint 'Api.Controllers.TestController.SeedHold (Api)'
2025-08-29 15:28:24.921 +03:30 [INF] HTTP POST /api/test/seed/hold responded 200 in 36.2 ms
2025-08-29 15:28:24.925 +03:30 [INF] Request finished HTTP/1.1 POST http://localhost:5005/api/test/seed/hold - 200 null application/json; charset=utf-8 53.9557ms
2025-08-29 15:28:25.027 +03:30 [INF] Request starting HTTP/1.1 POST http://localhost:5005/api/test/seed/hold - application/json 82
2025-08-29 15:28:25.056 +03:30 [INF] Executing endpoint 'Api.Controllers.TestController.SeedHold (Api)'
2025-08-29 15:28:25.058 +03:30 [INF] Route matched with {action = "SeedHold", controller = "Test"}. Executing controller action with signature Microsoft.AspNetCore.Mvc.IActionResult SeedHold(SeedReq) on controller Api.Controllers.TestController (Api).
2025-08-29 15:28:25.069 +03:30 [INF] Executing action method Api.Controllers.TestController.SeedHold (Api) - Validation state: "Valid"
2025-08-29 15:28:25.076 +03:30 [INF] Executed action method Api.Controllers.TestController.SeedHold (Api), returned result Microsoft.AspNetCore.Mvc.OkObjectResult in 0.0144ms.
2025-08-29 15:28:25.083 +03:30 [INF] Executing OkObjectResult, writing value of type '<>f__AnonymousType2`4[[System.String, System.Private.CoreLib, Version=9.0.0.0, Culture=neutral, PublicKeyToken=7cec85d7bea7798e],[System.String, System.Private.CoreLib, Version=9.0.0.0, Culture=neutral, PublicKeyToken=7cec85d7bea7798e],[System.String, System.Private.CoreLib, Version=9.0.0.0, Culture=neutral, PublicKeyToken=7cec85d7bea7798e],[System.Int32, System.Private.CoreLib, Version=9.0.0.0, Culture=neutral, PublicKeyToken=7cec85d7bea7798e]]'.
2025-08-29 15:28:25.086 +03:30 [INF] Executed action Api.Controllers.TestController.SeedHold (Api) in 24.931ms
2025-08-29 15:28:25.108 +03:30 [INF] Executed endpoint 'Api.Controllers.TestController.SeedHold (Api)'
2025-08-29 15:28:25.109 +03:30 [INF] HTTP POST /api/test/seed/hold responded 200 in 53.5 ms
2025-08-29 15:28:25.117 +03:30 [INF] Request finished HTTP/1.1 POST http://localhost:5005/api/test/seed/hold - 200 null application/json; charset=utf-8 89.8108ms
2025-08-29 15:28:31.350 +03:30 [INF] Request starting HTTP/1.1 POST http://localhost:5005/api/test/seed/buy - application/json 82
2025-08-29 15:28:31.354 +03:30 [INF] Executing endpoint 'Api.Controllers.TestController.SeedBuy (Api)'
2025-08-29 15:28:31.360 +03:30 [INF] Route matched with {action = "SeedBuy", controller = "Test"}. Executing controller action with signature Microsoft.AspNetCore.Mvc.IActionResult SeedBuy(SeedReq) on controller Api.Controllers.TestController (Api).
2025-08-29 15:28:31.363 +03:30 [INF] Executing action method Api.Controllers.TestController.SeedBuy (Api) - Validation state: "Valid"
2025-08-29 15:28:31.370 +03:30 [INF] Executed action method Api.Controllers.TestController.SeedBuy (Api), returned result Microsoft.AspNetCore.Mvc.OkObjectResult in 4.5809ms.
2025-08-29 15:28:31.373 +03:30 [INF] Executing OkObjectResult, writing value of type '<>f__AnonymousType2`4[[System.String, System.Private.CoreLib, Version=9.0.0.0, Culture=neutral, PublicKeyToken=7cec85d7bea7798e],[System.String, System.Private.CoreLib, Version=9.0.0.0, Culture=neutral, PublicKeyToken=7cec85d7bea7798e],[System.String, System.Private.CoreLib, Version=9.0.0.0, Culture=neutral, PublicKeyToken=7cec85d7bea7798e],[System.Int32, System.Private.CoreLib, Version=9.0.0.0, Culture=neutral, PublicKeyToken=7cec85d7bea7798e]]'.
2025-08-29 15:28:31.375 +03:30 [INF] Executed action Api.Controllers.TestController.SeedBuy (Api) in 12.1882ms
2025-08-29 15:28:31.377 +03:30 [INF] Executed endpoint 'Api.Controllers.TestController.SeedBuy (Api)'
2025-08-29 15:28:31.381 +03:30 [INF] HTTP POST /api/test/seed/buy responded 200 in 27.7 ms
2025-08-29 15:28:31.384 +03:30 [INF] Request finished HTTP/1.1 POST http://localhost:5005/api/test/seed/buy - 200 null application/json; charset=utf-8 33.9617ms
2025-08-29 15:28:31.519 +03:30 [INF] Request starting HTTP/1.1 POST http://localhost:5005/api/test/seed/buy - application/json 82
2025-08-29 15:28:31.526 +03:30 [INF] Executing endpoint 'Api.Controllers.TestController.SeedBuy (Api)'
2025-08-29 15:28:31.533 +03:30 [INF] Route matched with {action = "SeedBuy", controller = "Test"}. Executing controller action with signature Microsoft.AspNetCore.Mvc.IActionResult SeedBuy(SeedReq) on controller Api.Controllers.TestController (Api).
2025-08-29 15:28:31.540 +03:30 [INF] Executing action method Api.Controllers.TestController.SeedBuy (Api) - Validation state: "Valid"
2025-08-29 15:28:31.551 +03:30 [INF] Executed action method Api.Controllers.TestController.SeedBuy (Api), returned result Microsoft.AspNetCore.Mvc.OkObjectResult in 0.0731ms.
2025-08-29 15:28:31.553 +03:30 [INF] Executing OkObjectResult, writing value of type '<>f__AnonymousType2`4[[System.String, System.Private.CoreLib, Version=9.0.0.0, Culture=neutral, PublicKeyToken=7cec85d7bea7798e],[System.String, System.Private.CoreLib, Version=9.0.0.0, Culture=neutral, PublicKeyToken=7cec85d7bea7798e],[System.String, System.Private.CoreLib, Version=9.0.0.0, Culture=neutral, PublicKeyToken=7cec85d7bea7798e],[System.Int32, System.Private.CoreLib, Version=9.0.0.0, Culture=neutral, PublicKeyToken=7cec85d7bea7798e]]'.
2025-08-29 15:28:31.557 +03:30 [INF] Executed action Api.Controllers.TestController.SeedBuy (Api) in 17.1482ms
2025-08-29 15:28:31.559 +03:30 [INF] Executed endpoint 'Api.Controllers.TestController.SeedBuy (Api)'
2025-08-29 15:28:31.565 +03:30 [INF] HTTP POST /api/test/seed/buy responded 200 in 39.0 ms
2025-08-29 15:28:31.567 +03:30 [INF] Request finished HTTP/1.1 POST http://localhost:5005/api/test/seed/buy - 200 null application/json; charset=utf-8 47.8728ms
2025-08-29 15:28:31.660 +03:30 [INF] Request starting HTTP/1.1 POST http://localhost:5005/api/test/seed/buy - application/json 82
2025-08-29 15:28:31.670 +03:30 [INF] Executing endpoint 'Api.Controllers.TestController.SeedBuy (Api)'
2025-08-29 15:28:31.671 +03:30 [INF] Route matched with {action = "SeedBuy", controller = "Test"}. Executing controller action with signature Microsoft.AspNetCore.Mvc.IActionResult SeedBuy(SeedReq) on controller Api.Controllers.TestController (Api).
2025-08-29 15:28:31.674 +03:30 [INF] Executing action method Api.Controllers.TestController.SeedBuy (Api) - Validation state: "Valid"
2025-08-29 15:28:31.676 +03:30 [INF] Executed action method Api.Controllers.TestController.SeedBuy (Api), returned result Microsoft.AspNetCore.Mvc.OkObjectResult in 0.045ms.
2025-08-29 15:28:31.680 +03:30 [INF] Executing OkObjectResult, writing value of type '<>f__AnonymousType2`4[[System.String, System.Private.CoreLib, Version=9.0.0.0, Culture=neutral, PublicKeyToken=7cec85d7bea7798e],[System.String, System.Private.CoreLib, Version=9.0.0.0, Culture=neutral, PublicKeyToken=7cec85d7bea7798e],[System.String, System.Private.CoreLib, Version=9.0.0.0, Culture=neutral, PublicKeyToken=7cec85d7bea7798e],[System.Int32, System.Private.CoreLib, Version=9.0.0.0, Culture=neutral, PublicKeyToken=7cec85d7bea7798e]]'.
2025-08-29 15:28:31.683 +03:30 [INF] Executed action Api.Controllers.TestController.SeedBuy (Api) in 8.963ms
2025-08-29 15:28:31.691 +03:30 [INF] Executed endpoint 'Api.Controllers.TestController.SeedBuy (Api)'
2025-08-29 15:28:31.693 +03:30 [INF] HTTP POST /api/test/seed/buy responded 200 in 23.3 ms
2025-08-29 15:28:31.697 +03:30 [INF] Request finished HTTP/1.1 POST http://localhost:5005/api/test/seed/buy - 200 null application/json; charset=utf-8 37.3566ms
2025-08-29 15:28:31.814 +03:30 [INF] Request starting HTTP/1.1 POST http://localhost:5005/api/test/seed/buy - application/json 82
2025-08-29 15:28:31.820 +03:30 [INF] Executing endpoint 'Api.Controllers.TestController.SeedBuy (Api)'
2025-08-29 15:28:31.821 +03:30 [INF] Route matched with {action = "SeedBuy", controller = "Test"}. Executing controller action with signature Microsoft.AspNetCore.Mvc.IActionResult SeedBuy(SeedReq) on controller Api.Controllers.TestController (Api).
2025-08-29 15:28:31.824 +03:30 [INF] Executing action method Api.Controllers.TestController.SeedBuy (Api) - Validation state: "Valid"
2025-08-29 15:28:31.834 +03:30 [INF] Executed action method Api.Controllers.TestController.SeedBuy (Api), returned result Microsoft.AspNetCore.Mvc.OkObjectResult in 0.0978ms.
2025-08-29 15:28:31.840 +03:30 [INF] Executing OkObjectResult, writing value of type '<>f__AnonymousType2`4[[System.String, System.Private.CoreLib, Version=9.0.0.0, Culture=neutral, PublicKeyToken=7cec85d7bea7798e],[System.String, System.Private.CoreLib, Version=9.0.0.0, Culture=neutral, PublicKeyToken=7cec85d7bea7798e],[System.String, System.Private.CoreLib, Version=9.0.0.0, Culture=neutral, PublicKeyToken=7cec85d7bea7798e],[System.Int32, System.Private.CoreLib, Version=9.0.0.0, Culture=neutral, PublicKeyToken=7cec85d7bea7798e]]'.
2025-08-29 15:28:31.857 +03:30 [INF] Executed action Api.Controllers.TestController.SeedBuy (Api) in 33.0027ms
2025-08-29 15:28:31.868 +03:30 [INF] Executed endpoint 'Api.Controllers.TestController.SeedBuy (Api)'
2025-08-29 15:28:31.869 +03:30 [INF] HTTP POST /api/test/seed/buy responded 200 in 50.0 ms
2025-08-29 15:28:31.875 +03:30 [INF] Request finished HTTP/1.1 POST http://localhost:5005/api/test/seed/buy - 200 null application/json; charset=utf-8 60.8273ms
2025-08-29 15:28:31.954 +03:30 [INF] Request starting HTTP/1.1 POST http://localhost:5005/api/test/seed/buy - application/json 82
2025-08-29 15:28:32.014 +03:30 [INF] Executing endpoint 'Api.Controllers.TestController.SeedBuy (Api)'
2025-08-29 15:28:32.016 +03:30 [INF] Route matched with {action = "SeedBuy", controller = "Test"}. Executing controller action with signature Microsoft.AspNetCore.Mvc.IActionResult SeedBuy(SeedReq) on controller Api.Controllers.TestController (Api).
2025-08-29 15:28:32.019 +03:30 [INF] Executing action method Api.Controllers.TestController.SeedBuy (Api) - Validation state: "Valid"
2025-08-29 15:28:32.021 +03:30 [INF] Executed action method Api.Controllers.TestController.SeedBuy (Api), returned result Microsoft.AspNetCore.Mvc.OkObjectResult in 0.0504ms.
2025-08-29 15:28:32.024 +03:30 [INF] Executing OkObjectResult, writing value of type '<>f__AnonymousType2`4[[System.String, System.Private.CoreLib, Version=9.0.0.0, Culture=neutral, PublicKeyToken=7cec85d7bea7798e],[System.String, System.Private.CoreLib, Version=9.0.0.0, Culture=neutral, PublicKeyToken=7cec85d7bea7798e],[System.String, System.Private.CoreLib, Version=9.0.0.0, Culture=neutral, PublicKeyToken=7cec85d7bea7798e],[System.Int32, System.Private.CoreLib, Version=9.0.0.0, Culture=neutral, PublicKeyToken=7cec85d7bea7798e]]'.
2025-08-29 15:28:32.026 +03:30 [INF] Executed action Api.Controllers.TestController.SeedBuy (Api) in 7.4224ms
2025-08-29 15:28:32.042 +03:30 [INF] Executed endpoint 'Api.Controllers.TestController.SeedBuy (Api)'
2025-08-29 15:28:32.044 +03:30 [INF] HTTP POST /api/test/seed/buy responded 200 in 29.3 ms
2025-08-29 15:28:32.064 +03:30 [INF] Request starting HTTP/1.1 POST http://localhost:5005/api/test/seed/buy - application/json 82
2025-08-29 15:28:32.073 +03:30 [INF] Request finished HTTP/1.1 POST http://localhost:5005/api/test/seed/buy - 200 null application/json; charset=utf-8 119.5662ms
2025-08-29 15:28:32.075 +03:30 [INF] Executing endpoint 'Api.Controllers.TestController.SeedBuy (Api)'
2025-08-29 15:28:32.090 +03:30 [INF] Route matched with {action = "SeedBuy", controller = "Test"}. Executing controller action with signature Microsoft.AspNetCore.Mvc.IActionResult SeedBuy(SeedReq) on controller Api.Controllers.TestController (Api).
2025-08-29 15:28:32.092 +03:30 [INF] Executing action method Api.Controllers.TestController.SeedBuy (Api) - Validation state: "Valid"
2025-08-29 15:28:32.094 +03:30 [INF] Executed action method Api.Controllers.TestController.SeedBuy (Api), returned result Microsoft.AspNetCore.Mvc.OkObjectResult in 0.0538ms.
2025-08-29 15:28:32.101 +03:30 [INF] Executing OkObjectResult, writing value of type '<>f__AnonymousType2`4[[System.String, System.Private.CoreLib, Version=9.0.0.0, Culture=neutral, PublicKeyToken=7cec85d7bea7798e],[System.String, System.Private.CoreLib, Version=9.0.0.0, Culture=neutral, PublicKeyToken=7cec85d7bea7798e],[System.String, System.Private.CoreLib, Version=9.0.0.0, Culture=neutral, PublicKeyToken=7cec85d7bea7798e],[System.Int32, System.Private.CoreLib, Version=9.0.0.0, Culture=neutral, PublicKeyToken=7cec85d7bea7798e]]'.
2025-08-29 15:28:32.103 +03:30 [INF] Executed action Api.Controllers.TestController.SeedBuy (Api) in 10.7485ms
2025-08-29 15:28:32.107 +03:30 [INF] Executed endpoint 'Api.Controllers.TestController.SeedBuy (Api)'
2025-08-29 15:28:32.108 +03:30 [INF] HTTP POST /api/test/seed/buy responded 200 in 33.3 ms
2025-08-29 15:28:32.110 +03:30 [INF] Request finished HTTP/1.1 POST http://localhost:5005/api/test/seed/buy - 200 null application/json; charset=utf-8 46.4503ms
2025-08-29 15:28:32.247 +03:30 [INF] Request starting HTTP/1.1 POST http://localhost:5005/api/test/seed/buy - application/json 82
2025-08-29 15:28:32.257 +03:30 [INF] Executing endpoint 'Api.Controllers.TestController.SeedBuy (Api)'
2025-08-29 15:28:32.259 +03:30 [INF] Route matched with {action = "SeedBuy", controller = "Test"}. Executing controller action with signature Microsoft.AspNetCore.Mvc.IActionResult SeedBuy(SeedReq) on controller Api.Controllers.TestController (Api).
2025-08-29 15:28:32.262 +03:30 [INF] Executing action method Api.Controllers.TestController.SeedBuy (Api) - Validation state: "Valid"
2025-08-29 15:28:32.263 +03:30 [INF] Executed action method Api.Controllers.TestController.SeedBuy (Api), returned result Microsoft.AspNetCore.Mvc.OkObjectResult in 0.0533ms.
2025-08-29 15:28:32.266 +03:30 [INF] Executing OkObjectResult, writing value of type '<>f__AnonymousType2`4[[System.String, System.Private.CoreLib, Version=9.0.0.0, Culture=neutral, PublicKeyToken=7cec85d7bea7798e],[System.String, System.Private.CoreLib, Version=9.0.0.0, Culture=neutral, PublicKeyToken=7cec85d7bea7798e],[System.String, System.Private.CoreLib, Version=9.0.0.0, Culture=neutral, PublicKeyToken=7cec85d7bea7798e],[System.Int32, System.Private.CoreLib, Version=9.0.0.0, Culture=neutral, PublicKeyToken=7cec85d7bea7798e]]'.
2025-08-29 15:28:32.268 +03:30 [INF] Executed action Api.Controllers.TestController.SeedBuy (Api) in 6.4611ms
2025-08-29 15:28:32.287 +03:30 [INF] Executed endpoint 'Api.Controllers.TestController.SeedBuy (Api)'
2025-08-29 15:28:32.288 +03:30 [INF] HTTP POST /api/test/seed/buy responded 200 in 31.7 ms
2025-08-29 15:28:32.291 +03:30 [INF] Request finished HTTP/1.1 POST http://localhost:5005/api/test/seed/buy - 200 null application/json; charset=utf-8 44.2203ms
2025-08-29 15:28:32.373 +03:30 [INF] Request starting HTTP/1.1 POST http://localhost:5005/api/test/seed/buy - application/json 82
2025-08-29 15:28:32.377 +03:30 [INF] Executing endpoint 'Api.Controllers.TestController.SeedBuy (Api)'
2025-08-29 15:28:32.379 +03:30 [INF] Route matched with {action = "SeedBuy", controller = "Test"}. Executing controller action with signature Microsoft.AspNetCore.Mvc.IActionResult SeedBuy(SeedReq) on controller Api.Controllers.TestController (Api).
2025-08-29 15:28:32.381 +03:30 [INF] Executing action method Api.Controllers.TestController.SeedBuy (Api) - Validation state: "Valid"
2025-08-29 15:28:32.384 +03:30 [INF] Executed action method Api.Controllers.TestController.SeedBuy (Api), returned result Microsoft.AspNetCore.Mvc.OkObjectResult in 0.0389ms.
2025-08-29 15:28:32.386 +03:30 [INF] Executing OkObjectResult, writing value of type '<>f__AnonymousType2`4[[System.String, System.Private.CoreLib, Version=9.0.0.0, Culture=neutral, PublicKeyToken=7cec85d7bea7798e],[System.String, System.Private.CoreLib, Version=9.0.0.0, Culture=neutral, PublicKeyToken=7cec85d7bea7798e],[System.String, System.Private.CoreLib, Version=9.0.0.0, Culture=neutral, PublicKeyToken=7cec85d7bea7798e],[System.Int32, System.Private.CoreLib, Version=9.0.0.0, Culture=neutral, PublicKeyToken=7cec85d7bea7798e]]'.
2025-08-29 15:28:32.388 +03:30 [INF] Executed action Api.Controllers.TestController.SeedBuy (Api) in 7.0063ms
2025-08-29 15:28:32.394 +03:30 [INF] Executed endpoint 'Api.Controllers.TestController.SeedBuy (Api)'
2025-08-29 15:28:32.396 +03:30 [INF] HTTP POST /api/test/seed/buy responded 200 in 19.0 ms
2025-08-29 15:28:32.398 +03:30 [INF] Request finished HTTP/1.1 POST http://localhost:5005/api/test/seed/buy - 200 null application/json; charset=utf-8 25.1419ms
2025-08-29 15:28:32.503 +03:30 [INF] Request starting HTTP/1.1 POST http://localhost:5005/api/test/seed/buy - application/json 82
2025-08-29 15:28:32.530 +03:30 [INF] Executing endpoint 'Api.Controllers.TestController.SeedBuy (Api)'
2025-08-29 15:28:32.538 +03:30 [INF] Route matched with {action = "SeedBuy", controller = "Test"}. Executing controller action with signature Microsoft.AspNetCore.Mvc.IActionResult SeedBuy(SeedReq) on controller Api.Controllers.TestController (Api).
2025-08-29 15:28:32.541 +03:30 [INF] Executing action method Api.Controllers.TestController.SeedBuy (Api) - Validation state: "Valid"
2025-08-29 15:28:32.543 +03:30 [INF] Executed action method Api.Controllers.TestController.SeedBuy (Api), returned result Microsoft.AspNetCore.Mvc.OkObjectResult in 0.3157ms.
2025-08-29 15:28:32.553 +03:30 [INF] Executing OkObjectResult, writing value of type '<>f__AnonymousType2`4[[System.String, System.Private.CoreLib, Version=9.0.0.0, Culture=neutral, PublicKeyToken=7cec85d7bea7798e],[System.String, System.Private.CoreLib, Version=9.0.0.0, Culture=neutral, PublicKeyToken=7cec85d7bea7798e],[System.String, System.Private.CoreLib, Version=9.0.0.0, Culture=neutral, PublicKeyToken=7cec85d7bea7798e],[System.Int32, System.Private.CoreLib, Version=9.0.0.0, Culture=neutral, PublicKeyToken=7cec85d7bea7798e]]'.
2025-08-29 15:28:32.558 +03:30 [INF] Executed action Api.Controllers.TestController.SeedBuy (Api) in 17.6036ms
2025-08-29 15:28:32.572 +03:30 [INF] Executed endpoint 'Api.Controllers.TestController.SeedBuy (Api)'
2025-08-29 15:28:32.575 +03:30 [INF] HTTP POST /api/test/seed/buy responded 200 in 45.0 ms
2025-08-29 15:28:32.587 +03:30 [INF] Request finished HTTP/1.1 POST http://localhost:5005/api/test/seed/buy - 200 null application/json; charset=utf-8 83.7679ms
2025-08-29 15:28:32.697 +03:30 [INF] Request starting HTTP/1.1 POST http://localhost:5005/api/test/seed/buy - application/json 82
2025-08-29 15:28:32.702 +03:30 [INF] Executing endpoint 'Api.Controllers.TestController.SeedBuy (Api)'
2025-08-29 15:28:32.704 +03:30 [INF] Route matched with {action = "SeedBuy", controller = "Test"}. Executing controller action with signature Microsoft.AspNetCore.Mvc.IActionResult SeedBuy(SeedReq) on controller Api.Controllers.TestController (Api).
2025-08-29 15:28:32.707 +03:30 [INF] Executing action method Api.Controllers.TestController.SeedBuy (Api) - Validation state: "Valid"
2025-08-29 15:28:32.710 +03:30 [INF] Executed action method Api.Controllers.TestController.SeedBuy (Api), returned result Microsoft.AspNetCore.Mvc.OkObjectResult in 0.0544ms.
2025-08-29 15:28:32.724 +03:30 [INF] Executing OkObjectResult, writing value of type '<>f__AnonymousType2`4[[System.String, System.Private.CoreLib, Version=9.0.0.0, Culture=neutral, PublicKeyToken=7cec85d7bea7798e],[System.String, System.Private.CoreLib, Version=9.0.0.0, Culture=neutral, PublicKeyToken=7cec85d7bea7798e],[System.String, System.Private.CoreLib, Version=9.0.0.0, Culture=neutral, PublicKeyToken=7cec85d7bea7798e],[System.Int32, System.Private.CoreLib, Version=9.0.0.0, Culture=neutral, PublicKeyToken=7cec85d7bea7798e]]'.
2025-08-29 15:28:32.726 +03:30 [INF] Executed action Api.Controllers.TestController.SeedBuy (Api) in 19.3762ms
2025-08-29 15:28:32.752 +03:30 [INF] Executed endpoint 'Api.Controllers.TestController.SeedBuy (Api)'
2025-08-29 15:28:32.753 +03:30 [INF] HTTP POST /api/test/seed/buy responded 200 in 51.2 ms
2025-08-29 15:28:32.755 +03:30 [INF] Request finished HTTP/1.1 POST http://localhost:5005/api/test/seed/buy - 200 null application/json; charset=utf-8 57.9412ms
2025-08-29 15:28:32.870 +03:30 [INF] Request starting HTTP/1.1 POST http://localhost:5005/api/test/seed/buy - application/json 82
2025-08-29 15:28:32.874 +03:30 [INF] Executing endpoint 'Api.Controllers.TestController.SeedBuy (Api)'
2025-08-29 15:28:32.885 +03:30 [INF] Route matched with {action = "SeedBuy", controller = "Test"}. Executing controller action with signature Microsoft.AspNetCore.Mvc.IActionResult SeedBuy(SeedReq) on controller Api.Controllers.TestController (Api).
2025-08-29 15:28:32.887 +03:30 [INF] Executing action method Api.Controllers.TestController.SeedBuy (Api) - Validation state: "Valid"
2025-08-29 15:28:32.889 +03:30 [INF] Executed action method Api.Controllers.TestController.SeedBuy (Api), returned result Microsoft.AspNetCore.Mvc.OkObjectResult in 0.0538ms.
2025-08-29 15:28:32.895 +03:30 [INF] Executing OkObjectResult, writing value of type '<>f__AnonymousType2`4[[System.String, System.Private.CoreLib, Version=9.0.0.0, Culture=neutral, PublicKeyToken=7cec85d7bea7798e],[System.String, System.Private.CoreLib, Version=9.0.0.0, Culture=neutral, PublicKeyToken=7cec85d7bea7798e],[System.String, System.Private.CoreLib, Version=9.0.0.0, Culture=neutral, PublicKeyToken=7cec85d7bea7798e],[System.Int32, System.Private.CoreLib, Version=9.0.0.0, Culture=neutral, PublicKeyToken=7cec85d7bea7798e]]'.
2025-08-29 15:28:32.899 +03:30 [INF] Executed action Api.Controllers.TestController.SeedBuy (Api) in 12.2923ms
2025-08-29 15:28:32.902 +03:30 [INF] Executed endpoint 'Api.Controllers.TestController.SeedBuy (Api)'
2025-08-29 15:28:32.905 +03:30 [INF] HTTP POST /api/test/seed/buy responded 200 in 30.7 ms
2025-08-29 15:28:32.909 +03:30 [INF] Request finished HTTP/1.1 POST http://localhost:5005/api/test/seed/buy - 200 null application/json; charset=utf-8 39.0881ms
2025-08-29 15:31:28.343 +03:30 [INF] Request starting HTTP/1.1 POST http://localhost:5005/api/test/seed/sell - application/json 82
2025-08-29 15:31:28.347 +03:30 [INF] Executing endpoint 'Api.Controllers.TestController.SeedSell (Api)'
2025-08-29 15:31:28.357 +03:30 [INF] Route matched with {action = "SeedSell", controller = "Test"}. Executing controller action with signature Microsoft.AspNetCore.Mvc.IActionResult SeedSell(SeedReq) on controller Api.Controllers.TestController (Api).
2025-08-29 15:31:28.364 +03:30 [INF] Executing action method Api.Controllers.TestController.SeedSell (Api) - Validation state: "Valid"
2025-08-29 15:31:28.373 +03:30 [INF] Executed action method Api.Controllers.TestController.SeedSell (Api), returned result Microsoft.AspNetCore.Mvc.OkObjectResult in 4.2011ms.
2025-08-29 15:31:28.377 +03:30 [INF] Executing OkObjectResult, writing value of type '<>f__AnonymousType2`4[[System.String, System.Private.CoreLib, Version=9.0.0.0, Culture=neutral, PublicKeyToken=7cec85d7bea7798e],[System.String, System.Private.CoreLib, Version=9.0.0.0, Culture=neutral, PublicKeyToken=7cec85d7bea7798e],[System.String, System.Private.CoreLib, Version=9.0.0.0, Culture=neutral, PublicKeyToken=7cec85d7bea7798e],[System.Int32, System.Private.CoreLib, Version=9.0.0.0, Culture=neutral, PublicKeyToken=7cec85d7bea7798e]]'.
2025-08-29 15:31:28.379 +03:30 [INF] Executed action Api.Controllers.TestController.SeedSell (Api) in 16.9848ms
2025-08-29 15:31:28.382 +03:30 [INF] Executed endpoint 'Api.Controllers.TestController.SeedSell (Api)'
2025-08-29 15:31:28.384 +03:30 [INF] HTTP POST /api/test/seed/sell responded 200 in 36.8 ms
2025-08-29 15:31:28.391 +03:30 [INF] Request finished HTTP/1.1 POST http://localhost:5005/api/test/seed/sell - 200 null application/json; charset=utf-8 48.0019ms
2025-08-29 15:31:29.309 +03:30 [INF] Request starting HTTP/1.1 POST http://localhost:5005/api/test/seed/sell - application/json 82
2025-08-29 15:31:29.313 +03:30 [INF] Executing endpoint 'Api.Controllers.TestController.SeedSell (Api)'
2025-08-29 15:31:29.315 +03:30 [INF] Route matched with {action = "SeedSell", controller = "Test"}. Executing controller action with signature Microsoft.AspNetCore.Mvc.IActionResult SeedSell(SeedReq) on controller Api.Controllers.TestController (Api).
2025-08-29 15:31:29.321 +03:30 [INF] Executing action method Api.Controllers.TestController.SeedSell (Api) - Validation state: "Valid"
2025-08-29 15:31:29.323 +03:30 [INF] Executed action method Api.Controllers.TestController.SeedSell (Api), returned result Microsoft.AspNetCore.Mvc.OkObjectResult in 0.0319ms.
2025-08-29 15:31:29.327 +03:30 [INF] Executing OkObjectResult, writing value of type '<>f__AnonymousType2`4[[System.String, System.Private.CoreLib, Version=9.0.0.0, Culture=neutral, PublicKeyToken=7cec85d7bea7798e],[System.String, System.Private.CoreLib, Version=9.0.0.0, Culture=neutral, PublicKeyToken=7cec85d7bea7798e],[System.String, System.Private.CoreLib, Version=9.0.0.0, Culture=neutral, PublicKeyToken=7cec85d7bea7798e],[System.Int32, System.Private.CoreLib, Version=9.0.0.0, Culture=neutral, PublicKeyToken=7cec85d7bea7798e]]'.
2025-08-29 15:31:29.329 +03:30 [INF] Executed action Api.Controllers.TestController.SeedSell (Api) in 8.4963ms
2025-08-29 15:31:29.348 +03:30 [INF] Executed endpoint 'Api.Controllers.TestController.SeedSell (Api)'
2025-08-29 15:31:29.350 +03:30 [INF] HTTP POST /api/test/seed/sell responded 200 in 37.0 ms
2025-08-29 15:31:29.357 +03:30 [INF] Request finished HTTP/1.1 POST http://localhost:5005/api/test/seed/sell - 200 null application/json; charset=utf-8 47.9946ms
2025-08-29 15:31:30.343 +03:30 [INF] Request starting HTTP/1.1 POST http://localhost:5005/api/test/seed/sell - application/json 82
2025-08-29 15:31:30.348 +03:30 [INF] Executing endpoint 'Api.Controllers.TestController.SeedSell (Api)'
2025-08-29 15:31:30.350 +03:30 [INF] Route matched with {action = "SeedSell", controller = "Test"}. Executing controller action with signature Microsoft.AspNetCore.Mvc.IActionResult SeedSell(SeedReq) on controller Api.Controllers.TestController (Api).
2025-08-29 15:31:30.367 +03:30 [INF] Executing action method Api.Controllers.TestController.SeedSell (Api) - Validation state: "Valid"
2025-08-29 15:31:30.373 +03:30 [INF] Executed action method Api.Controllers.TestController.SeedSell (Api), returned result Microsoft.AspNetCore.Mvc.OkObjectResult in 0.0323ms.
2025-08-29 15:31:30.377 +03:30 [INF] Executing OkObjectResult, writing value of type '<>f__AnonymousType2`4[[System.String, System.Private.CoreLib, Version=9.0.0.0, Culture=neutral, PublicKeyToken=7cec85d7bea7798e],[System.String, System.Private.CoreLib, Version=9.0.0.0, Culture=neutral, PublicKeyToken=7cec85d7bea7798e],[System.String, System.Private.CoreLib, Version=9.0.0.0, Culture=neutral, PublicKeyToken=7cec85d7bea7798e],[System.Int32, System.Private.CoreLib, Version=9.0.0.0, Culture=neutral, PublicKeyToken=7cec85d7bea7798e]]'.
2025-08-29 15:31:30.381 +03:30 [INF] Executed action Api.Controllers.TestController.SeedSell (Api) in 14.709ms
2025-08-29 15:31:30.397 +03:30 [INF] Executed endpoint 'Api.Controllers.TestController.SeedSell (Api)'
2025-08-29 15:31:30.400 +03:30 [INF] HTTP POST /api/test/seed/sell responded 200 in 51.3 ms
2025-08-29 15:31:30.408 +03:30 [INF] Request finished HTTP/1.1 POST http://localhost:5005/api/test/seed/sell - 200 null application/json; charset=utf-8 65.1398ms
2025-08-29 15:31:30.868 +03:30 [INF] Request starting HTTP/1.1 POST http://localhost:5005/api/test/seed/sell - application/json 82
2025-08-29 15:31:30.875 +03:30 [INF] Executing endpoint 'Api.Controllers.TestController.SeedSell (Api)'
2025-08-29 15:31:30.895 +03:30 [INF] Route matched with {action = "SeedSell", controller = "Test"}. Executing controller action with signature Microsoft.AspNetCore.Mvc.IActionResult SeedSell(SeedReq) on controller Api.Controllers.TestController (Api).
2025-08-29 15:31:30.899 +03:30 [INF] Executing action method Api.Controllers.TestController.SeedSell (Api) - Validation state: "Valid"
2025-08-29 15:31:30.901 +03:30 [INF] Executed action method Api.Controllers.TestController.SeedSell (Api), returned result Microsoft.AspNetCore.Mvc.OkObjectResult in 0.0309ms.
2025-08-29 15:31:30.905 +03:30 [INF] Executing OkObjectResult, writing value of type '<>f__AnonymousType2`4[[System.String, System.Private.CoreLib, Version=9.0.0.0, Culture=neutral, PublicKeyToken=7cec85d7bea7798e],[System.String, System.Private.CoreLib, Version=9.0.0.0, Culture=neutral, PublicKeyToken=7cec85d7bea7798e],[System.String, System.Private.CoreLib, Version=9.0.0.0, Culture=neutral, PublicKeyToken=7cec85d7bea7798e],[System.Int32, System.Private.CoreLib, Version=9.0.0.0, Culture=neutral, PublicKeyToken=7cec85d7bea7798e]]'.
2025-08-29 15:31:30.910 +03:30 [INF] Executed action Api.Controllers.TestController.SeedSell (Api) in 9.7515ms
2025-08-29 15:31:30.916 +03:30 [INF] Executed endpoint 'Api.Controllers.TestController.SeedSell (Api)'
2025-08-29 15:31:30.918 +03:30 [INF] HTTP POST /api/test/seed/sell responded 200 in 42.8 ms
2025-08-29 15:31:30.925 +03:30 [INF] Request finished HTTP/1.1 POST http://localhost:5005/api/test/seed/sell - 200 null application/json; charset=utf-8 57.1396ms
2025-08-29 15:31:31.357 +03:30 [INF] Request starting HTTP/1.1 POST http://localhost:5005/api/test/seed/sell - application/json 82
2025-08-29 15:31:31.362 +03:30 [INF] Executing endpoint 'Api.Controllers.TestController.SeedSell (Api)'
2025-08-29 15:31:31.363 +03:30 [INF] Route matched with {action = "SeedSell", controller = "Test"}. Executing controller action with signature Microsoft.AspNetCore.Mvc.IActionResult SeedSell(SeedReq) on controller Api.Controllers.TestController (Api).
2025-08-29 15:31:31.366 +03:30 [INF] Executing action method Api.Controllers.TestController.SeedSell (Api) - Validation state: "Valid"
2025-08-29 15:31:31.373 +03:30 [INF] Executed action method Api.Controllers.TestController.SeedSell (Api), returned result Microsoft.AspNetCore.Mvc.OkObjectResult in 0.0459ms.
2025-08-29 15:31:31.377 +03:30 [INF] Executing OkObjectResult, writing value of type '<>f__AnonymousType2`4[[System.String, System.Private.CoreLib, Version=9.0.0.0, Culture=neutral, PublicKeyToken=7cec85d7bea7798e],[System.String, System.Private.CoreLib, Version=9.0.0.0, Culture=neutral, PublicKeyToken=7cec85d7bea7798e],[System.String, System.Private.CoreLib, Version=9.0.0.0, Culture=neutral, PublicKeyToken=7cec85d7bea7798e],[System.Int32, System.Private.CoreLib, Version=9.0.0.0, Culture=neutral, PublicKeyToken=7cec85d7bea7798e]]'.
2025-08-29 15:31:31.380 +03:30 [INF] Executed action Api.Controllers.TestController.SeedSell (Api) in 14.3064ms
2025-08-29 15:31:31.387 +03:30 [INF] Executed endpoint 'Api.Controllers.TestController.SeedSell (Api)'
2025-08-29 15:31:31.390 +03:30 [INF] HTTP POST /api/test/seed/sell responded 200 in 27.7 ms
2025-08-29 15:31:31.394 +03:30 [INF] Request finished HTTP/1.1 POST http://localhost:5005/api/test/seed/sell - 200 null application/json; charset=utf-8 36.9027ms
2025-08-29 15:31:31.857 +03:30 [INF] Request starting HTTP/1.1 POST http://localhost:5005/api/test/seed/sell - application/json 82
2025-08-29 15:31:31.860 +03:30 [INF] Executing endpoint 'Api.Controllers.TestController.SeedSell (Api)'
2025-08-29 15:31:31.862 +03:30 [INF] Route matched with {action = "SeedSell", controller = "Test"}. Executing controller action with signature Microsoft.AspNetCore.Mvc.IActionResult SeedSell(SeedReq) on controller Api.Controllers.TestController (Api).
2025-08-29 15:31:31.865 +03:30 [INF] Executing action method Api.Controllers.TestController.SeedSell (Api) - Validation state: "Valid"
2025-08-29 15:31:31.867 +03:30 [INF] Executed action method Api.Controllers.TestController.SeedSell (Api), returned result Microsoft.AspNetCore.Mvc.OkObjectResult in 0.626ms.
2025-08-29 15:31:31.870 +03:30 [INF] Executing OkObjectResult, writing value of type '<>f__AnonymousType2`4[[System.String, System.Private.CoreLib, Version=9.0.0.0, Culture=neutral, PublicKeyToken=7cec85d7bea7798e],[System.String, System.Private.CoreLib, Version=9.0.0.0, Culture=neutral, PublicKeyToken=7cec85d7bea7798e],[System.String, System.Private.CoreLib, Version=9.0.0.0, Culture=neutral, PublicKeyToken=7cec85d7bea7798e],[System.Int32, System.Private.CoreLib, Version=9.0.0.0, Culture=neutral, PublicKeyToken=7cec85d7bea7798e]]'.
2025-08-29 15:31:31.872 +03:30 [INF] Executed action Api.Controllers.TestController.SeedSell (Api) in 6.8603ms
2025-08-29 15:31:31.882 +03:30 [INF] Executed endpoint 'Api.Controllers.TestController.SeedSell (Api)'
2025-08-29 15:31:31.884 +03:30 [INF] HTTP POST /api/test/seed/sell responded 200 in 23.4 ms
2025-08-29 15:31:31.890 +03:30 [INF] Request finished HTTP/1.1 POST http://localhost:5005/api/test/seed/sell - 200 null application/json; charset=utf-8 33.3273ms
2025-08-29 15:31:32.435 +03:30 [INF] Request starting HTTP/1.1 POST http://localhost:5005/api/test/seed/sell - application/json 82
2025-08-29 15:31:32.440 +03:30 [INF] Executing endpoint 'Api.Controllers.TestController.SeedSell (Api)'
2025-08-29 15:31:32.442 +03:30 [INF] Route matched with {action = "SeedSell", controller = "Test"}. Executing controller action with signature Microsoft.AspNetCore.Mvc.IActionResult SeedSell(SeedReq) on controller Api.Controllers.TestController (Api).
2025-08-29 15:31:32.445 +03:30 [INF] Executing action method Api.Controllers.TestController.SeedSell (Api) - Validation state: "Valid"
2025-08-29 15:31:32.447 +03:30 [INF] Executed action method Api.Controllers.TestController.SeedSell (Api), returned result Microsoft.AspNetCore.Mvc.OkObjectResult in 0.0391ms.
2025-08-29 15:31:32.449 +03:30 [INF] Executing OkObjectResult, writing value of type '<>f__AnonymousType2`4[[System.String, System.Private.CoreLib, Version=9.0.0.0, Culture=neutral, PublicKeyToken=7cec85d7bea7798e],[System.String, System.Private.CoreLib, Version=9.0.0.0, Culture=neutral, PublicKeyToken=7cec85d7bea7798e],[System.String, System.Private.CoreLib, Version=9.0.0.0, Culture=neutral, PublicKeyToken=7cec85d7bea7798e],[System.Int32, System.Private.CoreLib, Version=9.0.0.0, Culture=neutral, PublicKeyToken=7cec85d7bea7798e]]'.
2025-08-29 15:31:32.451 +03:30 [INF] Executed action Api.Controllers.TestController.SeedSell (Api) in 6.1565ms
2025-08-29 15:31:32.454 +03:30 [INF] Executed endpoint 'Api.Controllers.TestController.SeedSell (Api)'
2025-08-29 15:31:32.460 +03:30 [INF] HTTP POST /api/test/seed/sell responded 200 in 19.2 ms
2025-08-29 15:31:32.462 +03:30 [INF] Request finished HTTP/1.1 POST http://localhost:5005/api/test/seed/sell - 200 null application/json; charset=utf-8 27.3182ms
2025-08-29 15:31:32.611 +03:30 [INF] Request starting HTTP/1.1 POST http://localhost:5005/api/test/seed/sell - application/json 82
2025-08-29 15:31:32.616 +03:30 [INF] Executing endpoint 'Api.Controllers.TestController.SeedSell (Api)'
2025-08-29 15:31:32.642 +03:30 [INF] Route matched with {action = "SeedSell", controller = "Test"}. Executing controller action with signature Microsoft.AspNetCore.Mvc.IActionResult SeedSell(SeedReq) on controller Api.Controllers.TestController (Api).
2025-08-29 15:31:32.647 +03:30 [INF] Executing action method Api.Controllers.TestController.SeedSell (Api) - Validation state: "Valid"
2025-08-29 15:31:32.656 +03:30 [INF] Executed action method Api.Controllers.TestController.SeedSell (Api), returned result Microsoft.AspNetCore.Mvc.OkObjectResult in 0.0455ms.
2025-08-29 15:31:32.660 +03:30 [INF] Executing OkObjectResult, writing value of type '<>f__AnonymousType2`4[[System.String, System.Private.CoreLib, Version=9.0.0.0, Culture=neutral, PublicKeyToken=7cec85d7bea7798e],[System.String, System.Private.CoreLib, Version=9.0.0.0, Culture=neutral, PublicKeyToken=7cec85d7bea7798e],[System.String, System.Private.CoreLib, Version=9.0.0.0, Culture=neutral, PublicKeyToken=7cec85d7bea7798e],[System.Int32, System.Private.CoreLib, Version=9.0.0.0, Culture=neutral, PublicKeyToken=7cec85d7bea7798e]]'.
2025-08-29 15:31:32.665 +03:30 [INF] Executed action Api.Controllers.TestController.SeedSell (Api) in 18.4175ms
2025-08-29 15:31:32.677 +03:30 [INF] Executed endpoint 'Api.Controllers.TestController.SeedSell (Api)'
2025-08-29 15:31:32.679 +03:30 [INF] HTTP POST /api/test/seed/sell responded 200 in 62.9 ms
2025-08-29 15:31:32.681 +03:30 [INF] Request finished HTTP/1.1 POST http://localhost:5005/api/test/seed/sell - 200 null application/json; charset=utf-8 69.2583ms
2025-08-29 15:31:32.779 +03:30 [INF] Request starting HTTP/1.1 POST http://localhost:5005/api/test/seed/sell - application/json 82
2025-08-29 15:31:32.784 +03:30 [INF] Executing endpoint 'Api.Controllers.TestController.SeedSell (Api)'
2025-08-29 15:31:32.801 +03:30 [INF] Route matched with {action = "SeedSell", controller = "Test"}. Executing controller action with signature Microsoft.AspNetCore.Mvc.IActionResult SeedSell(SeedReq) on controller Api.Controllers.TestController (Api).
2025-08-29 15:31:32.810 +03:30 [INF] Executing action method Api.Controllers.TestController.SeedSell (Api) - Validation state: "Valid"
2025-08-29 15:31:32.812 +03:30 [INF] Executed action method Api.Controllers.TestController.SeedSell (Api), returned result Microsoft.AspNetCore.Mvc.OkObjectResult in 0.0509ms.
2025-08-29 15:31:32.818 +03:30 [INF] Executing OkObjectResult, writing value of type '<>f__AnonymousType2`4[[System.String, System.Private.CoreLib, Version=9.0.0.0, Culture=neutral, PublicKeyToken=7cec85d7bea7798e],[System.String, System.Private.CoreLib, Version=9.0.0.0, Culture=neutral, PublicKeyToken=7cec85d7bea7798e],[System.String, System.Private.CoreLib, Version=9.0.0.0, Culture=neutral, PublicKeyToken=7cec85d7bea7798e],[System.Int32, System.Private.CoreLib, Version=9.0.0.0, Culture=neutral, PublicKeyToken=7cec85d7bea7798e]]'.
2025-08-29 15:31:32.822 +03:30 [INF] Executed action Api.Controllers.TestController.SeedSell (Api) in 12.2206ms
2025-08-29 15:31:32.828 +03:30 [INF] Executed endpoint 'Api.Controllers.TestController.SeedSell (Api)'
2025-08-29 15:31:32.829 +03:30 [INF] HTTP POST /api/test/seed/sell responded 200 in 45.2 ms
2025-08-29 15:31:32.832 +03:30 [INF] Request finished HTTP/1.1 POST http://localhost:5005/api/test/seed/sell - 200 null application/json; charset=utf-8 52.4789ms
2025-08-29 15:31:33.381 +03:30 [INF] Request starting HTTP/1.1 POST http://localhost:5005/api/test/seed/sell - application/json 82
2025-08-29 15:31:33.385 +03:30 [INF] Executing endpoint 'Api.Controllers.TestController.SeedSell (Api)'
2025-08-29 15:31:33.407 +03:30 [INF] Route matched with {action = "SeedSell", controller = "Test"}. Executing controller action with signature Microsoft.AspNetCore.Mvc.IActionResult SeedSell(SeedReq) on controller Api.Controllers.TestController (Api).
2025-08-29 15:31:33.410 +03:30 [INF] Executing action method Api.Controllers.TestController.SeedSell (Api) - Validation state: "Valid"
2025-08-29 15:31:33.412 +03:30 [INF] Executed action method Api.Controllers.TestController.SeedSell (Api), returned result Microsoft.AspNetCore.Mvc.OkObjectResult in 0.0885ms.
2025-08-29 15:31:33.417 +03:30 [INF] Executing OkObjectResult, writing value of type '<>f__AnonymousType2`4[[System.String, System.Private.CoreLib, Version=9.0.0.0, Culture=neutral, PublicKeyToken=7cec85d7bea7798e],[System.String, System.Private.CoreLib, Version=9.0.0.0, Culture=neutral, PublicKeyToken=7cec85d7bea7798e],[System.String, System.Private.CoreLib, Version=9.0.0.0, Culture=neutral, PublicKeyToken=7cec85d7bea7798e],[System.Int32, System.Private.CoreLib, Version=9.0.0.0, Culture=neutral, PublicKeyToken=7cec85d7bea7798e]]'.
2025-08-29 15:31:33.420 +03:30 [INF] Executed action Api.Controllers.TestController.SeedSell (Api) in 10.1123ms
2025-08-29 15:31:33.442 +03:30 [INF] Executed endpoint 'Api.Controllers.TestController.SeedSell (Api)'
2025-08-29 15:31:33.447 +03:30 [INF] HTTP POST /api/test/seed/sell responded 200 in 61.9 ms
2025-08-29 15:31:33.455 +03:30 [INF] Request finished HTTP/1.1 POST http://localhost:5005/api/test/seed/sell - 200 null application/json; charset=utf-8 74.6856ms
2025-08-29 15:31:33.563 +03:30 [INF] Request starting HTTP/1.1 POST http://localhost:5005/api/test/seed/sell - application/json 82
2025-08-29 15:31:33.572 +03:30 [INF] Executing endpoint 'Api.Controllers.TestController.SeedSell (Api)'
2025-08-29 15:31:33.573 +03:30 [INF] Route matched with {action = "SeedSell", controller = "Test"}. Executing controller action with signature Microsoft.AspNetCore.Mvc.IActionResult SeedSell(SeedReq) on controller Api.Controllers.TestController (Api).
2025-08-29 15:31:33.576 +03:30 [INF] Executing action method Api.Controllers.TestController.SeedSell (Api) - Validation state: "Valid"
2025-08-29 15:31:33.577 +03:30 [INF] Executed action method Api.Controllers.TestController.SeedSell (Api), returned result Microsoft.AspNetCore.Mvc.OkObjectResult in 0.0252ms.
2025-08-29 15:31:33.579 +03:30 [INF] Executing OkObjectResult, writing value of type '<>f__AnonymousType2`4[[System.String, System.Private.CoreLib, Version=9.0.0.0, Culture=neutral, PublicKeyToken=7cec85d7bea7798e],[System.String, System.Private.CoreLib, Version=9.0.0.0, Culture=neutral, PublicKeyToken=7cec85d7bea7798e],[System.String, System.Private.CoreLib, Version=9.0.0.0, Culture=neutral, PublicKeyToken=7cec85d7bea7798e],[System.Int32, System.Private.CoreLib, Version=9.0.0.0, Culture=neutral, PublicKeyToken=7cec85d7bea7798e]]'.
2025-08-29 15:31:33.581 +03:30 [INF] Executed action Api.Controllers.TestController.SeedSell (Api) in 5.5752ms
2025-08-29 15:31:33.597 +03:30 [INF] Executed endpoint 'Api.Controllers.TestController.SeedSell (Api)'
2025-08-29 15:31:33.598 +03:30 [INF] HTTP POST /api/test/seed/sell responded 200 in 26.3 ms
2025-08-29 15:31:33.602 +03:30 [INF] Request finished HTTP/1.1 POST http://localhost:5005/api/test/seed/sell - 200 null application/json; charset=utf-8 38.6234ms
2025-08-29 15:31:33.706 +03:30 [INF] Request starting HTTP/1.1 POST http://localhost:5005/api/test/seed/sell - application/json 82
2025-08-29 15:31:33.726 +03:30 [INF] Executing endpoint 'Api.Controllers.TestController.SeedSell (Api)'
2025-08-29 15:31:33.729 +03:30 [INF] Route matched with {action = "SeedSell", controller = "Test"}. Executing controller action with signature Microsoft.AspNetCore.Mvc.IActionResult SeedSell(SeedReq) on controller Api.Controllers.TestController (Api).
2025-08-29 15:31:33.732 +03:30 [INF] Executing action method Api.Controllers.TestController.SeedSell (Api) - Validation state: "Valid"
2025-08-29 15:31:33.735 +03:30 [INF] Executed action method Api.Controllers.TestController.SeedSell (Api), returned result Microsoft.AspNetCore.Mvc.OkObjectResult in 0.0225ms.
2025-08-29 15:31:33.744 +03:30 [INF] Executing OkObjectResult, writing value of type '<>f__AnonymousType2`4[[System.String, System.Private.CoreLib, Version=9.0.0.0, Culture=neutral, PublicKeyToken=7cec85d7bea7798e],[System.String, System.Private.CoreLib, Version=9.0.0.0, Culture=neutral, PublicKeyToken=7cec85d7bea7798e],[System.String, System.Private.CoreLib, Version=9.0.0.0, Culture=neutral, PublicKeyToken=7cec85d7bea7798e],[System.Int32, System.Private.CoreLib, Version=9.0.0.0, Culture=neutral, PublicKeyToken=7cec85d7bea7798e]]'.
2025-08-29 15:31:33.746 +03:30 [INF] Executed action Api.Controllers.TestController.SeedSell (Api) in 13.4388ms
2025-08-29 15:31:33.754 +03:30 [INF] Executed endpoint 'Api.Controllers.TestController.SeedSell (Api)'
2025-08-29 15:31:33.756 +03:30 [INF] HTTP POST /api/test/seed/sell responded 200 in 30.1 ms
2025-08-29 15:31:33.759 +03:30 [INF] Request finished HTTP/1.1 POST http://localhost:5005/api/test/seed/sell - 200 null application/json; charset=utf-8 52.5549ms
2025-08-29 15:31:33.878 +03:30 [INF] Request starting HTTP/1.1 POST http://localhost:5005/api/test/seed/sell - application/json 82
2025-08-29 15:31:33.888 +03:30 [INF] Executing endpoint 'Api.Controllers.TestController.SeedSell (Api)'
2025-08-29 15:31:33.890 +03:30 [INF] Route matched with {action = "SeedSell", controller = "Test"}. Executing controller action with signature Microsoft.AspNetCore.Mvc.IActionResult SeedSell(SeedReq) on controller Api.Controllers.TestController (Api).
2025-08-29 15:31:33.894 +03:30 [INF] Executing action method Api.Controllers.TestController.SeedSell (Api) - Validation state: "Valid"
2025-08-29 15:31:33.896 +03:30 [INF] Executed action method Api.Controllers.TestController.SeedSell (Api), returned result Microsoft.AspNetCore.Mvc.OkObjectResult in 0.0225ms.
2025-08-29 15:31:33.898 +03:30 [INF] Executing OkObjectResult, writing value of type '<>f__AnonymousType2`4[[System.String, System.Private.CoreLib, Version=9.0.0.0, Culture=neutral, PublicKeyToken=7cec85d7bea7798e],[System.String, System.Private.CoreLib, Version=9.0.0.0, Culture=neutral, PublicKeyToken=7cec85d7bea7798e],[System.String, System.Private.CoreLib, Version=9.0.0.0, Culture=neutral, PublicKeyToken=7cec85d7bea7798e],[System.Int32, System.Private.CoreLib, Version=9.0.0.0, Culture=neutral, PublicKeyToken=7cec85d7bea7798e]]'.
2025-08-29 15:31:33.901 +03:30 [INF] Executed action Api.Controllers.TestController.SeedSell (Api) in 6.6806ms
2025-08-29 15:31:33.908 +03:30 [INF] Executed endpoint 'Api.Controllers.TestController.SeedSell (Api)'
2025-08-29 15:31:33.909 +03:30 [INF] HTTP POST /api/test/seed/sell responded 200 in 21.3 ms
2025-08-29 15:31:33.911 +03:30 [INF] Request finished HTTP/1.1 POST http://localhost:5005/api/test/seed/sell - 200 null application/json; charset=utf-8 33.6591ms
2025-08-29 15:31:34.495 +03:30 [INF] Request starting HTTP/1.1 POST http://localhost:5005/api/test/seed/sell - application/json 82
2025-08-29 15:31:34.500 +03:30 [INF] Executing endpoint 'Api.Controllers.TestController.SeedSell (Api)'
2025-08-29 15:31:34.505 +03:30 [INF] Route matched with {action = "SeedSell", controller = "Test"}. Executing controller action with signature Microsoft.AspNetCore.Mvc.IActionResult SeedSell(SeedReq) on controller Api.Controllers.TestController (Api).
2025-08-29 15:31:34.518 +03:30 [INF] Executing action method Api.Controllers.TestController.SeedSell (Api) - Validation state: "Valid"
2025-08-29 15:31:34.526 +03:30 [INF] Executed action method Api.Controllers.TestController.SeedSell (Api), returned result Microsoft.AspNetCore.Mvc.OkObjectResult in 0.0277ms.
2025-08-29 15:31:34.529 +03:30 [INF] Executing OkObjectResult, writing value of type '<>f__AnonymousType2`4[[System.String, System.Private.CoreLib, Version=9.0.0.0, Culture=neutral, PublicKeyToken=7cec85d7bea7798e],[System.String, System.Private.CoreLib, Version=9.0.0.0, Culture=neutral, PublicKeyToken=7cec85d7bea7798e],[System.String, System.Private.CoreLib, Version=9.0.0.0, Culture=neutral, PublicKeyToken=7cec85d7bea7798e],[System.Int32, System.Private.CoreLib, Version=9.0.0.0, Culture=neutral, PublicKeyToken=7cec85d7bea7798e]]'.
2025-08-29 15:31:34.531 +03:30 [INF] Executed action Api.Controllers.TestController.SeedSell (Api) in 12.7758ms
2025-08-29 15:31:34.543 +03:30 [INF] Executed endpoint 'Api.Controllers.TestController.SeedSell (Api)'
2025-08-29 15:31:34.545 +03:30 [INF] HTTP POST /api/test/seed/sell responded 200 in 44.8 ms
2025-08-29 15:31:34.547 +03:30 [INF] Request finished HTTP/1.1 POST http://localhost:5005/api/test/seed/sell - 200 null application/json; charset=utf-8 51.8892ms
2025-08-29 15:31:34.700 +03:30 [INF] Request starting HTTP/1.1 POST http://localhost:5005/api/test/seed/sell - application/json 82
2025-08-29 15:31:34.707 +03:30 [INF] Executing endpoint 'Api.Controllers.TestController.SeedSell (Api)'
2025-08-29 15:31:34.712 +03:30 [INF] Route matched with {action = "SeedSell", controller = "Test"}. Executing controller action with signature Microsoft.AspNetCore.Mvc.IActionResult SeedSell(SeedReq) on controller Api.Controllers.TestController (Api).
2025-08-29 15:31:34.717 +03:30 [INF] Executing action method Api.Controllers.TestController.SeedSell (Api) - Validation state: "Valid"
2025-08-29 15:31:34.726 +03:30 [INF] Executed action method Api.Controllers.TestController.SeedSell (Api), returned result Microsoft.AspNetCore.Mvc.OkObjectResult in 0.0235ms.
2025-08-29 15:31:34.728 +03:30 [INF] Executing OkObjectResult, writing value of type '<>f__AnonymousType2`4[[System.String, System.Private.CoreLib, Version=9.0.0.0, Culture=neutral, PublicKeyToken=7cec85d7bea7798e],[System.String, System.Private.CoreLib, Version=9.0.0.0, Culture=neutral, PublicKeyToken=7cec85d7bea7798e],[System.String, System.Private.CoreLib, Version=9.0.0.0, Culture=neutral, PublicKeyToken=7cec85d7bea7798e],[System.Int32, System.Private.CoreLib, Version=9.0.0.0, Culture=neutral, PublicKeyToken=7cec85d7bea7798e]]'.
2025-08-29 15:31:34.734 +03:30 [INF] Executed action Api.Controllers.TestController.SeedSell (Api) in 18.0012ms
2025-08-29 15:31:34.752 +03:30 [INF] Executed endpoint 'Api.Controllers.TestController.SeedSell (Api)'
2025-08-29 15:31:34.761 +03:30 [INF] HTTP POST /api/test/seed/sell responded 200 in 54.5 ms
2025-08-29 15:31:34.764 +03:30 [INF] Request finished HTTP/1.1 POST http://localhost:5005/api/test/seed/sell - 200 null application/json; charset=utf-8 64.0179ms
2025-08-29 15:31:34.868 +03:30 [INF] Request starting HTTP/1.1 POST http://localhost:5005/api/test/seed/sell - application/json 82
2025-08-29 15:31:34.873 +03:30 [INF] Executing endpoint 'Api.Controllers.TestController.SeedSell (Api)'
2025-08-29 15:31:34.875 +03:30 [INF] Route matched with {action = "SeedSell", controller = "Test"}. Executing controller action with signature Microsoft.AspNetCore.Mvc.IActionResult SeedSell(SeedReq) on controller Api.Controllers.TestController (Api).
2025-08-29 15:31:34.878 +03:30 [INF] Executing action method Api.Controllers.TestController.SeedSell (Api) - Validation state: "Valid"
2025-08-29 15:31:34.880 +03:30 [INF] Executed action method Api.Controllers.TestController.SeedSell (Api), returned result Microsoft.AspNetCore.Mvc.OkObjectResult in 0.0271ms.
2025-08-29 15:31:34.883 +03:30 [INF] Executing OkObjectResult, writing value of type '<>f__AnonymousType2`4[[System.String, System.Private.CoreLib, Version=9.0.0.0, Culture=neutral, PublicKeyToken=7cec85d7bea7798e],[System.String, System.Private.CoreLib, Version=9.0.0.0, Culture=neutral, PublicKeyToken=7cec85d7bea7798e],[System.String, System.Private.CoreLib, Version=9.0.0.0, Culture=neutral, PublicKeyToken=7cec85d7bea7798e],[System.Int32, System.Private.CoreLib, Version=9.0.0.0, Culture=neutral, PublicKeyToken=7cec85d7bea7798e]]'.
2025-08-29 15:31:34.885 +03:30 [INF] Executed action Api.Controllers.TestController.SeedSell (Api) in 6.4937ms
2025-08-29 15:31:34.894 +03:30 [INF] Executed endpoint 'Api.Controllers.TestController.SeedSell (Api)'
2025-08-29 15:31:34.895 +03:30 [INF] HTTP POST /api/test/seed/sell responded 200 in 22.2 ms
2025-08-29 15:31:34.898 +03:30 [INF] Request finished HTTP/1.1 POST http://localhost:5005/api/test/seed/sell - 200 null application/json; charset=utf-8 30.5124ms
2025-08-29 15:31:35.033 +03:30 [INF] Request starting HTTP/1.1 POST http://localhost:5005/api/test/seed/sell - application/json 82
2025-08-29 15:31:35.047 +03:30 [INF] Executing endpoint 'Api.Controllers.TestController.SeedSell (Api)'
2025-08-29 15:31:35.048 +03:30 [INF] Route matched with {action = "SeedSell", controller = "Test"}. Executing controller action with signature Microsoft.AspNetCore.Mvc.IActionResult SeedSell(SeedReq) on controller Api.Controllers.TestController (Api).
2025-08-29 15:31:35.051 +03:30 [INF] Executing action method Api.Controllers.TestController.SeedSell (Api) - Validation state: "Valid"
2025-08-29 15:31:35.056 +03:30 [INF] Executed action method Api.Controllers.TestController.SeedSell (Api), returned result Microsoft.AspNetCore.Mvc.OkObjectResult in 0.0296ms.
2025-08-29 15:31:35.058 +03:30 [INF] Executing OkObjectResult, writing value of type '<>f__AnonymousType2`4[[System.String, System.Private.CoreLib, Version=9.0.0.0, Culture=neutral, PublicKeyToken=7cec85d7bea7798e],[System.String, System.Private.CoreLib, Version=9.0.0.0, Culture=neutral, PublicKeyToken=7cec85d7bea7798e],[System.String, System.Private.CoreLib, Version=9.0.0.0, Culture=neutral, PublicKeyToken=7cec85d7bea7798e],[System.Int32, System.Private.CoreLib, Version=9.0.0.0, Culture=neutral, PublicKeyToken=7cec85d7bea7798e]]'.
2025-08-29 15:31:35.060 +03:30 [INF] Executed action Api.Controllers.TestController.SeedSell (Api) in 8.8398ms
2025-08-29 15:31:35.064 +03:30 [INF] Executed endpoint 'Api.Controllers.TestController.SeedSell (Api)'
2025-08-29 15:31:35.066 +03:30 [INF] HTTP POST /api/test/seed/sell responded 200 in 18.9 ms
2025-08-29 15:31:35.069 +03:30 [INF] Request finished HTTP/1.1 POST http://localhost:5005/api/test/seed/sell - 200 null application/json; charset=utf-8 35.9467ms
2025-08-29 15:31:35.195 +03:30 [INF] Request starting HTTP/1.1 POST http://localhost:5005/api/test/seed/sell - application/json 82
2025-08-29 15:31:35.212 +03:30 [INF] Executing endpoint 'Api.Controllers.TestController.SeedSell (Api)'
2025-08-29 15:31:35.213 +03:30 [INF] Route matched with {action = "SeedSell", controller = "Test"}. Executing controller action with signature Microsoft.AspNetCore.Mvc.IActionResult SeedSell(SeedReq) on controller Api.Controllers.TestController (Api).
2025-08-29 15:31:35.218 +03:30 [INF] Executing action method Api.Controllers.TestController.SeedSell (Api) - Validation state: "Valid"
2025-08-29 15:31:35.223 +03:30 [INF] Executed action method Api.Controllers.TestController.SeedSell (Api), returned result Microsoft.AspNetCore.Mvc.OkObjectResult in 0.0385ms.
2025-08-29 15:31:35.226 +03:30 [INF] Executing OkObjectResult, writing value of type '<>f__AnonymousType2`4[[System.String, System.Private.CoreLib, Version=9.0.0.0, Culture=neutral, PublicKeyToken=7cec85d7bea7798e],[System.String, System.Private.CoreLib, Version=9.0.0.0, Culture=neutral, PublicKeyToken=7cec85d7bea7798e],[System.String, System.Private.CoreLib, Version=9.0.0.0, Culture=neutral, PublicKeyToken=7cec85d7bea7798e],[System.Int32, System.Private.CoreLib, Version=9.0.0.0, Culture=neutral, PublicKeyToken=7cec85d7bea7798e]]'.
2025-08-29 15:31:35.228 +03:30 [INF] Executed action Api.Controllers.TestController.SeedSell (Api) in 12.1597ms
2025-08-29 15:31:35.230 +03:30 [INF] Executed endpoint 'Api.Controllers.TestController.SeedSell (Api)'
2025-08-29 15:31:35.232 +03:30 [INF] HTTP POST /api/test/seed/sell responded 200 in 19.8 ms
2025-08-29 15:31:35.239 +03:30 [INF] Request finished HTTP/1.1 POST http://localhost:5005/api/test/seed/sell - 200 null application/json; charset=utf-8 43.6241ms
2025-08-29 15:31:35.442 +03:30 [INF] Request starting HTTP/1.1 POST http://localhost:5005/api/test/seed/sell - application/json 82
2025-08-29 15:31:35.451 +03:30 [INF] Executing endpoint 'Api.Controllers.TestController.SeedSell (Api)'
2025-08-29 15:31:35.460 +03:30 [INF] Route matched with {action = "SeedSell", controller = "Test"}. Executing controller action with signature Microsoft.AspNetCore.Mvc.IActionResult SeedSell(SeedReq) on controller Api.Controllers.TestController (Api).
2025-08-29 15:31:35.462 +03:30 [INF] Executing action method Api.Controllers.TestController.SeedSell (Api) - Validation state: "Valid"
2025-08-29 15:31:35.478 +03:30 [INF] Executed action method Api.Controllers.TestController.SeedSell (Api), returned result Microsoft.AspNetCore.Mvc.OkObjectResult in 0.0226ms.
2025-08-29 15:31:35.481 +03:30 [INF] Executing OkObjectResult, writing value of type '<>f__AnonymousType2`4[[System.String, System.Private.CoreLib, Version=9.0.0.0, Culture=neutral, PublicKeyToken=7cec85d7bea7798e],[System.String, System.Private.CoreLib, Version=9.0.0.0, Culture=neutral, PublicKeyToken=7cec85d7bea7798e],[System.String, System.Private.CoreLib, Version=9.0.0.0, Culture=neutral, PublicKeyToken=7cec85d7bea7798e],[System.Int32, System.Private.CoreLib, Version=9.0.0.0, Culture=neutral, PublicKeyToken=7cec85d7bea7798e]]'.
2025-08-29 15:31:35.484 +03:30 [INF] Executed action Api.Controllers.TestController.SeedSell (Api) in 21.3737ms
2025-08-29 15:31:35.494 +03:30 [INF] Executed endpoint 'Api.Controllers.TestController.SeedSell (Api)'
2025-08-29 15:31:35.495 +03:30 [INF] HTTP POST /api/test/seed/sell responded 200 in 44.1 ms
2025-08-29 15:31:35.497 +03:30 [INF] Request finished HTTP/1.1 POST http://localhost:5005/api/test/seed/sell - 200 null application/json; charset=utf-8 54.5938ms
2025-08-29 15:31:35.610 +03:30 [INF] Request starting HTTP/1.1 POST http://localhost:5005/api/test/seed/sell - application/json 82
2025-08-29 15:31:35.613 +03:30 [INF] Executing endpoint 'Api.Controllers.TestController.SeedSell (Api)'
2025-08-29 15:31:35.615 +03:30 [INF] Route matched with {action = "SeedSell", controller = "Test"}. Executing controller action with signature Microsoft.AspNetCore.Mvc.IActionResult SeedSell(SeedReq) on controller Api.Controllers.TestController (Api).
2025-08-29 15:31:35.618 +03:30 [INF] Executing action method Api.Controllers.TestController.SeedSell (Api) - Validation state: "Valid"
2025-08-29 15:31:35.626 +03:30 [INF] Executed action method Api.Controllers.TestController.SeedSell (Api), returned result Microsoft.AspNetCore.Mvc.OkObjectResult in 0.0399ms.
2025-08-29 15:31:35.629 +03:30 [INF] Executing OkObjectResult, writing value of type '<>f__AnonymousType2`4[[System.String, System.Private.CoreLib, Version=9.0.0.0, Culture=neutral, PublicKeyToken=7cec85d7bea7798e],[System.String, System.Private.CoreLib, Version=9.0.0.0, Culture=neutral, PublicKeyToken=7cec85d7bea7798e],[System.String, System.Private.CoreLib, Version=9.0.0.0, Culture=neutral, PublicKeyToken=7cec85d7bea7798e],[System.Int32, System.Private.CoreLib, Version=9.0.0.0, Culture=neutral, PublicKeyToken=7cec85d7bea7798e]]'.
2025-08-29 15:31:35.631 +03:30 [INF] Executed action Api.Controllers.TestController.SeedSell (Api) in 13.7791ms
2025-08-29 15:31:35.644 +03:30 [INF] Executed endpoint 'Api.Controllers.TestController.SeedSell (Api)'
2025-08-29 15:31:35.646 +03:30 [INF] HTTP POST /api/test/seed/sell responded 200 in 32.2 ms
2025-08-29 15:31:35.648 +03:30 [INF] Request finished HTTP/1.1 POST http://localhost:5005/api/test/seed/sell - 200 null application/json; charset=utf-8 38.6338ms
2025-08-29 15:31:35.779 +03:30 [INF] Request starting HTTP/1.1 POST http://localhost:5005/api/test/seed/sell - application/json 82
2025-08-29 15:31:35.796 +03:30 [INF] Executing endpoint 'Api.Controllers.TestController.SeedSell (Api)'
2025-08-29 15:31:35.798 +03:30 [INF] Route matched with {action = "SeedSell", controller = "Test"}. Executing controller action with signature Microsoft.AspNetCore.Mvc.IActionResult SeedSell(SeedReq) on controller Api.Controllers.TestController (Api).
2025-08-29 15:31:35.811 +03:30 [INF] Executing action method Api.Controllers.TestController.SeedSell (Api) - Validation state: "Valid"
2025-08-29 15:31:35.815 +03:30 [INF] Executed action method Api.Controllers.TestController.SeedSell (Api), returned result Microsoft.AspNetCore.Mvc.OkObjectResult in 0.0416ms.
2025-08-29 15:31:35.818 +03:30 [INF] Executing OkObjectResult, writing value of type '<>f__AnonymousType2`4[[System.String, System.Private.CoreLib, Version=9.0.0.0, Culture=neutral, PublicKeyToken=7cec85d7bea7798e],[System.String, System.Private.CoreLib, Version=9.0.0.0, Culture=neutral, PublicKeyToken=7cec85d7bea7798e],[System.String, System.Private.CoreLib, Version=9.0.0.0, Culture=neutral, PublicKeyToken=7cec85d7bea7798e],[System.Int32, System.Private.CoreLib, Version=9.0.0.0, Culture=neutral, PublicKeyToken=7cec85d7bea7798e]]'.
2025-08-29 15:31:35.822 +03:30 [INF] Executed action Api.Controllers.TestController.SeedSell (Api) in 10.7782ms
2025-08-29 15:31:35.830 +03:30 [INF] Executed endpoint 'Api.Controllers.TestController.SeedSell (Api)'
2025-08-29 15:31:35.832 +03:30 [INF] HTTP POST /api/test/seed/sell responded 200 in 35.9 ms
2025-08-29 15:31:35.835 +03:30 [INF] Request finished HTTP/1.1 POST http://localhost:5005/api/test/seed/sell - 200 null application/json; charset=utf-8 56.2811ms
2025-08-29 15:31:35.967 +03:30 [INF] Request starting HTTP/1.1 POST http://localhost:5005/api/test/seed/sell - application/json 82
2025-08-29 15:31:35.992 +03:30 [INF] Executing endpoint 'Api.Controllers.TestController.SeedSell (Api)'
2025-08-29 15:31:35.993 +03:30 [INF] Route matched with {action = "SeedSell", controller = "Test"}. Executing controller action with signature Microsoft.AspNetCore.Mvc.IActionResult SeedSell(SeedReq) on controller Api.Controllers.TestController (Api).
2025-08-29 15:31:35.996 +03:30 [INF] Executing action method Api.Controllers.TestController.SeedSell (Api) - Validation state: "Valid"
2025-08-29 15:31:35.998 +03:30 [INF] Executed action method Api.Controllers.TestController.SeedSell (Api), returned result Microsoft.AspNetCore.Mvc.OkObjectResult in 0.0817ms.
2025-08-29 15:31:36.000 +03:30 [INF] Executing OkObjectResult, writing value of type '<>f__AnonymousType2`4[[System.String, System.Private.CoreLib, Version=9.0.0.0, Culture=neutral, PublicKeyToken=7cec85d7bea7798e],[System.String, System.Private.CoreLib, Version=9.0.0.0, Culture=neutral, PublicKeyToken=7cec85d7bea7798e],[System.String, System.Private.CoreLib, Version=9.0.0.0, Culture=neutral, PublicKeyToken=7cec85d7bea7798e],[System.Int32, System.Private.CoreLib, Version=9.0.0.0, Culture=neutral, PublicKeyToken=7cec85d7bea7798e]]'.
2025-08-29 15:31:36.016 +03:30 [INF] Executed action Api.Controllers.TestController.SeedSell (Api) in 20.1593ms
2025-08-29 15:31:36.030 +03:30 [INF] Executed endpoint 'Api.Controllers.TestController.SeedSell (Api)'
2025-08-29 15:31:36.031 +03:30 [INF] HTTP POST /api/test/seed/sell responded 200 in 40.0 ms
2025-08-29 15:31:36.035 +03:30 [INF] Request finished HTTP/1.1 POST http://localhost:5005/api/test/seed/sell - 200 null application/json; charset=utf-8 67.6382ms
2025-08-29 15:31:36.545 +03:30 [INF] Request starting HTTP/1.1 POST http://localhost:5005/api/test/seed/sell - application/json 82
2025-08-29 15:31:36.553 +03:30 [INF] Executing endpoint 'Api.Controllers.TestController.SeedSell (Api)'
2025-08-29 15:31:36.555 +03:30 [INF] Route matched with {action = "SeedSell", controller = "Test"}. Executing controller action with signature Microsoft.AspNetCore.Mvc.IActionResult SeedSell(SeedReq) on controller Api.Controllers.TestController (Api).
2025-08-29 15:31:36.564 +03:30 [INF] Executing action method Api.Controllers.TestController.SeedSell (Api) - Validation state: "Valid"
2025-08-29 15:31:36.566 +03:30 [INF] Executed action method Api.Controllers.TestController.SeedSell (Api), returned result Microsoft.AspNetCore.Mvc.OkObjectResult in 0.0561ms.
2025-08-29 15:31:36.582 +03:30 [INF] Executing OkObjectResult, writing value of type '<>f__AnonymousType2`4[[System.String, System.Private.CoreLib, Version=9.0.0.0, Culture=neutral, PublicKeyToken=7cec85d7bea7798e],[System.String, System.Private.CoreLib, Version=9.0.0.0, Culture=neutral, PublicKeyToken=7cec85d7bea7798e],[System.String, System.Private.CoreLib, Version=9.0.0.0, Culture=neutral, PublicKeyToken=7cec85d7bea7798e],[System.Int32, System.Private.CoreLib, Version=9.0.0.0, Culture=neutral, PublicKeyToken=7cec85d7bea7798e]]'.
2025-08-29 15:31:36.584 +03:30 [INF] Executed action Api.Controllers.TestController.SeedSell (Api) in 20.8248ms
2025-08-29 15:31:36.609 +03:30 [INF] Executed endpoint 'Api.Controllers.TestController.SeedSell (Api)'
2025-08-29 15:31:36.611 +03:30 [INF] HTTP POST /api/test/seed/sell responded 200 in 58.2 ms
2025-08-29 15:31:36.614 +03:30 [INF] Request finished HTTP/1.1 POST http://localhost:5005/api/test/seed/sell - 200 null application/json; charset=utf-8 68.9702ms
2025-08-29 15:31:36.700 +03:30 [INF] Request starting HTTP/1.1 POST http://localhost:5005/api/test/seed/sell - application/json 82
2025-08-29 15:31:36.705 +03:30 [INF] Executing endpoint 'Api.Controllers.TestController.SeedSell (Api)'
2025-08-29 15:31:36.706 +03:30 [INF] Route matched with {action = "SeedSell", controller = "Test"}. Executing controller action with signature Microsoft.AspNetCore.Mvc.IActionResult SeedSell(SeedReq) on controller Api.Controllers.TestController (Api).
2025-08-29 15:31:36.718 +03:30 [INF] Executing action method Api.Controllers.TestController.SeedSell (Api) - Validation state: "Valid"
2025-08-29 15:31:36.722 +03:30 [INF] Executed action method Api.Controllers.TestController.SeedSell (Api), returned result Microsoft.AspNetCore.Mvc.OkObjectResult in 0.0234ms.
2025-08-29 15:31:36.726 +03:30 [INF] Executing OkObjectResult, writing value of type '<>f__AnonymousType2`4[[System.String, System.Private.CoreLib, Version=9.0.0.0, Culture=neutral, PublicKeyToken=7cec85d7bea7798e],[System.String, System.Private.CoreLib, Version=9.0.0.0, Culture=neutral, PublicKeyToken=7cec85d7bea7798e],[System.String, System.Private.CoreLib, Version=9.0.0.0, Culture=neutral, PublicKeyToken=7cec85d7bea7798e],[System.Int32, System.Private.CoreLib, Version=9.0.0.0, Culture=neutral, PublicKeyToken=7cec85d7bea7798e]]'.
2025-08-29 15:31:36.728 +03:30 [INF] Executed action Api.Controllers.TestController.SeedSell (Api) in 10.3866ms
2025-08-29 15:31:36.733 +03:30 [INF] Executed endpoint 'Api.Controllers.TestController.SeedSell (Api)'
2025-08-29 15:31:36.735 +03:30 [INF] HTTP POST /api/test/seed/sell responded 200 in 29.6 ms
2025-08-29 15:31:36.743 +03:30 [INF] Request finished HTTP/1.1 POST http://localhost:5005/api/test/seed/sell - 200 null application/json; charset=utf-8 42.4925ms
2025-08-29 15:31:36.860 +03:30 [INF] Request starting HTTP/1.1 POST http://localhost:5005/api/test/seed/sell - application/json 82
2025-08-29 15:31:36.871 +03:30 [INF] Executing endpoint 'Api.Controllers.TestController.SeedSell (Api)'
2025-08-29 15:31:36.873 +03:30 [INF] Route matched with {action = "SeedSell", controller = "Test"}. Executing controller action with signature Microsoft.AspNetCore.Mvc.IActionResult SeedSell(SeedReq) on controller Api.Controllers.TestController (Api).
2025-08-29 15:31:36.908 +03:30 [INF] Executing action method Api.Controllers.TestController.SeedSell (Api) - Validation state: "Valid"
2025-08-29 15:31:36.910 +03:30 [INF] Executed action method Api.Controllers.TestController.SeedSell (Api), returned result Microsoft.AspNetCore.Mvc.OkObjectResult in 0.0307ms.
2025-08-29 15:31:36.912 +03:30 [INF] Executing OkObjectResult, writing value of type '<>f__AnonymousType2`4[[System.String, System.Private.CoreLib, Version=9.0.0.0, Culture=neutral, PublicKeyToken=7cec85d7bea7798e],[System.String, System.Private.CoreLib, Version=9.0.0.0, Culture=neutral, PublicKeyToken=7cec85d7bea7798e],[System.String, System.Private.CoreLib, Version=9.0.0.0, Culture=neutral, PublicKeyToken=7cec85d7bea7798e],[System.Int32, System.Private.CoreLib, Version=9.0.0.0, Culture=neutral, PublicKeyToken=7cec85d7bea7798e]]'.
2025-08-29 15:31:36.914 +03:30 [INF] Executed action Api.Controllers.TestController.SeedSell (Api) in 6.157ms
2025-08-29 15:31:36.935 +03:30 [INF] Executed endpoint 'Api.Controllers.TestController.SeedSell (Api)'
2025-08-29 15:31:36.937 +03:30 [INF] HTTP POST /api/test/seed/sell responded 200 in 65.6 ms
2025-08-29 15:31:36.939 +03:30 [INF] Request finished HTTP/1.1 POST http://localhost:5005/api/test/seed/sell - 200 null application/json; charset=utf-8 78.6909ms
2025-08-29 15:31:37.009 +03:30 [INF] Request starting HTTP/1.1 POST http://localhost:5005/api/test/seed/sell - application/json 82
2025-08-29 15:31:37.012 +03:30 [INF] Executing endpoint 'Api.Controllers.TestController.SeedSell (Api)'
2025-08-29 15:31:37.014 +03:30 [INF] Route matched with {action = "SeedSell", controller = "Test"}. Executing controller action with signature Microsoft.AspNetCore.Mvc.IActionResult SeedSell(SeedReq) on controller Api.Controllers.TestController (Api).
2025-08-29 15:31:37.032 +03:30 [INF] Executing action method Api.Controllers.TestController.SeedSell (Api) - Validation state: "Valid"
2025-08-29 15:31:37.084 +03:30 [INF] Executed action method Api.Controllers.TestController.SeedSell (Api), returned result Microsoft.AspNetCore.Mvc.OkObjectResult in 0.0217ms.
2025-08-29 15:31:37.092 +03:30 [INF] Executing OkObjectResult, writing value of type '<>f__AnonymousType2`4[[System.String, System.Private.CoreLib, Version=9.0.0.0, Culture=neutral, PublicKeyToken=7cec85d7bea7798e],[System.String, System.Private.CoreLib, Version=9.0.0.0, Culture=neutral, PublicKeyToken=7cec85d7bea7798e],[System.String, System.Private.CoreLib, Version=9.0.0.0, Culture=neutral, PublicKeyToken=7cec85d7bea7798e],[System.Int32, System.Private.CoreLib, Version=9.0.0.0, Culture=neutral, PublicKeyToken=7cec85d7bea7798e]]'.
2025-08-29 15:31:37.095 +03:30 [INF] Executed action Api.Controllers.TestController.SeedSell (Api) in 62.401ms
2025-08-29 15:31:37.109 +03:30 [INF] Executed endpoint 'Api.Controllers.TestController.SeedSell (Api)'
2025-08-29 15:31:37.112 +03:30 [INF] HTTP POST /api/test/seed/sell responded 200 in 99.2 ms
2025-08-29 15:31:37.118 +03:30 [INF] Request finished HTTP/1.1 POST http://localhost:5005/api/test/seed/sell - 200 null application/json; charset=utf-8 108.9568ms
2025-08-29 15:31:37.550 +03:30 [INF] Request starting HTTP/1.1 POST http://localhost:5005/api/test/seed/sell - application/json 82
2025-08-29 15:31:37.560 +03:30 [INF] Executing endpoint 'Api.Controllers.TestController.SeedSell (Api)'
2025-08-29 15:31:37.590 +03:30 [INF] Route matched with {action = "SeedSell", controller = "Test"}. Executing controller action with signature Microsoft.AspNetCore.Mvc.IActionResult SeedSell(SeedReq) on controller Api.Controllers.TestController (Api).
2025-08-29 15:31:37.595 +03:30 [INF] Executing action method Api.Controllers.TestController.SeedSell (Api) - Validation state: "Valid"
2025-08-29 15:31:37.607 +03:30 [INF] Executed action method Api.Controllers.TestController.SeedSell (Api), returned result Microsoft.AspNetCore.Mvc.OkObjectResult in 9.1316ms.
2025-08-29 15:31:37.611 +03:30 [INF] Executing OkObjectResult, writing value of type '<>f__AnonymousType2`4[[System.String, System.Private.CoreLib, Version=9.0.0.0, Culture=neutral, PublicKeyToken=7cec85d7bea7798e],[System.String, System.Private.CoreLib, Version=9.0.0.0, Culture=neutral, PublicKeyToken=7cec85d7bea7798e],[System.String, System.Private.CoreLib, Version=9.0.0.0, Culture=neutral, PublicKeyToken=7cec85d7bea7798e],[System.Int32, System.Private.CoreLib, Version=9.0.0.0, Culture=neutral, PublicKeyToken=7cec85d7bea7798e]]'.
2025-08-29 15:31:37.614 +03:30 [INF] Executed action Api.Controllers.TestController.SeedSell (Api) in 18.4081ms
2025-08-29 15:31:37.625 +03:30 [INF] Executed endpoint 'Api.Controllers.TestController.SeedSell (Api)'
2025-08-29 15:31:37.628 +03:30 [INF] HTTP POST /api/test/seed/sell responded 200 in 68.1 ms
2025-08-29 15:31:37.632 +03:30 [INF] Request finished HTTP/1.1 POST http://localhost:5005/api/test/seed/sell - 200 null application/json; charset=utf-8 82.1058ms
2025-08-29 15:31:37.722 +03:30 [INF] Request starting HTTP/1.1 POST http://localhost:5005/api/test/seed/sell - application/json 82
2025-08-29 15:31:37.726 +03:30 [INF] Executing endpoint 'Api.Controllers.TestController.SeedSell (Api)'
2025-08-29 15:31:37.734 +03:30 [INF] Route matched with {action = "SeedSell", controller = "Test"}. Executing controller action with signature Microsoft.AspNetCore.Mvc.IActionResult SeedSell(SeedReq) on controller Api.Controllers.TestController (Api).
2025-08-29 15:31:37.737 +03:30 [INF] Executing action method Api.Controllers.TestController.SeedSell (Api) - Validation state: "Valid"
2025-08-29 15:31:37.738 +03:30 [INF] Executed action method Api.Controllers.TestController.SeedSell (Api), returned result Microsoft.AspNetCore.Mvc.OkObjectResult in 0.0398ms.
2025-08-29 15:31:37.741 +03:30 [INF] Executing OkObjectResult, writing value of type '<>f__AnonymousType2`4[[System.String, System.Private.CoreLib, Version=9.0.0.0, Culture=neutral, PublicKeyToken=7cec85d7bea7798e],[System.String, System.Private.CoreLib, Version=9.0.0.0, Culture=neutral, PublicKeyToken=7cec85d7bea7798e],[System.String, System.Private.CoreLib, Version=9.0.0.0, Culture=neutral, PublicKeyToken=7cec85d7bea7798e],[System.Int32, System.Private.CoreLib, Version=9.0.0.0, Culture=neutral, PublicKeyToken=7cec85d7bea7798e]]'.
2025-08-29 15:31:37.743 +03:30 [INF] Executed action Api.Controllers.TestController.SeedSell (Api) in 6.2219ms
2025-08-29 15:31:37.751 +03:30 [INF] Executed endpoint 'Api.Controllers.TestController.SeedSell (Api)'
2025-08-29 15:31:37.755 +03:30 [INF] HTTP POST /api/test/seed/sell responded 200 in 28.8 ms
2025-08-29 15:31:37.758 +03:30 [INF] Request finished HTTP/1.1 POST http://localhost:5005/api/test/seed/sell - 200 null application/json; charset=utf-8 36.0009ms
2025-08-29 15:31:37.887 +03:30 [INF] Request starting HTTP/1.1 POST http://localhost:5005/api/test/seed/sell - application/json 82
2025-08-29 15:31:37.892 +03:30 [INF] Executing endpoint 'Api.Controllers.TestController.SeedSell (Api)'
2025-08-29 15:31:37.893 +03:30 [INF] Route matched with {action = "SeedSell", controller = "Test"}. Executing controller action with signature Microsoft.AspNetCore.Mvc.IActionResult SeedSell(SeedReq) on controller Api.Controllers.TestController (Api).
2025-08-29 15:31:37.896 +03:30 [INF] Executing action method Api.Controllers.TestController.SeedSell (Api) - Validation state: "Valid"
2025-08-29 15:31:37.899 +03:30 [INF] Executed action method Api.Controllers.TestController.SeedSell (Api), returned result Microsoft.AspNetCore.Mvc.OkObjectResult in 0.0245ms.
2025-08-29 15:31:37.901 +03:30 [INF] Executing OkObjectResult, writing value of type '<>f__AnonymousType2`4[[System.String, System.Private.CoreLib, Version=9.0.0.0, Culture=neutral, PublicKeyToken=7cec85d7bea7798e],[System.String, System.Private.CoreLib, Version=9.0.0.0, Culture=neutral, PublicKeyToken=7cec85d7bea7798e],[System.String, System.Private.CoreLib, Version=9.0.0.0, Culture=neutral, PublicKeyToken=7cec85d7bea7798e],[System.Int32, System.Private.CoreLib, Version=9.0.0.0, Culture=neutral, PublicKeyToken=7cec85d7bea7798e]]'.
2025-08-29 15:31:37.902 +03:30 [INF] Executed action Api.Controllers.TestController.SeedSell (Api) in 7.1247ms
2025-08-29 15:31:37.914 +03:30 [INF] Executed endpoint 'Api.Controllers.TestController.SeedSell (Api)'
2025-08-29 15:31:37.915 +03:30 [INF] HTTP POST /api/test/seed/sell responded 200 in 23.4 ms
2025-08-29 15:31:37.918 +03:30 [INF] Request finished HTTP/1.1 POST http://localhost:5005/api/test/seed/sell - 200 null application/json; charset=utf-8 31.2306ms
2025-08-29 15:31:38.497 +03:30 [INF] Request starting HTTP/1.1 POST http://localhost:5005/api/test/seed/sell - application/json 82
2025-08-29 15:31:38.501 +03:30 [INF] Executing endpoint 'Api.Controllers.TestController.SeedSell (Api)'
2025-08-29 15:31:38.504 +03:30 [INF] Route matched with {action = "SeedSell", controller = "Test"}. Executing controller action with signature Microsoft.AspNetCore.Mvc.IActionResult SeedSell(SeedReq) on controller Api.Controllers.TestController (Api).
2025-08-29 15:31:38.513 +03:30 [INF] Executing action method Api.Controllers.TestController.SeedSell (Api) - Validation state: "Valid"
2025-08-29 15:31:38.516 +03:30 [INF] Executed action method Api.Controllers.TestController.SeedSell (Api), returned result Microsoft.AspNetCore.Mvc.OkObjectResult in 0.0414ms.
2025-08-29 15:31:38.529 +03:30 [INF] Executing OkObjectResult, writing value of type '<>f__AnonymousType2`4[[System.String, System.Private.CoreLib, Version=9.0.0.0, Culture=neutral, PublicKeyToken=7cec85d7bea7798e],[System.String, System.Private.CoreLib, Version=9.0.0.0, Culture=neutral, PublicKeyToken=7cec85d7bea7798e],[System.String, System.Private.CoreLib, Version=9.0.0.0, Culture=neutral, PublicKeyToken=7cec85d7bea7798e],[System.Int32, System.Private.CoreLib, Version=9.0.0.0, Culture=neutral, PublicKeyToken=7cec85d7bea7798e]]'.
2025-08-29 15:31:38.531 +03:30 [INF] Executed action Api.Controllers.TestController.SeedSell (Api) in 18.266ms
2025-08-29 15:31:38.543 +03:30 [INF] Executed endpoint 'Api.Controllers.TestController.SeedSell (Api)'
2025-08-29 15:31:38.545 +03:30 [INF] HTTP POST /api/test/seed/sell responded 200 in 43.8 ms
2025-08-29 15:31:38.560 +03:30 [INF] Request finished HTTP/1.1 POST http://localhost:5005/api/test/seed/sell - 200 null application/json; charset=utf-8 62.5946ms
2025-08-29 15:31:38.655 +03:30 [INF] Request starting HTTP/1.1 POST http://localhost:5005/api/test/seed/sell - application/json 82
2025-08-29 15:31:38.682 +03:30 [INF] Executing endpoint 'Api.Controllers.TestController.SeedSell (Api)'
2025-08-29 15:31:38.684 +03:30 [INF] Route matched with {action = "SeedSell", controller = "Test"}. Executing controller action with signature Microsoft.AspNetCore.Mvc.IActionResult SeedSell(SeedReq) on controller Api.Controllers.TestController (Api).
2025-08-29 15:31:38.695 +03:30 [INF] Executing action method Api.Controllers.TestController.SeedSell (Api) - Validation state: "Valid"
2025-08-29 15:31:38.700 +03:30 [INF] Executed action method Api.Controllers.TestController.SeedSell (Api), returned result Microsoft.AspNetCore.Mvc.OkObjectResult in 0.0218ms.
2025-08-29 15:31:38.711 +03:30 [INF] Executing OkObjectResult, writing value of type '<>f__AnonymousType2`4[[System.String, System.Private.CoreLib, Version=9.0.0.0, Culture=neutral, PublicKeyToken=7cec85d7bea7798e],[System.String, System.Private.CoreLib, Version=9.0.0.0, Culture=neutral, PublicKeyToken=7cec85d7bea7798e],[System.String, System.Private.CoreLib, Version=9.0.0.0, Culture=neutral, PublicKeyToken=7cec85d7bea7798e],[System.Int32, System.Private.CoreLib, Version=9.0.0.0, Culture=neutral, PublicKeyToken=7cec85d7bea7798e]]'.
2025-08-29 15:31:38.713 +03:30 [INF] Executed action Api.Controllers.TestController.SeedSell (Api) in 18.4351ms
2025-08-29 15:31:38.727 +03:30 [INF] Executed endpoint 'Api.Controllers.TestController.SeedSell (Api)'
2025-08-29 15:31:38.729 +03:30 [INF] HTTP POST /api/test/seed/sell responded 200 in 46.9 ms
2025-08-29 15:31:38.734 +03:30 [INF] Request finished HTTP/1.1 POST http://localhost:5005/api/test/seed/sell - 200 null application/json; charset=utf-8 78.917ms
2025-08-29 15:31:38.821 +03:30 [INF] Request starting HTTP/1.1 POST http://localhost:5005/api/test/seed/sell - application/json 82
2025-08-29 15:31:38.877 +03:30 [INF] Executing endpoint 'Api.Controllers.TestController.SeedSell (Api)'
2025-08-29 15:31:38.878 +03:30 [INF] Route matched with {action = "SeedSell", controller = "Test"}. Executing controller action with signature Microsoft.AspNetCore.Mvc.IActionResult SeedSell(SeedReq) on controller Api.Controllers.TestController (Api).
2025-08-29 15:31:38.881 +03:30 [INF] Executing action method Api.Controllers.TestController.SeedSell (Api) - Validation state: "Valid"
2025-08-29 15:31:38.893 +03:30 [INF] Executed action method Api.Controllers.TestController.SeedSell (Api), returned result Microsoft.AspNetCore.Mvc.OkObjectResult in 0.0259ms.
2025-08-29 15:31:38.896 +03:30 [INF] Executing OkObjectResult, writing value of type '<>f__AnonymousType2`4[[System.String, System.Private.CoreLib, Version=9.0.0.0, Culture=neutral, PublicKeyToken=7cec85d7bea7798e],[System.String, System.Private.CoreLib, Version=9.0.0.0, Culture=neutral, PublicKeyToken=7cec85d7bea7798e],[System.String, System.Private.CoreLib, Version=9.0.0.0, Culture=neutral, PublicKeyToken=7cec85d7bea7798e],[System.Int32, System.Private.CoreLib, Version=9.0.0.0, Culture=neutral, PublicKeyToken=7cec85d7bea7798e]]'.
2025-08-29 15:31:38.911 +03:30 [INF] Executed action Api.Controllers.TestController.SeedSell (Api) in 29.6813ms
2025-08-29 15:31:38.917 +03:30 [INF] Executed endpoint 'Api.Controllers.TestController.SeedSell (Api)'
2025-08-29 15:31:38.928 +03:30 [INF] HTTP POST /api/test/seed/sell responded 200 in 51.1 ms
2025-08-29 15:31:38.931 +03:30 [INF] Request finished HTTP/1.1 POST http://localhost:5005/api/test/seed/sell - 200 null application/json; charset=utf-8 109.8658ms
2025-08-29 15:31:39.004 +03:30 [INF] Request starting HTTP/1.1 POST http://localhost:5005/api/test/seed/sell - application/json 82
2025-08-29 15:31:39.025 +03:30 [INF] Executing endpoint 'Api.Controllers.TestController.SeedSell (Api)'
2025-08-29 15:31:39.029 +03:30 [INF] Route matched with {action = "SeedSell", controller = "Test"}. Executing controller action with signature Microsoft.AspNetCore.Mvc.IActionResult SeedSell(SeedReq) on controller Api.Controllers.TestController (Api).
2025-08-29 15:31:39.031 +03:30 [INF] Executing action method Api.Controllers.TestController.SeedSell (Api) - Validation state: "Valid"
2025-08-29 15:31:39.032 +03:30 [INF] Executed action method Api.Controllers.TestController.SeedSell (Api), returned result Microsoft.AspNetCore.Mvc.OkObjectResult in 0.024ms.
2025-08-29 15:31:39.034 +03:30 [INF] Executing OkObjectResult, writing value of type '<>f__AnonymousType2`4[[System.String, System.Private.CoreLib, Version=9.0.0.0, Culture=neutral, PublicKeyToken=7cec85d7bea7798e],[System.String, System.Private.CoreLib, Version=9.0.0.0, Culture=neutral, PublicKeyToken=7cec85d7bea7798e],[System.String, System.Private.CoreLib, Version=9.0.0.0, Culture=neutral, PublicKeyToken=7cec85d7bea7798e],[System.Int32, System.Private.CoreLib, Version=9.0.0.0, Culture=neutral, PublicKeyToken=7cec85d7bea7798e]]'.
2025-08-29 15:31:39.041 +03:30 [INF] Executed action Api.Controllers.TestController.SeedSell (Api) in 10.0352ms
2025-08-29 15:31:39.051 +03:30 [INF] Executed endpoint 'Api.Controllers.TestController.SeedSell (Api)'
2025-08-29 15:31:39.058 +03:30 [INF] HTTP POST /api/test/seed/sell responded 200 in 32.9 ms
2025-08-29 15:31:39.060 +03:30 [INF] Request finished HTTP/1.1 POST http://localhost:5005/api/test/seed/sell - 200 null application/json; charset=utf-8 56.002ms
2025-08-29 15:31:39.292 +03:30 [INF] Request starting HTTP/1.1 POST http://localhost:5005/api/test/seed/sell - application/json 82
2025-08-29 15:31:39.298 +03:30 [INF] Executing endpoint 'Api.Controllers.TestController.SeedSell (Api)'
2025-08-29 15:31:39.299 +03:30 [INF] Route matched with {action = "SeedSell", controller = "Test"}. Executing controller action with signature Microsoft.AspNetCore.Mvc.IActionResult SeedSell(SeedReq) on controller Api.Controllers.TestController (Api).
2025-08-29 15:31:39.302 +03:30 [INF] Executing action method Api.Controllers.TestController.SeedSell (Api) - Validation state: "Valid"
2025-08-29 15:31:39.304 +03:30 [INF] Executed action method Api.Controllers.TestController.SeedSell (Api), returned result Microsoft.AspNetCore.Mvc.OkObjectResult in 0.0248ms.
2025-08-29 15:31:39.306 +03:30 [INF] Executing OkObjectResult, writing value of type '<>f__AnonymousType2`4[[System.String, System.Private.CoreLib, Version=9.0.0.0, Culture=neutral, PublicKeyToken=7cec85d7bea7798e],[System.String, System.Private.CoreLib, Version=9.0.0.0, Culture=neutral, PublicKeyToken=7cec85d7bea7798e],[System.String, System.Private.CoreLib, Version=9.0.0.0, Culture=neutral, PublicKeyToken=7cec85d7bea7798e],[System.Int32, System.Private.CoreLib, Version=9.0.0.0, Culture=neutral, PublicKeyToken=7cec85d7bea7798e]]'.
2025-08-29 15:31:39.308 +03:30 [INF] Executed action Api.Controllers.TestController.SeedSell (Api) in 6.8013ms
2025-08-29 15:31:39.317 +03:30 [INF] Executed endpoint 'Api.Controllers.TestController.SeedSell (Api)'
2025-08-29 15:31:39.319 +03:30 [INF] HTTP POST /api/test/seed/sell responded 200 in 21.7 ms
2025-08-29 15:31:39.322 +03:30 [INF] Request finished HTTP/1.1 POST http://localhost:5005/api/test/seed/sell - 200 null application/json; charset=utf-8 29.8608ms
2025-08-29 15:31:39.457 +03:30 [INF] Request starting HTTP/1.1 POST http://localhost:5005/api/test/seed/sell - application/json 82
2025-08-29 15:31:39.468 +03:30 [INF] Executing endpoint 'Api.Controllers.TestController.SeedSell (Api)'
2025-08-29 15:31:39.490 +03:30 [INF] Route matched with {action = "SeedSell", controller = "Test"}. Executing controller action with signature Microsoft.AspNetCore.Mvc.IActionResult SeedSell(SeedReq) on controller Api.Controllers.TestController (Api).
2025-08-29 15:31:39.493 +03:30 [INF] Executing action method Api.Controllers.TestController.SeedSell (Api) - Validation state: "Valid"
2025-08-29 15:31:39.495 +03:30 [INF] Executed action method Api.Controllers.TestController.SeedSell (Api), returned result Microsoft.AspNetCore.Mvc.OkObjectResult in 0.0301ms.
2025-08-29 15:31:39.497 +03:30 [INF] Executing OkObjectResult, writing value of type '<>f__AnonymousType2`4[[System.String, System.Private.CoreLib, Version=9.0.0.0, Culture=neutral, PublicKeyToken=7cec85d7bea7798e],[System.String, System.Private.CoreLib, Version=9.0.0.0, Culture=neutral, PublicKeyToken=7cec85d7bea7798e],[System.String, System.Private.CoreLib, Version=9.0.0.0, Culture=neutral, PublicKeyToken=7cec85d7bea7798e],[System.Int32, System.Private.CoreLib, Version=9.0.0.0, Culture=neutral, PublicKeyToken=7cec85d7bea7798e]]'.
2025-08-29 15:31:39.501 +03:30 [INF] Executed action Api.Controllers.TestController.SeedSell (Api) in 8.4249ms
2025-08-29 15:31:39.512 +03:30 [INF] Executed endpoint 'Api.Controllers.TestController.SeedSell (Api)'
2025-08-29 15:31:39.514 +03:30 [INF] HTTP POST /api/test/seed/sell responded 200 in 45.8 ms
2025-08-29 15:31:39.517 +03:30 [INF] Request finished HTTP/1.1 POST http://localhost:5005/api/test/seed/sell - 200 null application/json; charset=utf-8 59.1354ms
2025-08-29 15:31:39.612 +03:30 [INF] Request starting HTTP/1.1 POST http://localhost:5005/api/test/seed/sell - application/json 82
2025-08-29 15:31:39.621 +03:30 [INF] Executing endpoint 'Api.Controllers.TestController.SeedSell (Api)'
2025-08-29 15:31:39.624 +03:30 [INF] Route matched with {action = "SeedSell", controller = "Test"}. Executing controller action with signature Microsoft.AspNetCore.Mvc.IActionResult SeedSell(SeedReq) on controller Api.Controllers.TestController (Api).
2025-08-29 15:31:39.627 +03:30 [INF] Executing action method Api.Controllers.TestController.SeedSell (Api) - Validation state: "Valid"
2025-08-29 15:31:39.628 +03:30 [INF] Executed action method Api.Controllers.TestController.SeedSell (Api), returned result Microsoft.AspNetCore.Mvc.OkObjectResult in 0.0238ms.
2025-08-29 15:31:39.631 +03:30 [INF] Executing OkObjectResult, writing value of type '<>f__AnonymousType2`4[[System.String, System.Private.CoreLib, Version=9.0.0.0, Culture=neutral, PublicKeyToken=7cec85d7bea7798e],[System.String, System.Private.CoreLib, Version=9.0.0.0, Culture=neutral, PublicKeyToken=7cec85d7bea7798e],[System.String, System.Private.CoreLib, Version=9.0.0.0, Culture=neutral, PublicKeyToken=7cec85d7bea7798e],[System.Int32, System.Private.CoreLib, Version=9.0.0.0, Culture=neutral, PublicKeyToken=7cec85d7bea7798e]]'.
2025-08-29 15:31:39.632 +03:30 [INF] Executed action Api.Controllers.TestController.SeedSell (Api) in 5.7623ms
2025-08-29 15:31:39.647 +03:30 [INF] Executed endpoint 'Api.Controllers.TestController.SeedSell (Api)'
2025-08-29 15:31:39.648 +03:30 [INF] HTTP POST /api/test/seed/sell responded 200 in 27.3 ms
2025-08-29 15:31:39.651 +03:30 [INF] Request finished HTTP/1.1 POST http://localhost:5005/api/test/seed/sell - 200 null application/json; charset=utf-8 38.9124ms
2025-08-29 15:31:39.896 +03:30 [INF] Request starting HTTP/1.1 POST http://localhost:5005/api/test/seed/sell - application/json 82
2025-08-29 15:31:39.900 +03:30 [INF] Executing endpoint 'Api.Controllers.TestController.SeedSell (Api)'
2025-08-29 15:31:39.902 +03:30 [INF] Route matched with {action = "SeedSell", controller = "Test"}. Executing controller action with signature Microsoft.AspNetCore.Mvc.IActionResult SeedSell(SeedReq) on controller Api.Controllers.TestController (Api).
2025-08-29 15:31:39.907 +03:30 [INF] Executing action method Api.Controllers.TestController.SeedSell (Api) - Validation state: "Valid"
2025-08-29 15:31:39.909 +03:30 [INF] Executed action method Api.Controllers.TestController.SeedSell (Api), returned result Microsoft.AspNetCore.Mvc.OkObjectResult in 0.0226ms.
2025-08-29 15:31:39.912 +03:30 [INF] Executing OkObjectResult, writing value of type '<>f__AnonymousType2`4[[System.String, System.Private.CoreLib, Version=9.0.0.0, Culture=neutral, PublicKeyToken=7cec85d7bea7798e],[System.String, System.Private.CoreLib, Version=9.0.0.0, Culture=neutral, PublicKeyToken=7cec85d7bea7798e],[System.String, System.Private.CoreLib, Version=9.0.0.0, Culture=neutral, PublicKeyToken=7cec85d7bea7798e],[System.Int32, System.Private.CoreLib, Version=9.0.0.0, Culture=neutral, PublicKeyToken=7cec85d7bea7798e]]'.
2025-08-29 15:31:39.914 +03:30 [INF] Executed action Api.Controllers.TestController.SeedSell (Api) in 6.7118ms
2025-08-29 15:31:39.921 +03:30 [INF] Executed endpoint 'Api.Controllers.TestController.SeedSell (Api)'
2025-08-29 15:31:39.926 +03:30 [INF] HTTP POST /api/test/seed/sell responded 200 in 25.4 ms
2025-08-29 15:31:39.930 +03:30 [INF] Request finished HTTP/1.1 POST http://localhost:5005/api/test/seed/sell - 200 null application/json; charset=utf-8 33.1134ms
2025-08-29 15:31:40.073 +03:30 [INF] Request starting HTTP/1.1 POST http://localhost:5005/api/test/seed/sell - application/json 82
2025-08-29 15:31:40.079 +03:30 [INF] Executing endpoint 'Api.Controllers.TestController.SeedSell (Api)'
2025-08-29 15:31:40.083 +03:30 [INF] Route matched with {action = "SeedSell", controller = "Test"}. Executing controller action with signature Microsoft.AspNetCore.Mvc.IActionResult SeedSell(SeedReq) on controller Api.Controllers.TestController (Api).
2025-08-29 15:31:40.091 +03:30 [INF] Executing action method Api.Controllers.TestController.SeedSell (Api) - Validation state: "Valid"
2025-08-29 15:31:40.093 +03:30 [INF] Executed action method Api.Controllers.TestController.SeedSell (Api), returned result Microsoft.AspNetCore.Mvc.OkObjectResult in 0.0286ms.
2025-08-29 15:31:40.094 +03:30 [INF] Executing OkObjectResult, writing value of type '<>f__AnonymousType2`4[[System.String, System.Private.CoreLib, Version=9.0.0.0, Culture=neutral, PublicKeyToken=7cec85d7bea7798e],[System.String, System.Private.CoreLib, Version=9.0.0.0, Culture=neutral, PublicKeyToken=7cec85d7bea7798e],[System.String, System.Private.CoreLib, Version=9.0.0.0, Culture=neutral, PublicKeyToken=7cec85d7bea7798e],[System.Int32, System.Private.CoreLib, Version=9.0.0.0, Culture=neutral, PublicKeyToken=7cec85d7bea7798e]]'.
2025-08-29 15:31:40.096 +03:30 [INF] Executed action Api.Controllers.TestController.SeedSell (Api) in 5.7754ms
2025-08-29 15:31:40.098 +03:30 [INF] Executed endpoint 'Api.Controllers.TestController.SeedSell (Api)'
2025-08-29 15:31:40.100 +03:30 [INF] HTTP POST /api/test/seed/sell responded 200 in 20.6 ms
2025-08-29 15:31:40.107 +03:30 [INF] Request finished HTTP/1.1 POST http://localhost:5005/api/test/seed/sell - 200 null application/json; charset=utf-8 33.8668ms
2025-08-29 15:31:40.595 +03:30 [INF] Request starting HTTP/1.1 POST http://localhost:5005/api/test/seed/sell - application/json 82
2025-08-29 15:31:40.601 +03:30 [INF] Executing endpoint 'Api.Controllers.TestController.SeedSell (Api)'
2025-08-29 15:31:40.609 +03:30 [INF] Route matched with {action = "SeedSell", controller = "Test"}. Executing controller action with signature Microsoft.AspNetCore.Mvc.IActionResult SeedSell(SeedReq) on controller Api.Controllers.TestController (Api).
2025-08-29 15:31:40.617 +03:30 [INF] Executing action method Api.Controllers.TestController.SeedSell (Api) - Validation state: "Valid"
2025-08-29 15:31:40.626 +03:30 [INF] Executed action method Api.Controllers.TestController.SeedSell (Api), returned result Microsoft.AspNetCore.Mvc.OkObjectResult in 0.0326ms.
2025-08-29 15:31:40.628 +03:30 [INF] Executing OkObjectResult, writing value of type '<>f__AnonymousType2`4[[System.String, System.Private.CoreLib, Version=9.0.0.0, Culture=neutral, PublicKeyToken=7cec85d7bea7798e],[System.String, System.Private.CoreLib, Version=9.0.0.0, Culture=neutral, PublicKeyToken=7cec85d7bea7798e],[System.String, System.Private.CoreLib, Version=9.0.0.0, Culture=neutral, PublicKeyToken=7cec85d7bea7798e],[System.Int32, System.Private.CoreLib, Version=9.0.0.0, Culture=neutral, PublicKeyToken=7cec85d7bea7798e]]'.
2025-08-29 15:31:40.630 +03:30 [INF] Executed action Api.Controllers.TestController.SeedSell (Api) in 13.8286ms
2025-08-29 15:31:40.649 +03:30 [INF] Executed endpoint 'Api.Controllers.TestController.SeedSell (Api)'
2025-08-29 15:31:40.651 +03:30 [INF] HTTP POST /api/test/seed/sell responded 200 in 49.5 ms
2025-08-29 15:31:40.658 +03:30 [INF] Request finished HTTP/1.1 POST http://localhost:5005/api/test/seed/sell - 200 null application/json; charset=utf-8 63.9744ms
2025-08-29 15:31:40.748 +03:30 [INF] Request starting HTTP/1.1 POST http://localhost:5005/api/test/seed/sell - application/json 82
2025-08-29 15:31:40.757 +03:30 [INF] Executing endpoint 'Api.Controllers.TestController.SeedSell (Api)'
2025-08-29 15:31:40.758 +03:30 [INF] Route matched with {action = "SeedSell", controller = "Test"}. Executing controller action with signature Microsoft.AspNetCore.Mvc.IActionResult SeedSell(SeedReq) on controller Api.Controllers.TestController (Api).
2025-08-29 15:31:40.763 +03:30 [INF] Executing action method Api.Controllers.TestController.SeedSell (Api) - Validation state: "Valid"
2025-08-29 15:31:40.765 +03:30 [INF] Executed action method Api.Controllers.TestController.SeedSell (Api), returned result Microsoft.AspNetCore.Mvc.OkObjectResult in 0.0259ms.
2025-08-29 15:31:40.778 +03:30 [INF] Executing OkObjectResult, writing value of type '<>f__AnonymousType2`4[[System.String, System.Private.CoreLib, Version=9.0.0.0, Culture=neutral, PublicKeyToken=7cec85d7bea7798e],[System.String, System.Private.CoreLib, Version=9.0.0.0, Culture=neutral, PublicKeyToken=7cec85d7bea7798e],[System.String, System.Private.CoreLib, Version=9.0.0.0, Culture=neutral, PublicKeyToken=7cec85d7bea7798e],[System.Int32, System.Private.CoreLib, Version=9.0.0.0, Culture=neutral, PublicKeyToken=7cec85d7bea7798e]]'.
2025-08-29 15:31:40.779 +03:30 [INF] Executed action Api.Controllers.TestController.SeedSell (Api) in 16.9251ms
2025-08-29 15:31:40.792 +03:30 [INF] Executed endpoint 'Api.Controllers.TestController.SeedSell (Api)'
2025-08-29 15:31:40.801 +03:30 [INF] HTTP POST /api/test/seed/sell responded 200 in 43.6 ms
2025-08-29 15:31:40.808 +03:30 [INF] Request finished HTTP/1.1 POST http://localhost:5005/api/test/seed/sell - 200 null application/json; charset=utf-8 60.083ms
2025-08-29 15:31:40.947 +03:30 [INF] Request starting HTTP/1.1 POST http://localhost:5005/api/test/seed/sell - application/json 82
2025-08-29 15:31:40.950 +03:30 [INF] Executing endpoint 'Api.Controllers.TestController.SeedSell (Api)'
2025-08-29 15:31:40.953 +03:30 [INF] Route matched with {action = "SeedSell", controller = "Test"}. Executing controller action with signature Microsoft.AspNetCore.Mvc.IActionResult SeedSell(SeedReq) on controller Api.Controllers.TestController (Api).
2025-08-29 15:31:40.959 +03:30 [INF] Executing action method Api.Controllers.TestController.SeedSell (Api) - Validation state: "Valid"
2025-08-29 15:31:40.961 +03:30 [INF] Executed action method Api.Controllers.TestController.SeedSell (Api), returned result Microsoft.AspNetCore.Mvc.OkObjectResult in 0.0253ms.
2025-08-29 15:31:40.963 +03:30 [INF] Executing OkObjectResult, writing value of type '<>f__AnonymousType2`4[[System.String, System.Private.CoreLib, Version=9.0.0.0, Culture=neutral, PublicKeyToken=7cec85d7bea7798e],[System.String, System.Private.CoreLib, Version=9.0.0.0, Culture=neutral, PublicKeyToken=7cec85d7bea7798e],[System.String, System.Private.CoreLib, Version=9.0.0.0, Culture=neutral, PublicKeyToken=7cec85d7bea7798e],[System.Int32, System.Private.CoreLib, Version=9.0.0.0, Culture=neutral, PublicKeyToken=7cec85d7bea7798e]]'.
2025-08-29 15:31:40.965 +03:30 [INF] Executed action Api.Controllers.TestController.SeedSell (Api) in 6.301ms
2025-08-29 15:31:40.967 +03:30 [INF] Executed endpoint 'Api.Controllers.TestController.SeedSell (Api)'
2025-08-29 15:31:40.971 +03:30 [INF] HTTP POST /api/test/seed/sell responded 200 in 20.8 ms
2025-08-29 15:31:40.974 +03:30 [INF] Request finished HTTP/1.1 POST http://localhost:5005/api/test/seed/sell - 200 null application/json; charset=utf-8 27.2195ms
2025-08-29 15:31:41.113 +03:30 [INF] Request starting HTTP/1.1 POST http://localhost:5005/api/test/seed/sell - application/json 82
2025-08-29 15:31:41.122 +03:30 [INF] Executing endpoint 'Api.Controllers.TestController.SeedSell (Api)'
2025-08-29 15:31:41.123 +03:30 [INF] Route matched with {action = "SeedSell", controller = "Test"}. Executing controller action with signature Microsoft.AspNetCore.Mvc.IActionResult SeedSell(SeedReq) on controller Api.Controllers.TestController (Api).
2025-08-29 15:31:41.127 +03:30 [INF] Executing action method Api.Controllers.TestController.SeedSell (Api) - Validation state: "Valid"
2025-08-29 15:31:41.129 +03:30 [INF] Executed action method Api.Controllers.TestController.SeedSell (Api), returned result Microsoft.AspNetCore.Mvc.OkObjectResult in 0.0232ms.
2025-08-29 15:31:41.131 +03:30 [INF] Executing OkObjectResult, writing value of type '<>f__AnonymousType2`4[[System.String, System.Private.CoreLib, Version=9.0.0.0, Culture=neutral, PublicKeyToken=7cec85d7bea7798e],[System.String, System.Private.CoreLib, Version=9.0.0.0, Culture=neutral, PublicKeyToken=7cec85d7bea7798e],[System.String, System.Private.CoreLib, Version=9.0.0.0, Culture=neutral, PublicKeyToken=7cec85d7bea7798e],[System.Int32, System.Private.CoreLib, Version=9.0.0.0, Culture=neutral, PublicKeyToken=7cec85d7bea7798e]]'.
2025-08-29 15:31:41.142 +03:30 [INF] Executed action Api.Controllers.TestController.SeedSell (Api) in 14.5219ms
2025-08-29 15:31:41.160 +03:30 [INF] Executed endpoint 'Api.Controllers.TestController.SeedSell (Api)'
2025-08-29 15:31:41.161 +03:30 [INF] HTTP POST /api/test/seed/sell responded 200 in 39.4 ms
2025-08-29 15:31:41.163 +03:30 [INF] Request finished HTTP/1.1 POST http://localhost:5005/api/test/seed/sell - 200 null application/json; charset=utf-8 50.0739ms
2025-08-29 15:31:41.631 +03:30 [INF] Request starting HTTP/1.1 POST http://localhost:5005/api/test/seed/sell - application/json 82
2025-08-29 15:31:41.635 +03:30 [INF] Executing endpoint 'Api.Controllers.TestController.SeedSell (Api)'
2025-08-29 15:31:41.650 +03:30 [INF] Route matched with {action = "SeedSell", controller = "Test"}. Executing controller action with signature Microsoft.AspNetCore.Mvc.IActionResult SeedSell(SeedReq) on controller Api.Controllers.TestController (Api).
2025-08-29 15:31:41.657 +03:30 [INF] Executing action method Api.Controllers.TestController.SeedSell (Api) - Validation state: "Valid"
2025-08-29 15:31:41.660 +03:30 [INF] Executed action method Api.Controllers.TestController.SeedSell (Api), returned result Microsoft.AspNetCore.Mvc.OkObjectResult in 0.0273ms.
2025-08-29 15:31:41.662 +03:30 [INF] Executing OkObjectResult, writing value of type '<>f__AnonymousType2`4[[System.String, System.Private.CoreLib, Version=9.0.0.0, Culture=neutral, PublicKeyToken=7cec85d7bea7798e],[System.String, System.Private.CoreLib, Version=9.0.0.0, Culture=neutral, PublicKeyToken=7cec85d7bea7798e],[System.String, System.Private.CoreLib, Version=9.0.0.0, Culture=neutral, PublicKeyToken=7cec85d7bea7798e],[System.Int32, System.Private.CoreLib, Version=9.0.0.0, Culture=neutral, PublicKeyToken=7cec85d7bea7798e]]'.
2025-08-29 15:31:41.664 +03:30 [INF] Executed action Api.Controllers.TestController.SeedSell (Api) in 7.3372ms
2025-08-29 15:31:41.674 +03:30 [INF] Executed endpoint 'Api.Controllers.TestController.SeedSell (Api)'
2025-08-29 15:31:41.677 +03:30 [INF] HTTP POST /api/test/seed/sell responded 200 in 42.3 ms
2025-08-29 15:31:41.683 +03:30 [INF] Request finished HTTP/1.1 POST http://localhost:5005/api/test/seed/sell - 200 null application/json; charset=utf-8 52.5211ms
2025-08-29 15:31:41.824 +03:30 [INF] Request starting HTTP/1.1 POST http://localhost:5005/api/test/seed/sell - application/json 82
2025-08-29 15:31:41.828 +03:30 [INF] Executing endpoint 'Api.Controllers.TestController.SeedSell (Api)'
2025-08-29 15:31:41.829 +03:30 [INF] Route matched with {action = "SeedSell", controller = "Test"}. Executing controller action with signature Microsoft.AspNetCore.Mvc.IActionResult SeedSell(SeedReq) on controller Api.Controllers.TestController (Api).
2025-08-29 15:31:41.834 +03:30 [INF] Executing action method Api.Controllers.TestController.SeedSell (Api) - Validation state: "Valid"
2025-08-29 15:31:41.839 +03:30 [INF] Executed action method Api.Controllers.TestController.SeedSell (Api), returned result Microsoft.AspNetCore.Mvc.OkObjectResult in 0.0312ms.
2025-08-29 15:31:41.841 +03:30 [INF] Executing OkObjectResult, writing value of type '<>f__AnonymousType2`4[[System.String, System.Private.CoreLib, Version=9.0.0.0, Culture=neutral, PublicKeyToken=7cec85d7bea7798e],[System.String, System.Private.CoreLib, Version=9.0.0.0, Culture=neutral, PublicKeyToken=7cec85d7bea7798e],[System.String, System.Private.CoreLib, Version=9.0.0.0, Culture=neutral, PublicKeyToken=7cec85d7bea7798e],[System.Int32, System.Private.CoreLib, Version=9.0.0.0, Culture=neutral, PublicKeyToken=7cec85d7bea7798e]]'.
2025-08-29 15:31:41.847 +03:30 [INF] Executed action Api.Controllers.TestController.SeedSell (Api) in 12.9494ms
2025-08-29 15:31:41.864 +03:30 [INF] Executed endpoint 'Api.Controllers.TestController.SeedSell (Api)'
2025-08-29 15:31:41.866 +03:30 [INF] HTTP POST /api/test/seed/sell responded 200 in 37.8 ms
2025-08-29 15:31:41.868 +03:30 [INF] Request finished HTTP/1.1 POST http://localhost:5005/api/test/seed/sell - 200 null application/json; charset=utf-8 44.2526ms
2025-08-29 15:31:42.024 +03:30 [INF] Request starting HTTP/1.1 POST http://localhost:5005/api/test/seed/sell - application/json 82
2025-08-29 15:31:42.027 +03:30 [INF] Executing endpoint 'Api.Controllers.TestController.SeedSell (Api)'
2025-08-29 15:31:42.031 +03:30 [INF] Route matched with {action = "SeedSell", controller = "Test"}. Executing controller action with signature Microsoft.AspNetCore.Mvc.IActionResult SeedSell(SeedReq) on controller Api.Controllers.TestController (Api).
2025-08-29 15:31:42.034 +03:30 [INF] Executing action method Api.Controllers.TestController.SeedSell (Api) - Validation state: "Valid"
2025-08-29 15:31:42.036 +03:30 [INF] Executed action method Api.Controllers.TestController.SeedSell (Api), returned result Microsoft.AspNetCore.Mvc.OkObjectResult in 0.0226ms.
2025-08-29 15:31:42.038 +03:30 [INF] Executing OkObjectResult, writing value of type '<>f__AnonymousType2`4[[System.String, System.Private.CoreLib, Version=9.0.0.0, Culture=neutral, PublicKeyToken=7cec85d7bea7798e],[System.String, System.Private.CoreLib, Version=9.0.0.0, Culture=neutral, PublicKeyToken=7cec85d7bea7798e],[System.String, System.Private.CoreLib, Version=9.0.0.0, Culture=neutral, PublicKeyToken=7cec85d7bea7798e],[System.Int32, System.Private.CoreLib, Version=9.0.0.0, Culture=neutral, PublicKeyToken=7cec85d7bea7798e]]'.
2025-08-29 15:31:42.041 +03:30 [INF] Executed action Api.Controllers.TestController.SeedSell (Api) in 7.4026ms
2025-08-29 15:31:42.046 +03:30 [INF] Executed endpoint 'Api.Controllers.TestController.SeedSell (Api)'
2025-08-29 15:31:42.048 +03:30 [INF] HTTP POST /api/test/seed/sell responded 200 in 20.8 ms
2025-08-29 15:31:42.058 +03:30 [INF] Request finished HTTP/1.1 POST http://localhost:5005/api/test/seed/sell - 200 null application/json; charset=utf-8 33.8372ms
2025-08-29 15:31:42.177 +03:30 [INF] Request starting HTTP/1.1 POST http://localhost:5005/api/test/seed/sell - application/json 82
2025-08-29 15:31:42.196 +03:30 [INF] Executing endpoint 'Api.Controllers.TestController.SeedSell (Api)'
2025-08-29 15:31:42.232 +03:30 [INF] Route matched with {action = "SeedSell", controller = "Test"}. Executing controller action with signature Microsoft.AspNetCore.Mvc.IActionResult SeedSell(SeedReq) on controller Api.Controllers.TestController (Api).
2025-08-29 15:31:42.246 +03:30 [INF] Executing action method Api.Controllers.TestController.SeedSell (Api) - Validation state: "Valid"
2025-08-29 15:31:42.247 +03:30 [INF] Executed action method Api.Controllers.TestController.SeedSell (Api), returned result Microsoft.AspNetCore.Mvc.OkObjectResult in 0.0222ms.
2025-08-29 15:31:42.250 +03:30 [INF] Executing OkObjectResult, writing value of type '<>f__AnonymousType2`4[[System.String, System.Private.CoreLib, Version=9.0.0.0, Culture=neutral, PublicKeyToken=7cec85d7bea7798e],[System.String, System.Private.CoreLib, Version=9.0.0.0, Culture=neutral, PublicKeyToken=7cec85d7bea7798e],[System.String, System.Private.CoreLib, Version=9.0.0.0, Culture=neutral, PublicKeyToken=7cec85d7bea7798e],[System.Int32, System.Private.CoreLib, Version=9.0.0.0, Culture=neutral, PublicKeyToken=7cec85d7bea7798e]]'.
2025-08-29 15:31:42.258 +03:30 [INF] Executed action Api.Controllers.TestController.SeedSell (Api) in 12.1181ms
2025-08-29 15:31:42.268 +03:30 [INF] Executed endpoint 'Api.Controllers.TestController.SeedSell (Api)'
2025-08-29 15:31:42.274 +03:30 [INF] HTTP POST /api/test/seed/sell responded 200 in 77.9 ms
2025-08-29 15:31:42.276 +03:30 [INF] Request finished HTTP/1.1 POST http://localhost:5005/api/test/seed/sell - 200 null application/json; charset=utf-8 98.8951ms
2025-08-29 15:31:42.777 +03:30 [INF] Request starting HTTP/1.1 POST http://localhost:5005/api/test/seed/sell - application/json 82
2025-08-29 15:31:42.780 +03:30 [INF] Executing endpoint 'Api.Controllers.TestController.SeedSell (Api)'
2025-08-29 15:31:42.781 +03:30 [INF] Route matched with {action = "SeedSell", controller = "Test"}. Executing controller action with signature Microsoft.AspNetCore.Mvc.IActionResult SeedSell(SeedReq) on controller Api.Controllers.TestController (Api).
2025-08-29 15:31:42.783 +03:30 [INF] Executing action method Api.Controllers.TestController.SeedSell (Api) - Validation state: "Valid"
2025-08-29 15:31:42.787 +03:30 [INF] Executed action method Api.Controllers.TestController.SeedSell (Api), returned result Microsoft.AspNetCore.Mvc.OkObjectResult in 0.0222ms.
2025-08-29 15:31:42.791 +03:30 [INF] Executing OkObjectResult, writing value of type '<>f__AnonymousType2`4[[System.String, System.Private.CoreLib, Version=9.0.0.0, Culture=neutral, PublicKeyToken=7cec85d7bea7798e],[System.String, System.Private.CoreLib, Version=9.0.0.0, Culture=neutral, PublicKeyToken=7cec85d7bea7798e],[System.String, System.Private.CoreLib, Version=9.0.0.0, Culture=neutral, PublicKeyToken=7cec85d7bea7798e],[System.Int32, System.Private.CoreLib, Version=9.0.0.0, Culture=neutral, PublicKeyToken=7cec85d7bea7798e]]'.
2025-08-29 15:31:42.793 +03:30 [INF] Executed action Api.Controllers.TestController.SeedSell (Api) in 9.4361ms
2025-08-29 15:31:42.802 +03:30 [INF] Executed endpoint 'Api.Controllers.TestController.SeedSell (Api)'
2025-08-29 15:31:42.815 +03:30 [INF] HTTP POST /api/test/seed/sell responded 200 in 34.3 ms
2025-08-29 15:31:42.817 +03:30 [INF] Request finished HTTP/1.1 POST http://localhost:5005/api/test/seed/sell - 200 null application/json; charset=utf-8 40.1775ms
2025-08-29 15:31:42.949 +03:30 [INF] Request starting HTTP/1.1 POST http://localhost:5005/api/test/seed/sell - application/json 82
2025-08-29 15:31:42.959 +03:30 [INF] Executing endpoint 'Api.Controllers.TestController.SeedSell (Api)'
2025-08-29 15:31:42.960 +03:30 [INF] Route matched with {action = "SeedSell", controller = "Test"}. Executing controller action with signature Microsoft.AspNetCore.Mvc.IActionResult SeedSell(SeedReq) on controller Api.Controllers.TestController (Api).
2025-08-29 15:31:42.964 +03:30 [INF] Executing action method Api.Controllers.TestController.SeedSell (Api) - Validation state: "Valid"
2025-08-29 15:31:42.965 +03:30 [INF] Executed action method Api.Controllers.TestController.SeedSell (Api), returned result Microsoft.AspNetCore.Mvc.OkObjectResult in 0.0362ms.
2025-08-29 15:31:42.968 +03:30 [INF] Executing OkObjectResult, writing value of type '<>f__AnonymousType2`4[[System.String, System.Private.CoreLib, Version=9.0.0.0, Culture=neutral, PublicKeyToken=7cec85d7bea7798e],[System.String, System.Private.CoreLib, Version=9.0.0.0, Culture=neutral, PublicKeyToken=7cec85d7bea7798e],[System.String, System.Private.CoreLib, Version=9.0.0.0, Culture=neutral, PublicKeyToken=7cec85d7bea7798e],[System.Int32, System.Private.CoreLib, Version=9.0.0.0, Culture=neutral, PublicKeyToken=7cec85d7bea7798e]]'.
2025-08-29 15:31:42.973 +03:30 [INF] Executed action Api.Controllers.TestController.SeedSell (Api) in 9.3399ms
2025-08-29 15:31:42.979 +03:30 [INF] Executed endpoint 'Api.Controllers.TestController.SeedSell (Api)'
2025-08-29 15:31:42.981 +03:30 [INF] HTTP POST /api/test/seed/sell responded 200 in 21.7 ms
2025-08-29 15:31:42.983 +03:30 [INF] Request finished HTTP/1.1 POST http://localhost:5005/api/test/seed/sell - 200 null application/json; charset=utf-8 34.5651ms
2025-08-29 15:31:43.124 +03:30 [INF] Request starting HTTP/1.1 POST http://localhost:5005/api/test/seed/sell - application/json 82
2025-08-29 15:31:43.128 +03:30 [INF] Executing endpoint 'Api.Controllers.TestController.SeedSell (Api)'
2025-08-29 15:31:43.129 +03:30 [INF] Route matched with {action = "SeedSell", controller = "Test"}. Executing controller action with signature Microsoft.AspNetCore.Mvc.IActionResult SeedSell(SeedReq) on controller Api.Controllers.TestController (Api).
2025-08-29 15:31:43.131 +03:30 [INF] Executing action method Api.Controllers.TestController.SeedSell (Api) - Validation state: "Valid"
2025-08-29 15:31:43.133 +03:30 [INF] Executed action method Api.Controllers.TestController.SeedSell (Api), returned result Microsoft.AspNetCore.Mvc.OkObjectResult in 0.0216ms.
2025-08-29 15:31:43.137 +03:30 [INF] Executing OkObjectResult, writing value of type '<>f__AnonymousType2`4[[System.String, System.Private.CoreLib, Version=9.0.0.0, Culture=neutral, PublicKeyToken=7cec85d7bea7798e],[System.String, System.Private.CoreLib, Version=9.0.0.0, Culture=neutral, PublicKeyToken=7cec85d7bea7798e],[System.String, System.Private.CoreLib, Version=9.0.0.0, Culture=neutral, PublicKeyToken=7cec85d7bea7798e],[System.Int32, System.Private.CoreLib, Version=9.0.0.0, Culture=neutral, PublicKeyToken=7cec85d7bea7798e]]'.
2025-08-29 15:31:43.142 +03:30 [INF] Executed action Api.Controllers.TestController.SeedSell (Api) in 11.4082ms
2025-08-29 15:31:43.148 +03:30 [INF] Executed endpoint 'Api.Controllers.TestController.SeedSell (Api)'
2025-08-29 15:31:43.160 +03:30 [INF] HTTP POST /api/test/seed/sell responded 200 in 32.6 ms
2025-08-29 15:31:43.162 +03:30 [INF] Request finished HTTP/1.1 POST http://localhost:5005/api/test/seed/sell - 200 null application/json; charset=utf-8 38.2962ms
2025-08-29 15:31:43.251 +03:30 [INF] Request starting HTTP/1.1 POST http://localhost:5005/api/test/seed/sell - application/json 82
2025-08-29 15:31:43.279 +03:30 [INF] Executing endpoint 'Api.Controllers.TestController.SeedSell (Api)'
2025-08-29 15:31:43.282 +03:30 [INF] Route matched with {action = "SeedSell", controller = "Test"}. Executing controller action with signature Microsoft.AspNetCore.Mvc.IActionResult SeedSell(SeedReq) on controller Api.Controllers.TestController (Api).
2025-08-29 15:31:43.284 +03:30 [INF] Executing action method Api.Controllers.TestController.SeedSell (Api) - Validation state: "Valid"
2025-08-29 15:31:43.291 +03:30 [INF] Executed action method Api.Controllers.TestController.SeedSell (Api), returned result Microsoft.AspNetCore.Mvc.OkObjectResult in 0.0249ms.
2025-08-29 15:31:43.294 +03:30 [INF] Executing OkObjectResult, writing value of type '<>f__AnonymousType2`4[[System.String, System.Private.CoreLib, Version=9.0.0.0, Culture=neutral, PublicKeyToken=7cec85d7bea7798e],[System.String, System.Private.CoreLib, Version=9.0.0.0, Culture=neutral, PublicKeyToken=7cec85d7bea7798e],[System.String, System.Private.CoreLib, Version=9.0.0.0, Culture=neutral, PublicKeyToken=7cec85d7bea7798e],[System.Int32, System.Private.CoreLib, Version=9.0.0.0, Culture=neutral, PublicKeyToken=7cec85d7bea7798e]]'.
2025-08-29 15:31:43.296 +03:30 [INF] Executed action Api.Controllers.TestController.SeedSell (Api) in 12.0626ms
2025-08-29 15:31:43.299 +03:30 [INF] Executed endpoint 'Api.Controllers.TestController.SeedSell (Api)'
2025-08-29 15:31:43.300 +03:30 [INF] HTTP POST /api/test/seed/sell responded 200 in 21.0 ms
2025-08-29 15:31:43.308 +03:30 [INF] Request finished HTTP/1.1 POST http://localhost:5005/api/test/seed/sell - 200 null application/json; charset=utf-8 56.959ms
2025-08-29 15:31:43.499 +03:30 [INF] Request starting HTTP/1.1 POST http://localhost:5005/api/test/seed/sell - application/json 82
2025-08-29 15:31:43.511 +03:30 [INF] Executing endpoint 'Api.Controllers.TestController.SeedSell (Api)'
2025-08-29 15:31:43.516 +03:30 [INF] Route matched with {action = "SeedSell", controller = "Test"}. Executing controller action with signature Microsoft.AspNetCore.Mvc.IActionResult SeedSell(SeedReq) on controller Api.Controllers.TestController (Api).
2025-08-29 15:31:43.518 +03:30 [INF] Executing action method Api.Controllers.TestController.SeedSell (Api) - Validation state: "Valid"
2025-08-29 15:31:43.525 +03:30 [INF] Executed action method Api.Controllers.TestController.SeedSell (Api), returned result Microsoft.AspNetCore.Mvc.OkObjectResult in 0.0267ms.
2025-08-29 15:31:43.527 +03:30 [INF] Executing OkObjectResult, writing value of type '<>f__AnonymousType2`4[[System.String, System.Private.CoreLib, Version=9.0.0.0, Culture=neutral, PublicKeyToken=7cec85d7bea7798e],[System.String, System.Private.CoreLib, Version=9.0.0.0, Culture=neutral, PublicKeyToken=7cec85d7bea7798e],[System.String, System.Private.CoreLib, Version=9.0.0.0, Culture=neutral, PublicKeyToken=7cec85d7bea7798e],[System.Int32, System.Private.CoreLib, Version=9.0.0.0, Culture=neutral, PublicKeyToken=7cec85d7bea7798e]]'.
2025-08-29 15:31:43.536 +03:30 [INF] Executed action Api.Controllers.TestController.SeedSell (Api) in 17.198ms
2025-08-29 15:31:43.543 +03:30 [INF] Executed endpoint 'Api.Controllers.TestController.SeedSell (Api)'
2025-08-29 15:31:43.545 +03:30 [INF] HTTP POST /api/test/seed/sell responded 200 in 33.4 ms
2025-08-29 15:31:43.547 +03:30 [INF] Request finished HTTP/1.1 POST http://localhost:5005/api/test/seed/sell - 200 null application/json; charset=utf-8 47.8783ms
2025-08-29 15:31:43.674 +03:30 [INF] Request starting HTTP/1.1 POST http://localhost:5005/api/test/seed/sell - application/json 82
2025-08-29 15:31:43.697 +03:30 [INF] Executing endpoint 'Api.Controllers.TestController.SeedSell (Api)'
2025-08-29 15:31:43.698 +03:30 [INF] Route matched with {action = "SeedSell", controller = "Test"}. Executing controller action with signature Microsoft.AspNetCore.Mvc.IActionResult SeedSell(SeedReq) on controller Api.Controllers.TestController (Api).
2025-08-29 15:31:43.701 +03:30 [INF] Executing action method Api.Controllers.TestController.SeedSell (Api) - Validation state: "Valid"
2025-08-29 15:31:43.705 +03:30 [INF] Executed action method Api.Controllers.TestController.SeedSell (Api), returned result Microsoft.AspNetCore.Mvc.OkObjectResult in 0.0218ms.
2025-08-29 15:31:43.707 +03:30 [INF] Executing OkObjectResult, writing value of type '<>f__AnonymousType2`4[[System.String, System.Private.CoreLib, Version=9.0.0.0, Culture=neutral, PublicKeyToken=7cec85d7bea7798e],[System.String, System.Private.CoreLib, Version=9.0.0.0, Culture=neutral, PublicKeyToken=7cec85d7bea7798e],[System.String, System.Private.CoreLib, Version=9.0.0.0, Culture=neutral, PublicKeyToken=7cec85d7bea7798e],[System.Int32, System.Private.CoreLib, Version=9.0.0.0, Culture=neutral, PublicKeyToken=7cec85d7bea7798e]]'.
2025-08-29 15:31:43.709 +03:30 [INF] Executed action Api.Controllers.TestController.SeedSell (Api) in 8.6322ms
2025-08-29 15:31:43.727 +03:30 [INF] Executed endpoint 'Api.Controllers.TestController.SeedSell (Api)'
2025-08-29 15:31:43.729 +03:30 [INF] HTTP POST /api/test/seed/sell responded 200 in 31.9 ms
2025-08-29 15:31:43.731 +03:30 [INF] Request finished HTTP/1.1 POST http://localhost:5005/api/test/seed/sell - 200 null application/json; charset=utf-8 57.0526ms
2025-08-29 15:31:43.851 +03:30 [INF] Request starting HTTP/1.1 POST http://localhost:5005/api/test/seed/sell - application/json 82
2025-08-29 15:31:43.880 +03:30 [INF] Executing endpoint 'Api.Controllers.TestController.SeedSell (Api)'
2025-08-29 15:31:43.882 +03:30 [INF] Route matched with {action = "SeedSell", controller = "Test"}. Executing controller action with signature Microsoft.AspNetCore.Mvc.IActionResult SeedSell(SeedReq) on controller Api.Controllers.TestController (Api).
2025-08-29 15:31:43.885 +03:30 [INF] Executing action method Api.Controllers.TestController.SeedSell (Api) - Validation state: "Valid"
2025-08-29 15:31:43.900 +03:30 [INF] Executed action method Api.Controllers.TestController.SeedSell (Api), returned result Microsoft.AspNetCore.Mvc.OkObjectResult in 0.0279ms.
2025-08-29 15:31:43.903 +03:30 [INF] Executing OkObjectResult, writing value of type '<>f__AnonymousType2`4[[System.String, System.Private.CoreLib, Version=9.0.0.0, Culture=neutral, PublicKeyToken=7cec85d7bea7798e],[System.String, System.Private.CoreLib, Version=9.0.0.0, Culture=neutral, PublicKeyToken=7cec85d7bea7798e],[System.String, System.Private.CoreLib, Version=9.0.0.0, Culture=neutral, PublicKeyToken=7cec85d7bea7798e],[System.Int32, System.Private.CoreLib, Version=9.0.0.0, Culture=neutral, PublicKeyToken=7cec85d7bea7798e]]'.
2025-08-29 15:31:43.906 +03:30 [INF] Executed action Api.Controllers.TestController.SeedSell (Api) in 21.7737ms
2025-08-29 15:31:43.911 +03:30 [INF] Executed endpoint 'Api.Controllers.TestController.SeedSell (Api)'
2025-08-29 15:31:43.913 +03:30 [INF] HTTP POST /api/test/seed/sell responded 200 in 32.5 ms
2025-08-29 15:31:43.915 +03:30 [INF] Request finished HTTP/1.1 POST http://localhost:5005/api/test/seed/sell - 200 null application/json; charset=utf-8 63.4397ms
2025-08-29 15:31:44.099 +03:30 [INF] Request starting HTTP/1.1 POST http://localhost:5005/api/test/seed/sell - application/json 82
2025-08-29 15:31:44.150 +03:30 [INF] Executing endpoint 'Api.Controllers.TestController.SeedSell (Api)'
2025-08-29 15:31:44.151 +03:30 [INF] Route matched with {action = "SeedSell", controller = "Test"}. Executing controller action with signature Microsoft.AspNetCore.Mvc.IActionResult SeedSell(SeedReq) on controller Api.Controllers.TestController (Api).
2025-08-29 15:31:44.159 +03:30 [INF] Executing action method Api.Controllers.TestController.SeedSell (Api) - Validation state: "Valid"
2025-08-29 15:31:44.161 +03:30 [INF] Executed action method Api.Controllers.TestController.SeedSell (Api), returned result Microsoft.AspNetCore.Mvc.OkObjectResult in 0.0315ms.
2025-08-29 15:31:44.163 +03:30 [INF] Executing OkObjectResult, writing value of type '<>f__AnonymousType2`4[[System.String, System.Private.CoreLib, Version=9.0.0.0, Culture=neutral, PublicKeyToken=7cec85d7bea7798e],[System.String, System.Private.CoreLib, Version=9.0.0.0, Culture=neutral, PublicKeyToken=7cec85d7bea7798e],[System.String, System.Private.CoreLib, Version=9.0.0.0, Culture=neutral, PublicKeyToken=7cec85d7bea7798e],[System.Int32, System.Private.CoreLib, Version=9.0.0.0, Culture=neutral, PublicKeyToken=7cec85d7bea7798e]]'.
2025-08-29 15:31:44.165 +03:30 [INF] Executed action Api.Controllers.TestController.SeedSell (Api) in 6.3889ms
2025-08-29 15:31:44.168 +03:30 [INF] Executed endpoint 'Api.Controllers.TestController.SeedSell (Api)'
2025-08-29 15:31:44.182 +03:30 [INF] HTTP POST /api/test/seed/sell responded 200 in 32.1 ms
2025-08-29 15:31:44.184 +03:30 [INF] Request finished HTTP/1.1 POST http://localhost:5005/api/test/seed/sell - 200 null application/json; charset=utf-8 85.5285ms
2025-08-29 15:31:44.301 +03:30 [INF] Request starting HTTP/1.1 POST http://localhost:5005/api/test/seed/sell - application/json 82
2025-08-29 15:31:44.308 +03:30 [INF] Executing endpoint 'Api.Controllers.TestController.SeedSell (Api)'
2025-08-29 15:31:44.309 +03:30 [INF] Route matched with {action = "SeedSell", controller = "Test"}. Executing controller action with signature Microsoft.AspNetCore.Mvc.IActionResult SeedSell(SeedReq) on controller Api.Controllers.TestController (Api).
2025-08-29 15:31:44.313 +03:30 [INF] Executing action method Api.Controllers.TestController.SeedSell (Api) - Validation state: "Valid"
2025-08-29 15:31:44.315 +03:30 [INF] Executed action method Api.Controllers.TestController.SeedSell (Api), returned result Microsoft.AspNetCore.Mvc.OkObjectResult in 0.0221ms.
2025-08-29 15:31:44.318 +03:30 [INF] Executing OkObjectResult, writing value of type '<>f__AnonymousType2`4[[System.String, System.Private.CoreLib, Version=9.0.0.0, Culture=neutral, PublicKeyToken=7cec85d7bea7798e],[System.String, System.Private.CoreLib, Version=9.0.0.0, Culture=neutral, PublicKeyToken=7cec85d7bea7798e],[System.String, System.Private.CoreLib, Version=9.0.0.0, Culture=neutral, PublicKeyToken=7cec85d7bea7798e],[System.Int32, System.Private.CoreLib, Version=9.0.0.0, Culture=neutral, PublicKeyToken=7cec85d7bea7798e]]'.
2025-08-29 15:31:44.324 +03:30 [INF] Executed action Api.Controllers.TestController.SeedSell (Api) in 10.94ms
2025-08-29 15:31:44.327 +03:30 [INF] Executed endpoint 'Api.Controllers.TestController.SeedSell (Api)'
2025-08-29 15:31:44.328 +03:30 [INF] HTTP POST /api/test/seed/sell responded 200 in 20.5 ms
2025-08-29 15:31:44.331 +03:30 [INF] Request finished HTTP/1.1 POST http://localhost:5005/api/test/seed/sell - 200 null application/json; charset=utf-8 29.316ms
2025-08-29 15:31:44.428 +03:30 [INF] Request starting HTTP/1.1 POST http://localhost:5005/api/test/seed/sell - application/json 82
2025-08-29 15:31:44.432 +03:30 [INF] Executing endpoint 'Api.Controllers.TestController.SeedSell (Api)'
2025-08-29 15:31:44.434 +03:30 [INF] Route matched with {action = "SeedSell", controller = "Test"}. Executing controller action with signature Microsoft.AspNetCore.Mvc.IActionResult SeedSell(SeedReq) on controller Api.Controllers.TestController (Api).
2025-08-29 15:31:44.437 +03:30 [INF] Executing action method Api.Controllers.TestController.SeedSell (Api) - Validation state: "Valid"
2025-08-29 15:31:44.438 +03:30 [INF] Executed action method Api.Controllers.TestController.SeedSell (Api), returned result Microsoft.AspNetCore.Mvc.OkObjectResult in 0.0279ms.
2025-08-29 15:31:44.440 +03:30 [INF] Executing OkObjectResult, writing value of type '<>f__AnonymousType2`4[[System.String, System.Private.CoreLib, Version=9.0.0.0, Culture=neutral, PublicKeyToken=7cec85d7bea7798e],[System.String, System.Private.CoreLib, Version=9.0.0.0, Culture=neutral, PublicKeyToken=7cec85d7bea7798e],[System.String, System.Private.CoreLib, Version=9.0.0.0, Culture=neutral, PublicKeyToken=7cec85d7bea7798e],[System.Int32, System.Private.CoreLib, Version=9.0.0.0, Culture=neutral, PublicKeyToken=7cec85d7bea7798e]]'.
2025-08-29 15:31:44.443 +03:30 [INF] Executed action Api.Controllers.TestController.SeedSell (Api) in 5.9856ms
2025-08-29 15:31:44.478 +03:30 [INF] Executed endpoint 'Api.Controllers.TestController.SeedSell (Api)'
2025-08-29 15:31:44.480 +03:30 [INF] HTTP POST /api/test/seed/sell responded 200 in 47.7 ms
2025-08-29 15:31:44.482 +03:30 [INF] Request finished HTTP/1.1 POST http://localhost:5005/api/test/seed/sell - 200 null application/json; charset=utf-8 54.5668ms
2025-08-29 15:31:44.975 +03:30 [INF] Request starting HTTP/1.1 POST http://localhost:5005/api/test/seed/sell - application/json 82
2025-08-29 15:31:45.028 +03:30 [INF] Executing endpoint 'Api.Controllers.TestController.SeedSell (Api)'
2025-08-29 15:31:45.029 +03:30 [INF] Route matched with {action = "SeedSell", controller = "Test"}. Executing controller action with signature Microsoft.AspNetCore.Mvc.IActionResult SeedSell(SeedReq) on controller Api.Controllers.TestController (Api).
2025-08-29 15:31:45.031 +03:30 [INF] Executing action method Api.Controllers.TestController.SeedSell (Api) - Validation state: "Valid"
2025-08-29 15:31:45.032 +03:30 [INF] Executed action method Api.Controllers.TestController.SeedSell (Api), returned result Microsoft.AspNetCore.Mvc.OkObjectResult in 0.0215ms.
2025-08-29 15:31:45.034 +03:30 [INF] Executing OkObjectResult, writing value of type '<>f__AnonymousType2`4[[System.String, System.Private.CoreLib, Version=9.0.0.0, Culture=neutral, PublicKeyToken=7cec85d7bea7798e],[System.String, System.Private.CoreLib, Version=9.0.0.0, Culture=neutral, PublicKeyToken=7cec85d7bea7798e],[System.String, System.Private.CoreLib, Version=9.0.0.0, Culture=neutral, PublicKeyToken=7cec85d7bea7798e],[System.Int32, System.Private.CoreLib, Version=9.0.0.0, Culture=neutral, PublicKeyToken=7cec85d7bea7798e]]'.
2025-08-29 15:31:45.049 +03:30 [INF] Executed action Api.Controllers.TestController.SeedSell (Api) in 17.8308ms
2025-08-29 15:31:45.075 +03:30 [INF] Executed endpoint 'Api.Controllers.TestController.SeedSell (Api)'
2025-08-29 15:31:45.076 +03:30 [INF] HTTP POST /api/test/seed/sell responded 200 in 48.5 ms
2025-08-29 15:31:45.078 +03:30 [INF] Request finished HTTP/1.1 POST http://localhost:5005/api/test/seed/sell - 200 null application/json; charset=utf-8 102.7165ms
2025-08-29 15:31:45.143 +03:30 [INF] Request starting HTTP/1.1 POST http://localhost:5005/api/test/seed/sell - application/json 82
2025-08-29 15:31:45.147 +03:30 [INF] Executing endpoint 'Api.Controllers.TestController.SeedSell (Api)'
2025-08-29 15:31:45.148 +03:30 [INF] Route matched with {action = "SeedSell", controller = "Test"}. Executing controller action with signature Microsoft.AspNetCore.Mvc.IActionResult SeedSell(SeedReq) on controller Api.Controllers.TestController (Api).
2025-08-29 15:31:45.151 +03:30 [INF] Executing action method Api.Controllers.TestController.SeedSell (Api) - Validation state: "Valid"
2025-08-29 15:31:45.154 +03:30 [INF] Executed action method Api.Controllers.TestController.SeedSell (Api), returned result Microsoft.AspNetCore.Mvc.OkObjectResult in 0.0231ms.
2025-08-29 15:31:45.156 +03:30 [INF] Executing OkObjectResult, writing value of type '<>f__AnonymousType2`4[[System.String, System.Private.CoreLib, Version=9.0.0.0, Culture=neutral, PublicKeyToken=7cec85d7bea7798e],[System.String, System.Private.CoreLib, Version=9.0.0.0, Culture=neutral, PublicKeyToken=7cec85d7bea7798e],[System.String, System.Private.CoreLib, Version=9.0.0.0, Culture=neutral, PublicKeyToken=7cec85d7bea7798e],[System.Int32, System.Private.CoreLib, Version=9.0.0.0, Culture=neutral, PublicKeyToken=7cec85d7bea7798e]]'.
2025-08-29 15:31:45.157 +03:30 [INF] Executed action Api.Controllers.TestController.SeedSell (Api) in 5.9407ms
2025-08-29 15:31:45.183 +03:30 [INF] Executed endpoint 'Api.Controllers.TestController.SeedSell (Api)'
2025-08-29 15:31:45.185 +03:30 [INF] HTTP POST /api/test/seed/sell responded 200 in 37.8 ms
2025-08-29 15:31:45.188 +03:30 [INF] Request finished HTTP/1.1 POST http://localhost:5005/api/test/seed/sell - 200 null application/json; charset=utf-8 45.023ms
2025-08-29 15:31:45.282 +03:30 [INF] Request starting HTTP/1.1 POST http://localhost:5005/api/test/seed/sell - application/json 82
2025-08-29 15:31:45.296 +03:30 [INF] Executing endpoint 'Api.Controllers.TestController.SeedSell (Api)'
2025-08-29 15:31:45.297 +03:30 [INF] Route matched with {action = "SeedSell", controller = "Test"}. Executing controller action with signature Microsoft.AspNetCore.Mvc.IActionResult SeedSell(SeedReq) on controller Api.Controllers.TestController (Api).
2025-08-29 15:31:45.300 +03:30 [INF] Executing action method Api.Controllers.TestController.SeedSell (Api) - Validation state: "Valid"
2025-08-29 15:31:45.326 +03:30 [INF] Executed action method Api.Controllers.TestController.SeedSell (Api), returned result Microsoft.AspNetCore.Mvc.OkObjectResult in 0.0285ms.
2025-08-29 15:31:45.328 +03:30 [INF] Executing OkObjectResult, writing value of type '<>f__AnonymousType2`4[[System.String, System.Private.CoreLib, Version=9.0.0.0, Culture=neutral, PublicKeyToken=7cec85d7bea7798e],[System.String, System.Private.CoreLib, Version=9.0.0.0, Culture=neutral, PublicKeyToken=7cec85d7bea7798e],[System.String, System.Private.CoreLib, Version=9.0.0.0, Culture=neutral, PublicKeyToken=7cec85d7bea7798e],[System.Int32, System.Private.CoreLib, Version=9.0.0.0, Culture=neutral, PublicKeyToken=7cec85d7bea7798e]]'.
2025-08-29 15:31:45.331 +03:30 [INF] Executed action Api.Controllers.TestController.SeedSell (Api) in 30.6399ms
2025-08-29 15:31:45.346 +03:30 [INF] Executed endpoint 'Api.Controllers.TestController.SeedSell (Api)'
2025-08-29 15:31:45.349 +03:30 [INF] HTTP POST /api/test/seed/sell responded 200 in 53.3 ms
2025-08-29 15:31:45.358 +03:30 [INF] Request finished HTTP/1.1 POST http://localhost:5005/api/test/seed/sell - 200 null application/json; charset=utf-8 76.1965ms
2025-08-29 15:31:45.427 +03:30 [INF] Request starting HTTP/1.1 POST http://localhost:5005/api/test/seed/sell - application/json 82
2025-08-29 15:31:45.442 +03:30 [INF] Executing endpoint 'Api.Controllers.TestController.SeedSell (Api)'
2025-08-29 15:31:45.443 +03:30 [INF] Route matched with {action = "SeedSell", controller = "Test"}. Executing controller action with signature Microsoft.AspNetCore.Mvc.IActionResult SeedSell(SeedReq) on controller Api.Controllers.TestController (Api).
2025-08-29 15:31:45.445 +03:30 [INF] Executing action method Api.Controllers.TestController.SeedSell (Api) - Validation state: "Valid"
2025-08-29 15:31:45.447 +03:30 [INF] Executed action method Api.Controllers.TestController.SeedSell (Api), returned result Microsoft.AspNetCore.Mvc.OkObjectResult in 0.0228ms.
2025-08-29 15:31:45.449 +03:30 [INF] Executing OkObjectResult, writing value of type '<>f__AnonymousType2`4[[System.String, System.Private.CoreLib, Version=9.0.0.0, Culture=neutral, PublicKeyToken=7cec85d7bea7798e],[System.String, System.Private.CoreLib, Version=9.0.0.0, Culture=neutral, PublicKeyToken=7cec85d7bea7798e],[System.String, System.Private.CoreLib, Version=9.0.0.0, Culture=neutral, PublicKeyToken=7cec85d7bea7798e],[System.Int32, System.Private.CoreLib, Version=9.0.0.0, Culture=neutral, PublicKeyToken=7cec85d7bea7798e]]'.
2025-08-29 15:31:45.451 +03:30 [INF] Executed action Api.Controllers.TestController.SeedSell (Api) in 6.3631ms
2025-08-29 15:31:45.480 +03:30 [INF] Executed endpoint 'Api.Controllers.TestController.SeedSell (Api)'
2025-08-29 15:31:45.482 +03:30 [INF] HTTP POST /api/test/seed/sell responded 200 in 40.1 ms
2025-08-29 15:31:45.484 +03:30 [INF] Request finished HTTP/1.1 POST http://localhost:5005/api/test/seed/sell - 200 null application/json; charset=utf-8 56.7474ms
2025-08-29 15:31:46.015 +03:30 [INF] Request starting HTTP/1.1 POST http://localhost:5005/api/test/seed/sell - application/json 82
2025-08-29 15:31:46.022 +03:30 [INF] Executing endpoint 'Api.Controllers.TestController.SeedSell (Api)'
2025-08-29 15:31:46.023 +03:30 [INF] Route matched with {action = "SeedSell", controller = "Test"}. Executing controller action with signature Microsoft.AspNetCore.Mvc.IActionResult SeedSell(SeedReq) on controller Api.Controllers.TestController (Api).
2025-08-29 15:31:46.026 +03:30 [INF] Executing action method Api.Controllers.TestController.SeedSell (Api) - Validation state: "Valid"
2025-08-29 15:31:46.027 +03:30 [INF] Executed action method Api.Controllers.TestController.SeedSell (Api), returned result Microsoft.AspNetCore.Mvc.OkObjectResult in 0.0201ms.
2025-08-29 15:31:46.031 +03:30 [INF] Executing OkObjectResult, writing value of type '<>f__AnonymousType2`4[[System.String, System.Private.CoreLib, Version=9.0.0.0, Culture=neutral, PublicKeyToken=7cec85d7bea7798e],[System.String, System.Private.CoreLib, Version=9.0.0.0, Culture=neutral, PublicKeyToken=7cec85d7bea7798e],[System.String, System.Private.CoreLib, Version=9.0.0.0, Culture=neutral, PublicKeyToken=7cec85d7bea7798e],[System.Int32, System.Private.CoreLib, Version=9.0.0.0, Culture=neutral, PublicKeyToken=7cec85d7bea7798e]]'.
2025-08-29 15:31:46.033 +03:30 [INF] Executed action Api.Controllers.TestController.SeedSell (Api) in 7.548ms
2025-08-29 15:31:46.040 +03:30 [INF] Executed endpoint 'Api.Controllers.TestController.SeedSell (Api)'
2025-08-29 15:31:46.041 +03:30 [INF] HTTP POST /api/test/seed/sell responded 200 in 18.8 ms
2025-08-29 15:31:46.043 +03:30 [INF] Request finished HTTP/1.1 POST http://localhost:5005/api/test/seed/sell - 200 null application/json; charset=utf-8 27.8ms
2025-08-29 15:31:46.184 +03:30 [INF] Request starting HTTP/1.1 POST http://localhost:5005/api/test/seed/sell - application/json 82
2025-08-29 15:31:46.194 +03:30 [INF] Executing endpoint 'Api.Controllers.TestController.SeedSell (Api)'
2025-08-29 15:31:46.196 +03:30 [INF] Route matched with {action = "SeedSell", controller = "Test"}. Executing controller action with signature Microsoft.AspNetCore.Mvc.IActionResult SeedSell(SeedReq) on controller Api.Controllers.TestController (Api).
2025-08-29 15:31:46.200 +03:30 [INF] Executing action method Api.Controllers.TestController.SeedSell (Api) - Validation state: "Valid"
2025-08-29 15:31:46.206 +03:30 [INF] Executed action method Api.Controllers.TestController.SeedSell (Api), returned result Microsoft.AspNetCore.Mvc.OkObjectResult in 0.029ms.
2025-08-29 15:31:46.229 +03:30 [INF] Executing OkObjectResult, writing value of type '<>f__AnonymousType2`4[[System.String, System.Private.CoreLib, Version=9.0.0.0, Culture=neutral, PublicKeyToken=7cec85d7bea7798e],[System.String, System.Private.CoreLib, Version=9.0.0.0, Culture=neutral, PublicKeyToken=7cec85d7bea7798e],[System.String, System.Private.CoreLib, Version=9.0.0.0, Culture=neutral, PublicKeyToken=7cec85d7bea7798e],[System.Int32, System.Private.CoreLib, Version=9.0.0.0, Culture=neutral, PublicKeyToken=7cec85d7bea7798e]]'.
2025-08-29 15:31:46.230 +03:30 [INF] Executed action Api.Controllers.TestController.SeedSell (Api) in 30.5573ms
2025-08-29 15:31:46.240 +03:30 [INF] Executed endpoint 'Api.Controllers.TestController.SeedSell (Api)'
2025-08-29 15:31:46.241 +03:30 [INF] HTTP POST /api/test/seed/sell responded 200 in 46.9 ms
2025-08-29 15:31:46.246 +03:30 [INF] Request finished HTTP/1.1 POST http://localhost:5005/api/test/seed/sell - 200 null application/json; charset=utf-8 62.5227ms
2025-08-29 15:31:46.455 +03:30 [INF] Request starting HTTP/1.1 POST http://localhost:5005/api/test/seed/sell - application/json 82
2025-08-29 15:31:46.460 +03:30 [INF] Executing endpoint 'Api.Controllers.TestController.SeedSell (Api)'
2025-08-29 15:31:46.460 +03:30 [INF] Route matched with {action = "SeedSell", controller = "Test"}. Executing controller action with signature Microsoft.AspNetCore.Mvc.IActionResult SeedSell(SeedReq) on controller Api.Controllers.TestController (Api).
2025-08-29 15:31:46.463 +03:30 [INF] Executing action method Api.Controllers.TestController.SeedSell (Api) - Validation state: "Valid"
2025-08-29 15:31:46.465 +03:30 [INF] Executed action method Api.Controllers.TestController.SeedSell (Api), returned result Microsoft.AspNetCore.Mvc.OkObjectResult in 0.0901ms.
2025-08-29 15:31:46.467 +03:30 [INF] Executing OkObjectResult, writing value of type '<>f__AnonymousType2`4[[System.String, System.Private.CoreLib, Version=9.0.0.0, Culture=neutral, PublicKeyToken=7cec85d7bea7798e],[System.String, System.Private.CoreLib, Version=9.0.0.0, Culture=neutral, PublicKeyToken=7cec85d7bea7798e],[System.String, System.Private.CoreLib, Version=9.0.0.0, Culture=neutral, PublicKeyToken=7cec85d7bea7798e],[System.Int32, System.Private.CoreLib, Version=9.0.0.0, Culture=neutral, PublicKeyToken=7cec85d7bea7798e]]'.
2025-08-29 15:31:46.474 +03:30 [INF] Executed action Api.Controllers.TestController.SeedSell (Api) in 10.8299ms
2025-08-29 15:31:46.481 +03:30 [INF] Executed endpoint 'Api.Controllers.TestController.SeedSell (Api)'
2025-08-29 15:31:46.484 +03:30 [INF] HTTP POST /api/test/seed/sell responded 200 in 24.1 ms
2025-08-29 15:31:46.488 +03:30 [INF] Request finished HTTP/1.1 POST http://localhost:5005/api/test/seed/sell - 200 null application/json; charset=utf-8 33.095ms
2025-08-29 15:31:47.043 +03:30 [INF] Request starting HTTP/1.1 POST http://localhost:5005/api/test/seed/sell - application/json 82
2025-08-29 15:31:47.047 +03:30 [INF] Executing endpoint 'Api.Controllers.TestController.SeedSell (Api)'
2025-08-29 15:31:47.048 +03:30 [INF] Route matched with {action = "SeedSell", controller = "Test"}. Executing controller action with signature Microsoft.AspNetCore.Mvc.IActionResult SeedSell(SeedReq) on controller Api.Controllers.TestController (Api).
2025-08-29 15:31:47.051 +03:30 [INF] Executing action method Api.Controllers.TestController.SeedSell (Api) - Validation state: "Valid"
2025-08-29 15:31:47.054 +03:30 [INF] Executed action method Api.Controllers.TestController.SeedSell (Api), returned result Microsoft.AspNetCore.Mvc.OkObjectResult in 0.027ms.
2025-08-29 15:31:47.063 +03:30 [INF] Executing OkObjectResult, writing value of type '<>f__AnonymousType2`4[[System.String, System.Private.CoreLib, Version=9.0.0.0, Culture=neutral, PublicKeyToken=7cec85d7bea7798e],[System.String, System.Private.CoreLib, Version=9.0.0.0, Culture=neutral, PublicKeyToken=7cec85d7bea7798e],[System.String, System.Private.CoreLib, Version=9.0.0.0, Culture=neutral, PublicKeyToken=7cec85d7bea7798e],[System.Int32, System.Private.CoreLib, Version=9.0.0.0, Culture=neutral, PublicKeyToken=7cec85d7bea7798e]]'.
2025-08-29 15:31:47.065 +03:30 [INF] Executed action Api.Controllers.TestController.SeedSell (Api) in 14.1542ms
2025-08-29 15:31:47.081 +03:30 [INF] Executed endpoint 'Api.Controllers.TestController.SeedSell (Api)'
2025-08-29 15:31:47.082 +03:30 [INF] HTTP POST /api/test/seed/sell responded 200 in 35.1 ms
2025-08-29 15:31:47.084 +03:30 [INF] Request finished HTTP/1.1 POST http://localhost:5005/api/test/seed/sell - 200 null application/json; charset=utf-8 40.9224ms
2025-08-29 15:31:47.218 +03:30 [INF] Request starting HTTP/1.1 POST http://localhost:5005/api/test/seed/sell - application/json 82
2025-08-29 15:31:47.230 +03:30 [INF] Executing endpoint 'Api.Controllers.TestController.SeedSell (Api)'
2025-08-29 15:31:47.232 +03:30 [INF] Route matched with {action = "SeedSell", controller = "Test"}. Executing controller action with signature Microsoft.AspNetCore.Mvc.IActionResult SeedSell(SeedReq) on controller Api.Controllers.TestController (Api).
2025-08-29 15:31:47.238 +03:30 [INF] Executing action method Api.Controllers.TestController.SeedSell (Api) - Validation state: "Valid"
2025-08-29 15:31:47.239 +03:30 [INF] Executed action method Api.Controllers.TestController.SeedSell (Api), returned result Microsoft.AspNetCore.Mvc.OkObjectResult in 0.0301ms.
2025-08-29 15:31:47.242 +03:30 [INF] Executing OkObjectResult, writing value of type '<>f__AnonymousType2`4[[System.String, System.Private.CoreLib, Version=9.0.0.0, Culture=neutral, PublicKeyToken=7cec85d7bea7798e],[System.String, System.Private.CoreLib, Version=9.0.0.0, Culture=neutral, PublicKeyToken=7cec85d7bea7798e],[System.String, System.Private.CoreLib, Version=9.0.0.0, Culture=neutral, PublicKeyToken=7cec85d7bea7798e],[System.Int32, System.Private.CoreLib, Version=9.0.0.0, Culture=neutral, PublicKeyToken=7cec85d7bea7798e]]'.
2025-08-29 15:31:47.244 +03:30 [INF] Executed action Api.Controllers.TestController.SeedSell (Api) in 6.6142ms
2025-08-29 15:31:47.250 +03:30 [INF] Executed endpoint 'Api.Controllers.TestController.SeedSell (Api)'
2025-08-29 15:31:47.251 +03:30 [INF] HTTP POST /api/test/seed/sell responded 200 in 21.2 ms
2025-08-29 15:31:47.267 +03:30 [INF] Request finished HTTP/1.1 POST http://localhost:5005/api/test/seed/sell - 200 null application/json; charset=utf-8 49.3029ms
2025-08-29 15:31:47.395 +03:30 [INF] Request starting HTTP/1.1 POST http://localhost:5005/api/test/seed/sell - application/json 82
2025-08-29 15:31:47.405 +03:30 [INF] Executing endpoint 'Api.Controllers.TestController.SeedSell (Api)'
2025-08-29 15:31:47.411 +03:30 [INF] Route matched with {action = "SeedSell", controller = "Test"}. Executing controller action with signature Microsoft.AspNetCore.Mvc.IActionResult SeedSell(SeedReq) on controller Api.Controllers.TestController (Api).
2025-08-29 15:31:47.417 +03:30 [INF] Executing action method Api.Controllers.TestController.SeedSell (Api) - Validation state: "Valid"
2025-08-29 15:31:47.422 +03:30 [INF] Executed action method Api.Controllers.TestController.SeedSell (Api), returned result Microsoft.AspNetCore.Mvc.OkObjectResult in 0.0235ms.
2025-08-29 15:31:47.424 +03:30 [INF] Executing OkObjectResult, writing value of type '<>f__AnonymousType2`4[[System.String, System.Private.CoreLib, Version=9.0.0.0, Culture=neutral, PublicKeyToken=7cec85d7bea7798e],[System.String, System.Private.CoreLib, Version=9.0.0.0, Culture=neutral, PublicKeyToken=7cec85d7bea7798e],[System.String, System.Private.CoreLib, Version=9.0.0.0, Culture=neutral, PublicKeyToken=7cec85d7bea7798e],[System.Int32, System.Private.CoreLib, Version=9.0.0.0, Culture=neutral, PublicKeyToken=7cec85d7bea7798e]]'.
2025-08-29 15:31:47.426 +03:30 [INF] Executed action Api.Controllers.TestController.SeedSell (Api) in 9.6274ms
2025-08-29 15:31:47.429 +03:30 [INF] Executed endpoint 'Api.Controllers.TestController.SeedSell (Api)'
2025-08-29 15:31:47.431 +03:30 [INF] HTTP POST /api/test/seed/sell responded 200 in 26.1 ms
2025-08-29 15:31:47.433 +03:30 [INF] Request finished HTTP/1.1 POST http://localhost:5005/api/test/seed/sell - 200 null application/json; charset=utf-8 37.8315ms
2025-08-29 15:31:47.540 +03:30 [INF] Request starting HTTP/1.1 POST http://localhost:5005/api/test/seed/sell - application/json 82
2025-08-29 15:31:47.545 +03:30 [INF] Executing endpoint 'Api.Controllers.TestController.SeedSell (Api)'
2025-08-29 15:31:47.561 +03:30 [INF] Route matched with {action = "SeedSell", controller = "Test"}. Executing controller action with signature Microsoft.AspNetCore.Mvc.IActionResult SeedSell(SeedReq) on controller Api.Controllers.TestController (Api).
2025-08-29 15:31:47.563 +03:30 [INF] Executing action method Api.Controllers.TestController.SeedSell (Api) - Validation state: "Valid"
2025-08-29 15:31:47.565 +03:30 [INF] Executed action method Api.Controllers.TestController.SeedSell (Api), returned result Microsoft.AspNetCore.Mvc.OkObjectResult in 0.031ms.
2025-08-29 15:31:47.570 +03:30 [INF] Executing OkObjectResult, writing value of type '<>f__AnonymousType2`4[[System.String, System.Private.CoreLib, Version=9.0.0.0, Culture=neutral, PublicKeyToken=7cec85d7bea7798e],[System.String, System.Private.CoreLib, Version=9.0.0.0, Culture=neutral, PublicKeyToken=7cec85d7bea7798e],[System.String, System.Private.CoreLib, Version=9.0.0.0, Culture=neutral, PublicKeyToken=7cec85d7bea7798e],[System.Int32, System.Private.CoreLib, Version=9.0.0.0, Culture=neutral, PublicKeyToken=7cec85d7bea7798e]]'.
2025-08-29 15:31:47.573 +03:30 [INF] Executed action Api.Controllers.TestController.SeedSell (Api) in 10.2984ms
2025-08-29 15:31:47.621 +03:30 [INF] Executed endpoint 'Api.Controllers.TestController.SeedSell (Api)'
2025-08-29 15:31:47.622 +03:30 [INF] HTTP POST /api/test/seed/sell responded 200 in 77.2 ms
2025-08-29 15:31:47.625 +03:30 [INF] Request finished HTTP/1.1 POST http://localhost:5005/api/test/seed/sell - 200 null application/json; charset=utf-8 84.8751ms
2025-08-29 15:31:47.840 +03:30 [INF] Request starting HTTP/1.1 POST http://localhost:5005/api/test/seed/sell - application/json 82
2025-08-29 15:31:47.843 +03:30 [INF] Executing endpoint 'Api.Controllers.TestController.SeedSell (Api)'
2025-08-29 15:31:47.855 +03:30 [INF] Route matched with {action = "SeedSell", controller = "Test"}. Executing controller action with signature Microsoft.AspNetCore.Mvc.IActionResult SeedSell(SeedReq) on controller Api.Controllers.TestController (Api).
2025-08-29 15:31:47.857 +03:30 [INF] Executing action method Api.Controllers.TestController.SeedSell (Api) - Validation state: "Valid"
2025-08-29 15:31:47.859 +03:30 [INF] Executed action method Api.Controllers.TestController.SeedSell (Api), returned result Microsoft.AspNetCore.Mvc.OkObjectResult in 0.0232ms.
2025-08-29 15:31:47.863 +03:30 [INF] Executing OkObjectResult, writing value of type '<>f__AnonymousType2`4[[System.String, System.Private.CoreLib, Version=9.0.0.0, Culture=neutral, PublicKeyToken=7cec85d7bea7798e],[System.String, System.Private.CoreLib, Version=9.0.0.0, Culture=neutral, PublicKeyToken=7cec85d7bea7798e],[System.String, System.Private.CoreLib, Version=9.0.0.0, Culture=neutral, PublicKeyToken=7cec85d7bea7798e],[System.Int32, System.Private.CoreLib, Version=9.0.0.0, Culture=neutral, PublicKeyToken=7cec85d7bea7798e]]'.
2025-08-29 15:31:47.865 +03:30 [INF] Executed action Api.Controllers.TestController.SeedSell (Api) in 8.0983ms
2025-08-29 15:31:47.870 +03:30 [INF] Executed endpoint 'Api.Controllers.TestController.SeedSell (Api)'
2025-08-29 15:31:47.872 +03:30 [INF] HTTP POST /api/test/seed/sell responded 200 in 28.7 ms
2025-08-29 15:31:47.874 +03:30 [INF] Request finished HTTP/1.1 POST http://localhost:5005/api/test/seed/sell - 200 null application/json; charset=utf-8 34.5314ms
2025-08-29 15:31:48.024 +03:30 [INF] Request starting HTTP/1.1 POST http://localhost:5005/api/test/seed/sell - application/json 82
2025-08-29 15:31:48.027 +03:30 [INF] Executing endpoint 'Api.Controllers.TestController.SeedSell (Api)'
2025-08-29 15:31:48.030 +03:30 [INF] Route matched with {action = "SeedSell", controller = "Test"}. Executing controller action with signature Microsoft.AspNetCore.Mvc.IActionResult SeedSell(SeedReq) on controller Api.Controllers.TestController (Api).
2025-08-29 15:31:48.033 +03:30 [INF] Executing action method Api.Controllers.TestController.SeedSell (Api) - Validation state: "Valid"
2025-08-29 15:31:48.038 +03:30 [INF] Executed action method Api.Controllers.TestController.SeedSell (Api), returned result Microsoft.AspNetCore.Mvc.OkObjectResult in 0.032ms.
2025-08-29 15:31:48.040 +03:30 [INF] Executing OkObjectResult, writing value of type '<>f__AnonymousType2`4[[System.String, System.Private.CoreLib, Version=9.0.0.0, Culture=neutral, PublicKeyToken=7cec85d7bea7798e],[System.String, System.Private.CoreLib, Version=9.0.0.0, Culture=neutral, PublicKeyToken=7cec85d7bea7798e],[System.String, System.Private.CoreLib, Version=9.0.0.0, Culture=neutral, PublicKeyToken=7cec85d7bea7798e],[System.Int32, System.Private.CoreLib, Version=9.0.0.0, Culture=neutral, PublicKeyToken=7cec85d7bea7798e]]'.
2025-08-29 15:31:48.043 +03:30 [INF] Executed action Api.Controllers.TestController.SeedSell (Api) in 10.9728ms
2025-08-29 15:31:48.050 +03:30 [INF] Executed endpoint 'Api.Controllers.TestController.SeedSell (Api)'
2025-08-29 15:31:48.051 +03:30 [INF] HTTP POST /api/test/seed/sell responded 200 in 23.8 ms
2025-08-29 15:31:48.055 +03:30 [INF] Request finished HTTP/1.1 POST http://localhost:5005/api/test/seed/sell - 200 null application/json; charset=utf-8 30.5462ms
2025-08-29 15:31:48.150 +03:30 [INF] Request starting HTTP/1.1 POST http://localhost:5005/api/test/seed/sell - application/json 82
2025-08-29 15:31:48.157 +03:30 [INF] Executing endpoint 'Api.Controllers.TestController.SeedSell (Api)'
2025-08-29 15:31:48.158 +03:30 [INF] Route matched with {action = "SeedSell", controller = "Test"}. Executing controller action with signature Microsoft.AspNetCore.Mvc.IActionResult SeedSell(SeedReq) on controller Api.Controllers.TestController (Api).
2025-08-29 15:31:48.175 +03:30 [INF] Executing action method Api.Controllers.TestController.SeedSell (Api) - Validation state: "Valid"
2025-08-29 15:31:48.178 +03:30 [INF] Executed action method Api.Controllers.TestController.SeedSell (Api), returned result Microsoft.AspNetCore.Mvc.OkObjectResult in 0.0227ms.
2025-08-29 15:31:48.180 +03:30 [INF] Executing OkObjectResult, writing value of type '<>f__AnonymousType2`4[[System.String, System.Private.CoreLib, Version=9.0.0.0, Culture=neutral, PublicKeyToken=7cec85d7bea7798e],[System.String, System.Private.CoreLib, Version=9.0.0.0, Culture=neutral, PublicKeyToken=7cec85d7bea7798e],[System.String, System.Private.CoreLib, Version=9.0.0.0, Culture=neutral, PublicKeyToken=7cec85d7bea7798e],[System.Int32, System.Private.CoreLib, Version=9.0.0.0, Culture=neutral, PublicKeyToken=7cec85d7bea7798e]]'.
2025-08-29 15:31:48.182 +03:30 [INF] Executed action Api.Controllers.TestController.SeedSell (Api) in 7.0348ms
2025-08-29 15:31:48.184 +03:30 [INF] Executed endpoint 'Api.Controllers.TestController.SeedSell (Api)'
2025-08-29 15:31:48.189 +03:30 [INF] HTTP POST /api/test/seed/sell responded 200 in 32.9 ms
2025-08-29 15:31:48.192 +03:30 [INF] Request finished HTTP/1.1 POST http://localhost:5005/api/test/seed/sell - 200 null application/json; charset=utf-8 41.8216ms
2025-08-29 15:31:48.426 +03:30 [INF] Request starting HTTP/1.1 POST http://localhost:5005/api/test/seed/sell - application/json 82
2025-08-29 15:31:48.432 +03:30 [INF] Executing endpoint 'Api.Controllers.TestController.SeedSell (Api)'
2025-08-29 15:31:48.434 +03:30 [INF] Route matched with {action = "SeedSell", controller = "Test"}. Executing controller action with signature Microsoft.AspNetCore.Mvc.IActionResult SeedSell(SeedReq) on controller Api.Controllers.TestController (Api).
2025-08-29 15:31:48.439 +03:30 [INF] Executing action method Api.Controllers.TestController.SeedSell (Api) - Validation state: "Valid"
2025-08-29 15:31:48.441 +03:30 [INF] Executed action method Api.Controllers.TestController.SeedSell (Api), returned result Microsoft.AspNetCore.Mvc.OkObjectResult in 0.0223ms.
2025-08-29 15:31:48.443 +03:30 [INF] Executing OkObjectResult, writing value of type '<>f__AnonymousType2`4[[System.String, System.Private.CoreLib, Version=9.0.0.0, Culture=neutral, PublicKeyToken=7cec85d7bea7798e],[System.String, System.Private.CoreLib, Version=9.0.0.0, Culture=neutral, PublicKeyToken=7cec85d7bea7798e],[System.String, System.Private.CoreLib, Version=9.0.0.0, Culture=neutral, PublicKeyToken=7cec85d7bea7798e],[System.Int32, System.Private.CoreLib, Version=9.0.0.0, Culture=neutral, PublicKeyToken=7cec85d7bea7798e]]'.
2025-08-29 15:31:48.459 +03:30 [INF] Executed action Api.Controllers.TestController.SeedSell (Api) in 19.9757ms
2025-08-29 15:31:48.466 +03:30 [INF] Executed endpoint 'Api.Controllers.TestController.SeedSell (Api)'
2025-08-29 15:31:48.468 +03:30 [INF] HTTP POST /api/test/seed/sell responded 200 in 36.1 ms
2025-08-29 15:31:48.472 +03:30 [INF] Request finished HTTP/1.1 POST http://localhost:5005/api/test/seed/sell - 200 null application/json; charset=utf-8 45.3288ms
2025-08-29 15:31:48.680 +03:30 [INF] Request starting HTTP/1.1 POST http://localhost:5005/api/test/seed/sell - application/json 82
2025-08-29 15:31:48.684 +03:30 [INF] Executing endpoint 'Api.Controllers.TestController.SeedSell (Api)'
2025-08-29 15:31:48.691 +03:30 [INF] Route matched with {action = "SeedSell", controller = "Test"}. Executing controller action with signature Microsoft.AspNetCore.Mvc.IActionResult SeedSell(SeedReq) on controller Api.Controllers.TestController (Api).
2025-08-29 15:31:48.693 +03:30 [INF] Executing action method Api.Controllers.TestController.SeedSell (Api) - Validation state: "Valid"
2025-08-29 15:31:48.695 +03:30 [INF] Executed action method Api.Controllers.TestController.SeedSell (Api), returned result Microsoft.AspNetCore.Mvc.OkObjectResult in 0.038ms.
2025-08-29 15:31:48.700 +03:30 [INF] Executing OkObjectResult, writing value of type '<>f__AnonymousType2`4[[System.String, System.Private.CoreLib, Version=9.0.0.0, Culture=neutral, PublicKeyToken=7cec85d7bea7798e],[System.String, System.Private.CoreLib, Version=9.0.0.0, Culture=neutral, PublicKeyToken=7cec85d7bea7798e],[System.String, System.Private.CoreLib, Version=9.0.0.0, Culture=neutral, PublicKeyToken=7cec85d7bea7798e],[System.Int32, System.Private.CoreLib, Version=9.0.0.0, Culture=neutral, PublicKeyToken=7cec85d7bea7798e]]'.
2025-08-29 15:31:48.706 +03:30 [INF] Executed action Api.Controllers.TestController.SeedSell (Api) in 13.0099ms
2025-08-29 15:31:48.713 +03:30 [INF] Executed endpoint 'Api.Controllers.TestController.SeedSell (Api)'
2025-08-29 15:31:48.714 +03:30 [INF] HTTP POST /api/test/seed/sell responded 200 in 29.8 ms
2025-08-29 15:31:48.716 +03:30 [INF] Request finished HTTP/1.1 POST http://localhost:5005/api/test/seed/sell - 200 null application/json; charset=utf-8 35.7931ms
2025-08-29 15:37:01.166 +03:30 [INF] Application is shutting down...
2025-08-29 15:41:23.995 +03:30 [INF] User profile is available. Using 'C:\Users\20\AppData\Local\ASP.NET\DataProtection-Keys' as key repository and Windows DPAPI to encrypt keys at rest.
2025-08-29 15:41:24.262 +03:30 [WRN] The WebRootPath was not found: D:\Trader\Trader\Api\wwwroot. Static files may be unavailable.
2025-08-29 15:41:24.411 +03:30 [INF] Now listening on: http://localhost:5005
2025-08-29 15:41:24.441 +03:30 [INF] Application started. Press Ctrl+C to shut down.
2025-08-29 15:41:24.450 +03:30 [INF] Hosting environment: Development
2025-08-29 15:41:24.451 +03:30 [INF] Content root path: D:\Trader\Trader\Api
2025-08-29 15:41:49.060 +03:30 [INF] Request starting HTTP/1.1 POST http://localhost:5005/api/test/seed/sell - application/json 82
2025-08-29 15:41:49.237 +03:30 [INF] Executing endpoint 'Api.Controllers.TestController.SeedSell (Api)'
2025-08-29 15:41:49.337 +03:30 [INF] Route matched with {action = "SeedSell", controller = "Test"}. Executing controller action with signature Microsoft.AspNetCore.Mvc.IActionResult SeedSell(SeedReq) on controller Api.Controllers.TestController (Api).
2025-08-29 15:41:49.477 +03:30 [INF] Executing action method Api.Controllers.TestController.SeedSell (Api) - Validation state: "Valid"
2025-08-29 15:41:49.502 +03:30 [INF] Executed action method Api.Controllers.TestController.SeedSell (Api), returned result Microsoft.AspNetCore.Mvc.OkObjectResult in 6.7834ms.
2025-08-29 15:41:49.568 +03:30 [INF] Executing OkObjectResult, writing value of type '<>f__AnonymousType2`4[[System.String, System.Private.CoreLib, Version=9.0.0.0, Culture=neutral, PublicKeyToken=7cec85d7bea7798e],[System.String, System.Private.CoreLib, Version=9.0.0.0, Culture=neutral, PublicKeyToken=7cec85d7bea7798e],[System.String, System.Private.CoreLib, Version=9.0.0.0, Culture=neutral, PublicKeyToken=7cec85d7bea7798e],[System.Int32, System.Private.CoreLib, Version=9.0.0.0, Culture=neutral, PublicKeyToken=7cec85d7bea7798e]]'.
2025-08-29 15:41:49.601 +03:30 [INF] Executed action Api.Controllers.TestController.SeedSell (Api) in 251.585ms
2025-08-29 15:41:49.603 +03:30 [INF] Executed endpoint 'Api.Controllers.TestController.SeedSell (Api)'
2025-08-29 15:41:49.611 +03:30 [INF] HTTP POST /api/test/seed/sell responded 200 in 375.0 ms
2025-08-29 15:41:49.621 +03:30 [INF] Request finished HTTP/1.1 POST http://localhost:5005/api/test/seed/sell - 200 null application/json; charset=utf-8 566.7842ms
2025-08-29 15:42:00.228 +03:30 [INF] Request starting HTTP/1.1 POST http://localhost:5005/api/test/seed/sell - application/json 82
2025-08-29 15:42:00.254 +03:30 [INF] Executing endpoint 'Api.Controllers.TestController.SeedSell (Api)'
2025-08-29 15:42:00.267 +03:30 [INF] Route matched with {action = "SeedSell", controller = "Test"}. Executing controller action with signature Microsoft.AspNetCore.Mvc.IActionResult SeedSell(SeedReq) on controller Api.Controllers.TestController (Api).
2025-08-29 15:42:00.271 +03:30 [INF] Executing action method Api.Controllers.TestController.SeedSell (Api) - Validation state: "Valid"
2025-08-29 15:42:00.289 +03:30 [INF] Executed action method Api.Controllers.TestController.SeedSell (Api), returned result Microsoft.AspNetCore.Mvc.OkObjectResult in 0.6765ms.
2025-08-29 15:42:00.298 +03:30 [INF] Executing OkObjectResult, writing value of type '<>f__AnonymousType2`4[[System.String, System.Private.CoreLib, Version=9.0.0.0, Culture=neutral, PublicKeyToken=7cec85d7bea7798e],[System.String, System.Private.CoreLib, Version=9.0.0.0, Culture=neutral, PublicKeyToken=7cec85d7bea7798e],[System.String, System.Private.CoreLib, Version=9.0.0.0, Culture=neutral, PublicKeyToken=7cec85d7bea7798e],[System.Int32, System.Private.CoreLib, Version=9.0.0.0, Culture=neutral, PublicKeyToken=7cec85d7bea7798e]]'.
2025-08-29 15:42:00.301 +03:30 [INF] Executed action Api.Controllers.TestController.SeedSell (Api) in 31.0375ms
2025-08-29 15:42:00.303 +03:30 [INF] Executed endpoint 'Api.Controllers.TestController.SeedSell (Api)'
2025-08-29 15:42:00.312 +03:30 [INF] HTTP POST /api/test/seed/sell responded 200 in 57.4 ms
2025-08-29 15:42:00.315 +03:30 [INF] Request finished HTTP/1.1 POST http://localhost:5005/api/test/seed/sell - 200 null application/json; charset=utf-8 88.5315ms
2025-08-29 15:42:07.169 +03:30 [INF] Request starting HTTP/1.1 POST http://localhost:5005/api/test/seed/sell - application/json 82
2025-08-29 15:42:07.180 +03:30 [INF] Executing endpoint 'Api.Controllers.TestController.SeedSell (Api)'
2025-08-29 15:42:07.186 +03:30 [INF] Route matched with {action = "SeedSell", controller = "Test"}. Executing controller action with signature Microsoft.AspNetCore.Mvc.IActionResult SeedSell(SeedReq) on controller Api.Controllers.TestController (Api).
2025-08-29 15:42:07.191 +03:30 [INF] Executing action method Api.Controllers.TestController.SeedSell (Api) - Validation state: "Valid"
2025-08-29 15:42:07.192 +03:30 [INF] Executed action method Api.Controllers.TestController.SeedSell (Api), returned result Microsoft.AspNetCore.Mvc.OkObjectResult in 0.075ms.
2025-08-29 15:42:07.195 +03:30 [INF] Executing OkObjectResult, writing value of type '<>f__AnonymousType2`4[[System.String, System.Private.CoreLib, Version=9.0.0.0, Culture=neutral, PublicKeyToken=7cec85d7bea7798e],[System.String, System.Private.CoreLib, Version=9.0.0.0, Culture=neutral, PublicKeyToken=7cec85d7bea7798e],[System.String, System.Private.CoreLib, Version=9.0.0.0, Culture=neutral, PublicKeyToken=7cec85d7bea7798e],[System.Int32, System.Private.CoreLib, Version=9.0.0.0, Culture=neutral, PublicKeyToken=7cec85d7bea7798e]]'.
2025-08-29 15:42:07.213 +03:30 [INF] Executed action Api.Controllers.TestController.SeedSell (Api) in 23.2671ms
2025-08-29 15:42:07.215 +03:30 [INF] Executed endpoint 'Api.Controllers.TestController.SeedSell (Api)'
2025-08-29 15:42:07.218 +03:30 [INF] HTTP POST /api/test/seed/sell responded 200 in 38.9 ms
2025-08-29 15:42:07.225 +03:30 [INF] Request finished HTTP/1.1 POST http://localhost:5005/api/test/seed/sell - 200 null application/json; charset=utf-8 55.9372ms
2025-08-29 15:42:08.931 +03:30 [INF] Request starting HTTP/1.1 POST http://localhost:5005/api/test/seed/sell - application/json 82
2025-08-29 15:42:08.935 +03:30 [INF] Executing endpoint 'Api.Controllers.TestController.SeedSell (Api)'
2025-08-29 15:42:08.937 +03:30 [INF] Route matched with {action = "SeedSell", controller = "Test"}. Executing controller action with signature Microsoft.AspNetCore.Mvc.IActionResult SeedSell(SeedReq) on controller Api.Controllers.TestController (Api).
2025-08-29 15:42:08.940 +03:30 [INF] Executing action method Api.Controllers.TestController.SeedSell (Api) - Validation state: "Valid"
2025-08-29 15:42:08.941 +03:30 [INF] Executed action method Api.Controllers.TestController.SeedSell (Api), returned result Microsoft.AspNetCore.Mvc.OkObjectResult in 0.0287ms.
2025-08-29 15:42:08.944 +03:30 [INF] Executing OkObjectResult, writing value of type '<>f__AnonymousType2`4[[System.String, System.Private.CoreLib, Version=9.0.0.0, Culture=neutral, PublicKeyToken=7cec85d7bea7798e],[System.String, System.Private.CoreLib, Version=9.0.0.0, Culture=neutral, PublicKeyToken=7cec85d7bea7798e],[System.String, System.Private.CoreLib, Version=9.0.0.0, Culture=neutral, PublicKeyToken=7cec85d7bea7798e],[System.Int32, System.Private.CoreLib, Version=9.0.0.0, Culture=neutral, PublicKeyToken=7cec85d7bea7798e]]'.
2025-08-29 15:42:08.946 +03:30 [INF] Executed action Api.Controllers.TestController.SeedSell (Api) in 6.9383ms
2025-08-29 15:42:08.955 +03:30 [INF] Executed endpoint 'Api.Controllers.TestController.SeedSell (Api)'
2025-08-29 15:42:08.963 +03:30 [INF] HTTP POST /api/test/seed/sell responded 200 in 28.6 ms
2025-08-29 15:42:08.966 +03:30 [INF] Request finished HTTP/1.1 POST http://localhost:5005/api/test/seed/sell - 200 null application/json; charset=utf-8 35.2586ms
2025-08-29 15:42:09.955 +03:30 [INF] Request starting HTTP/1.1 POST http://localhost:5005/api/test/seed/sell - application/json 82
2025-08-29 15:42:09.978 +03:30 [INF] Executing endpoint 'Api.Controllers.TestController.SeedSell (Api)'
2025-08-29 15:42:09.984 +03:30 [INF] Route matched with {action = "SeedSell", controller = "Test"}. Executing controller action with signature Microsoft.AspNetCore.Mvc.IActionResult SeedSell(SeedReq) on controller Api.Controllers.TestController (Api).
2025-08-29 15:42:09.998 +03:30 [INF] Executing action method Api.Controllers.TestController.SeedSell (Api) - Validation state: "Valid"
2025-08-29 15:42:09.999 +03:30 [INF] Executed action method Api.Controllers.TestController.SeedSell (Api), returned result Microsoft.AspNetCore.Mvc.OkObjectResult in 0.0324ms.
2025-08-29 15:42:10.002 +03:30 [INF] Executing OkObjectResult, writing value of type '<>f__AnonymousType2`4[[System.String, System.Private.CoreLib, Version=9.0.0.0, Culture=neutral, PublicKeyToken=7cec85d7bea7798e],[System.String, System.Private.CoreLib, Version=9.0.0.0, Culture=neutral, PublicKeyToken=7cec85d7bea7798e],[System.String, System.Private.CoreLib, Version=9.0.0.0, Culture=neutral, PublicKeyToken=7cec85d7bea7798e],[System.Int32, System.Private.CoreLib, Version=9.0.0.0, Culture=neutral, PublicKeyToken=7cec85d7bea7798e]]'.
2025-08-29 15:42:10.018 +03:30 [INF] Executed action Api.Controllers.TestController.SeedSell (Api) in 21.3766ms
2025-08-29 15:42:10.030 +03:30 [INF] Executed endpoint 'Api.Controllers.TestController.SeedSell (Api)'
2025-08-29 15:42:10.031 +03:30 [INF] HTTP POST /api/test/seed/sell responded 200 in 52.6 ms
2025-08-29 15:42:10.033 +03:30 [INF] Request finished HTTP/1.1 POST http://localhost:5005/api/test/seed/sell - 200 null application/json; charset=utf-8 78.4975ms
2025-08-29 15:42:10.809 +03:30 [INF] Request starting HTTP/1.1 POST http://localhost:5005/api/test/seed/sell - application/json 82
2025-08-29 15:42:10.814 +03:30 [INF] Executing endpoint 'Api.Controllers.TestController.SeedSell (Api)'
2025-08-29 15:42:10.820 +03:30 [INF] Route matched with {action = "SeedSell", controller = "Test"}. Executing controller action with signature Microsoft.AspNetCore.Mvc.IActionResult SeedSell(SeedReq) on controller Api.Controllers.TestController (Api).
2025-08-29 15:42:10.823 +03:30 [INF] Executing action method Api.Controllers.TestController.SeedSell (Api) - Validation state: "Valid"
2025-08-29 15:42:10.826 +03:30 [INF] Executed action method Api.Controllers.TestController.SeedSell (Api), returned result Microsoft.AspNetCore.Mvc.OkObjectResult in 0.0361ms.
2025-08-29 15:42:10.828 +03:30 [INF] Executing OkObjectResult, writing value of type '<>f__AnonymousType2`4[[System.String, System.Private.CoreLib, Version=9.0.0.0, Culture=neutral, PublicKeyToken=7cec85d7bea7798e],[System.String, System.Private.CoreLib, Version=9.0.0.0, Culture=neutral, PublicKeyToken=7cec85d7bea7798e],[System.String, System.Private.CoreLib, Version=9.0.0.0, Culture=neutral, PublicKeyToken=7cec85d7bea7798e],[System.Int32, System.Private.CoreLib, Version=9.0.0.0, Culture=neutral, PublicKeyToken=7cec85d7bea7798e]]'.
2025-08-29 15:42:10.830 +03:30 [INF] Executed action Api.Controllers.TestController.SeedSell (Api) in 7.8357ms
2025-08-29 15:42:10.832 +03:30 [INF] Executed endpoint 'Api.Controllers.TestController.SeedSell (Api)'
2025-08-29 15:42:10.834 +03:30 [INF] HTTP POST /api/test/seed/sell responded 200 in 20.7 ms
2025-08-29 15:42:10.837 +03:30 [INF] Request finished HTTP/1.1 POST http://localhost:5005/api/test/seed/sell - 200 null application/json; charset=utf-8 27.7636ms
2025-08-29 15:42:11.593 +03:30 [INF] Request starting HTTP/1.1 POST http://localhost:5005/api/test/seed/sell - application/json 82
2025-08-29 15:42:11.600 +03:30 [INF] Executing endpoint 'Api.Controllers.TestController.SeedSell (Api)'
2025-08-29 15:42:11.603 +03:30 [INF] Route matched with {action = "SeedSell", controller = "Test"}. Executing controller action with signature Microsoft.AspNetCore.Mvc.IActionResult SeedSell(SeedReq) on controller Api.Controllers.TestController (Api).
2025-08-29 15:42:11.638 +03:30 [INF] Executing action method Api.Controllers.TestController.SeedSell (Api) - Validation state: "Valid"
2025-08-29 15:42:11.641 +03:30 [INF] Executed action method Api.Controllers.TestController.SeedSell (Api), returned result Microsoft.AspNetCore.Mvc.OkObjectResult in 0.0566ms.
2025-08-29 15:42:11.643 +03:30 [INF] Executing OkObjectResult, writing value of type '<>f__AnonymousType2`4[[System.String, System.Private.CoreLib, Version=9.0.0.0, Culture=neutral, PublicKeyToken=7cec85d7bea7798e],[System.String, System.Private.CoreLib, Version=9.0.0.0, Culture=neutral, PublicKeyToken=7cec85d7bea7798e],[System.String, System.Private.CoreLib, Version=9.0.0.0, Culture=neutral, PublicKeyToken=7cec85d7bea7798e],[System.Int32, System.Private.CoreLib, Version=9.0.0.0, Culture=neutral, PublicKeyToken=7cec85d7bea7798e]]'.
2025-08-29 15:42:11.646 +03:30 [INF] Executed action Api.Controllers.TestController.SeedSell (Api) in 8.884ms
2025-08-29 15:42:11.652 +03:30 [INF] Executed endpoint 'Api.Controllers.TestController.SeedSell (Api)'
2025-08-29 15:42:11.655 +03:30 [INF] HTTP POST /api/test/seed/sell responded 200 in 54.9 ms
2025-08-29 15:42:11.659 +03:30 [INF] Request finished HTTP/1.1 POST http://localhost:5005/api/test/seed/sell - 200 null application/json; charset=utf-8 66.0268ms
2025-08-29 15:42:12.654 +03:30 [INF] Request starting HTTP/1.1 POST http://localhost:5005/api/test/seed/sell - application/json 82
2025-08-29 15:42:12.661 +03:30 [INF] Executing endpoint 'Api.Controllers.TestController.SeedSell (Api)'
2025-08-29 15:42:12.693 +03:30 [INF] Route matched with {action = "SeedSell", controller = "Test"}. Executing controller action with signature Microsoft.AspNetCore.Mvc.IActionResult SeedSell(SeedReq) on controller Api.Controllers.TestController (Api).
2025-08-29 15:42:12.698 +03:30 [INF] Executing action method Api.Controllers.TestController.SeedSell (Api) - Validation state: "Valid"
2025-08-29 15:42:12.699 +03:30 [INF] Executed action method Api.Controllers.TestController.SeedSell (Api), returned result Microsoft.AspNetCore.Mvc.OkObjectResult in 0.032ms.
2025-08-29 15:42:12.704 +03:30 [INF] Executing OkObjectResult, writing value of type '<>f__AnonymousType2`4[[System.String, System.Private.CoreLib, Version=9.0.0.0, Culture=neutral, PublicKeyToken=7cec85d7bea7798e],[System.String, System.Private.CoreLib, Version=9.0.0.0, Culture=neutral, PublicKeyToken=7cec85d7bea7798e],[System.String, System.Private.CoreLib, Version=9.0.0.0, Culture=neutral, PublicKeyToken=7cec85d7bea7798e],[System.Int32, System.Private.CoreLib, Version=9.0.0.0, Culture=neutral, PublicKeyToken=7cec85d7bea7798e]]'.
2025-08-29 15:42:12.716 +03:30 [INF] Executed action Api.Controllers.TestController.SeedSell (Api) in 19.3918ms
2025-08-29 15:42:12.744 +03:30 [INF] Executed endpoint 'Api.Controllers.TestController.SeedSell (Api)'
2025-08-29 15:42:12.746 +03:30 [INF] HTTP POST /api/test/seed/sell responded 200 in 85.0 ms
2025-08-29 15:42:12.750 +03:30 [INF] Request finished HTTP/1.1 POST http://localhost:5005/api/test/seed/sell - 200 null application/json; charset=utf-8 95.6966ms
2025-08-29 15:42:12.822 +03:30 [INF] Request starting HTTP/1.1 POST http://localhost:5005/api/test/seed/sell - application/json 82
2025-08-29 15:42:12.827 +03:30 [INF] Executing endpoint 'Api.Controllers.TestController.SeedSell (Api)'
2025-08-29 15:42:12.828 +03:30 [INF] Route matched with {action = "SeedSell", controller = "Test"}. Executing controller action with signature Microsoft.AspNetCore.Mvc.IActionResult SeedSell(SeedReq) on controller Api.Controllers.TestController (Api).
2025-08-29 15:42:12.832 +03:30 [INF] Executing action method Api.Controllers.TestController.SeedSell (Api) - Validation state: "Valid"
2025-08-29 15:42:12.833 +03:30 [INF] Executed action method Api.Controllers.TestController.SeedSell (Api), returned result Microsoft.AspNetCore.Mvc.OkObjectResult in 0.0354ms.
2025-08-29 15:42:12.836 +03:30 [INF] Executing OkObjectResult, writing value of type '<>f__AnonymousType2`4[[System.String, System.Private.CoreLib, Version=9.0.0.0, Culture=neutral, PublicKeyToken=7cec85d7bea7798e],[System.String, System.Private.CoreLib, Version=9.0.0.0, Culture=neutral, PublicKeyToken=7cec85d7bea7798e],[System.String, System.Private.CoreLib, Version=9.0.0.0, Culture=neutral, PublicKeyToken=7cec85d7bea7798e],[System.Int32, System.Private.CoreLib, Version=9.0.0.0, Culture=neutral, PublicKeyToken=7cec85d7bea7798e]]'.
2025-08-29 15:42:12.838 +03:30 [INF] Executed action Api.Controllers.TestController.SeedSell (Api) in 7.3107ms
2025-08-29 15:42:12.842 +03:30 [INF] Executed endpoint 'Api.Controllers.TestController.SeedSell (Api)'
2025-08-29 15:42:12.878 +03:30 [INF] HTTP POST /api/test/seed/sell responded 200 in 51.1 ms
2025-08-29 15:42:12.880 +03:30 [INF] Request finished HTTP/1.1 POST http://localhost:5005/api/test/seed/sell - 200 null application/json; charset=utf-8 58.9129ms
2025-08-29 15:42:13.120 +03:30 [INF] Request starting HTTP/1.1 POST http://localhost:5005/api/test/seed/sell - application/json 82
2025-08-29 15:42:13.130 +03:30 [INF] Executing endpoint 'Api.Controllers.TestController.SeedSell (Api)'
2025-08-29 15:42:13.151 +03:30 [INF] Route matched with {action = "SeedSell", controller = "Test"}. Executing controller action with signature Microsoft.AspNetCore.Mvc.IActionResult SeedSell(SeedReq) on controller Api.Controllers.TestController (Api).
2025-08-29 15:42:13.155 +03:30 [INF] Executing action method Api.Controllers.TestController.SeedSell (Api) - Validation state: "Valid"
2025-08-29 15:42:13.169 +03:30 [INF] Executed action method Api.Controllers.TestController.SeedSell (Api), returned result Microsoft.AspNetCore.Mvc.OkObjectResult in 0.0813ms.
2025-08-29 15:42:13.171 +03:30 [INF] Executing OkObjectResult, writing value of type '<>f__AnonymousType2`4[[System.String, System.Private.CoreLib, Version=9.0.0.0, Culture=neutral, PublicKeyToken=7cec85d7bea7798e],[System.String, System.Private.CoreLib, Version=9.0.0.0, Culture=neutral, PublicKeyToken=7cec85d7bea7798e],[System.String, System.Private.CoreLib, Version=9.0.0.0, Culture=neutral, PublicKeyToken=7cec85d7bea7798e],[System.Int32, System.Private.CoreLib, Version=9.0.0.0, Culture=neutral, PublicKeyToken=7cec85d7bea7798e]]'.
2025-08-29 15:42:13.177 +03:30 [INF] Executed action Api.Controllers.TestController.SeedSell (Api) in 22.7586ms
2025-08-29 15:42:13.179 +03:30 [INF] Executed endpoint 'Api.Controllers.TestController.SeedSell (Api)'
2025-08-29 15:42:13.181 +03:30 [INF] HTTP POST /api/test/seed/sell responded 200 in 50.6 ms
2025-08-29 15:42:13.183 +03:30 [INF] Request finished HTTP/1.1 POST http://localhost:5005/api/test/seed/sell - 200 null application/json; charset=utf-8 63.4286ms
2025-08-29 15:42:13.352 +03:30 [INF] Request starting HTTP/1.1 POST http://localhost:5005/api/test/seed/sell - application/json 82
2025-08-29 15:42:13.365 +03:30 [INF] Executing endpoint 'Api.Controllers.TestController.SeedSell (Api)'
2025-08-29 15:42:13.377 +03:30 [INF] Route matched with {action = "SeedSell", controller = "Test"}. Executing controller action with signature Microsoft.AspNetCore.Mvc.IActionResult SeedSell(SeedReq) on controller Api.Controllers.TestController (Api).
2025-08-29 15:42:13.386 +03:30 [INF] Executing action method Api.Controllers.TestController.SeedSell (Api) - Validation state: "Valid"
2025-08-29 15:42:13.388 +03:30 [INF] Executed action method Api.Controllers.TestController.SeedSell (Api), returned result Microsoft.AspNetCore.Mvc.OkObjectResult in 0.0285ms.
2025-08-29 15:42:13.413 +03:30 [INF] Executing OkObjectResult, writing value of type '<>f__AnonymousType2`4[[System.String, System.Private.CoreLib, Version=9.0.0.0, Culture=neutral, PublicKeyToken=7cec85d7bea7798e],[System.String, System.Private.CoreLib, Version=9.0.0.0, Culture=neutral, PublicKeyToken=7cec85d7bea7798e],[System.String, System.Private.CoreLib, Version=9.0.0.0, Culture=neutral, PublicKeyToken=7cec85d7bea7798e],[System.Int32, System.Private.CoreLib, Version=9.0.0.0, Culture=neutral, PublicKeyToken=7cec85d7bea7798e]]'.
2025-08-29 15:42:13.416 +03:30 [INF] Executed action Api.Controllers.TestController.SeedSell (Api) in 30.8822ms
2025-08-29 15:42:13.418 +03:30 [INF] Executed endpoint 'Api.Controllers.TestController.SeedSell (Api)'
2025-08-29 15:42:13.420 +03:30 [INF] HTTP POST /api/test/seed/sell responded 200 in 55.3 ms
2025-08-29 15:42:13.423 +03:30 [INF] Request finished HTTP/1.1 POST http://localhost:5005/api/test/seed/sell - 200 null application/json; charset=utf-8 70.2967ms
2025-08-29 15:42:13.549 +03:30 [INF] Request starting HTTP/1.1 POST http://localhost:5005/api/test/seed/sell - application/json 82
2025-08-29 15:42:13.582 +03:30 [INF] Executing endpoint 'Api.Controllers.TestController.SeedSell (Api)'
2025-08-29 15:42:13.585 +03:30 [INF] Route matched with {action = "SeedSell", controller = "Test"}. Executing controller action with signature Microsoft.AspNetCore.Mvc.IActionResult SeedSell(SeedReq) on controller Api.Controllers.TestController (Api).
2025-08-29 15:42:13.588 +03:30 [INF] Executing action method Api.Controllers.TestController.SeedSell (Api) - Validation state: "Valid"
2025-08-29 15:42:13.593 +03:30 [INF] Executed action method Api.Controllers.TestController.SeedSell (Api), returned result Microsoft.AspNetCore.Mvc.OkObjectResult in 0.125ms.
2025-08-29 15:42:13.597 +03:30 [INF] Executing OkObjectResult, writing value of type '<>f__AnonymousType2`4[[System.String, System.Private.CoreLib, Version=9.0.0.0, Culture=neutral, PublicKeyToken=7cec85d7bea7798e],[System.String, System.Private.CoreLib, Version=9.0.0.0, Culture=neutral, PublicKeyToken=7cec85d7bea7798e],[System.String, System.Private.CoreLib, Version=9.0.0.0, Culture=neutral, PublicKeyToken=7cec85d7bea7798e],[System.Int32, System.Private.CoreLib, Version=9.0.0.0, Culture=neutral, PublicKeyToken=7cec85d7bea7798e]]'.
2025-08-29 15:42:13.599 +03:30 [INF] Executed action Api.Controllers.TestController.SeedSell (Api) in 11.6381ms
2025-08-29 15:42:13.604 +03:30 [INF] Executed endpoint 'Api.Controllers.TestController.SeedSell (Api)'
2025-08-29 15:42:13.608 +03:30 [INF] HTTP POST /api/test/seed/sell responded 200 in 25.6 ms
2025-08-29 15:42:13.611 +03:30 [INF] Request finished HTTP/1.1 POST http://localhost:5005/api/test/seed/sell - 200 null application/json; charset=utf-8 62.6176ms
2025-08-29 15:42:13.719 +03:30 [INF] Request starting HTTP/1.1 POST http://localhost:5005/api/test/seed/sell - application/json 82
2025-08-29 15:42:13.730 +03:30 [INF] Executing endpoint 'Api.Controllers.TestController.SeedSell (Api)'
2025-08-29 15:42:13.731 +03:30 [INF] Route matched with {action = "SeedSell", controller = "Test"}. Executing controller action with signature Microsoft.AspNetCore.Mvc.IActionResult SeedSell(SeedReq) on controller Api.Controllers.TestController (Api).
2025-08-29 15:42:13.735 +03:30 [INF] Executing action method Api.Controllers.TestController.SeedSell (Api) - Validation state: "Valid"
2025-08-29 15:42:13.737 +03:30 [INF] Executed action method Api.Controllers.TestController.SeedSell (Api), returned result Microsoft.AspNetCore.Mvc.OkObjectResult in 0.0319ms.
2025-08-29 15:42:13.755 +03:30 [INF] Executing OkObjectResult, writing value of type '<>f__AnonymousType2`4[[System.String, System.Private.CoreLib, Version=9.0.0.0, Culture=neutral, PublicKeyToken=7cec85d7bea7798e],[System.String, System.Private.CoreLib, Version=9.0.0.0, Culture=neutral, PublicKeyToken=7cec85d7bea7798e],[System.String, System.Private.CoreLib, Version=9.0.0.0, Culture=neutral, PublicKeyToken=7cec85d7bea7798e],[System.Int32, System.Private.CoreLib, Version=9.0.0.0, Culture=neutral, PublicKeyToken=7cec85d7bea7798e]]'.
2025-08-29 15:42:13.780 +03:30 [INF] Executed action Api.Controllers.TestController.SeedSell (Api) in 44.9095ms
2025-08-29 15:42:13.815 +03:30 [INF] Executed endpoint 'Api.Controllers.TestController.SeedSell (Api)'
2025-08-29 15:42:13.816 +03:30 [INF] HTTP POST /api/test/seed/sell responded 200 in 85.7 ms
2025-08-29 15:42:13.818 +03:30 [INF] Request finished HTTP/1.1 POST http://localhost:5005/api/test/seed/sell - 200 null application/json; charset=utf-8 99.3147ms
2025-08-29 15:42:13.893 +03:30 [INF] Request starting HTTP/1.1 POST http://localhost:5005/api/test/seed/sell - application/json 82
2025-08-29 15:42:13.899 +03:30 [INF] Executing endpoint 'Api.Controllers.TestController.SeedSell (Api)'
2025-08-29 15:42:13.902 +03:30 [INF] Route matched with {action = "SeedSell", controller = "Test"}. Executing controller action with signature Microsoft.AspNetCore.Mvc.IActionResult SeedSell(SeedReq) on controller Api.Controllers.TestController (Api).
2025-08-29 15:42:13.905 +03:30 [INF] Executing action method Api.Controllers.TestController.SeedSell (Api) - Validation state: "Valid"
2025-08-29 15:42:13.909 +03:30 [INF] Executed action method Api.Controllers.TestController.SeedSell (Api), returned result Microsoft.AspNetCore.Mvc.OkObjectResult in 0.0286ms.
2025-08-29 15:42:13.911 +03:30 [INF] Executing OkObjectResult, writing value of type '<>f__AnonymousType2`4[[System.String, System.Private.CoreLib, Version=9.0.0.0, Culture=neutral, PublicKeyToken=7cec85d7bea7798e],[System.String, System.Private.CoreLib, Version=9.0.0.0, Culture=neutral, PublicKeyToken=7cec85d7bea7798e],[System.String, System.Private.CoreLib, Version=9.0.0.0, Culture=neutral, PublicKeyToken=7cec85d7bea7798e],[System.Int32, System.Private.CoreLib, Version=9.0.0.0, Culture=neutral, PublicKeyToken=7cec85d7bea7798e]]'.
2025-08-29 15:42:13.913 +03:30 [INF] Executed action Api.Controllers.TestController.SeedSell (Api) in 8.6298ms
2025-08-29 15:42:13.920 +03:30 [INF] Executed endpoint 'Api.Controllers.TestController.SeedSell (Api)'
2025-08-29 15:42:13.927 +03:30 [INF] HTTP POST /api/test/seed/sell responded 200 in 28.7 ms
2025-08-29 15:42:13.930 +03:30 [INF] Request finished HTTP/1.1 POST http://localhost:5005/api/test/seed/sell - 200 null application/json; charset=utf-8 36.2659ms
2025-08-29 15:42:14.052 +03:30 [INF] Request starting HTTP/1.1 POST http://localhost:5005/api/test/seed/sell - application/json 82
2025-08-29 15:42:14.057 +03:30 [INF] Executing endpoint 'Api.Controllers.TestController.SeedSell (Api)'
2025-08-29 15:42:14.065 +03:30 [INF] Route matched with {action = "SeedSell", controller = "Test"}. Executing controller action with signature Microsoft.AspNetCore.Mvc.IActionResult SeedSell(SeedReq) on controller Api.Controllers.TestController (Api).
2025-08-29 15:42:14.068 +03:30 [INF] Executing action method Api.Controllers.TestController.SeedSell (Api) - Validation state: "Valid"
2025-08-29 15:42:14.070 +03:30 [INF] Executed action method Api.Controllers.TestController.SeedSell (Api), returned result Microsoft.AspNetCore.Mvc.OkObjectResult in 0.0731ms.
2025-08-29 15:42:14.076 +03:30 [INF] Executing OkObjectResult, writing value of type '<>f__AnonymousType2`4[[System.String, System.Private.CoreLib, Version=9.0.0.0, Culture=neutral, PublicKeyToken=7cec85d7bea7798e],[System.String, System.Private.CoreLib, Version=9.0.0.0, Culture=neutral, PublicKeyToken=7cec85d7bea7798e],[System.String, System.Private.CoreLib, Version=9.0.0.0, Culture=neutral, PublicKeyToken=7cec85d7bea7798e],[System.Int32, System.Private.CoreLib, Version=9.0.0.0, Culture=neutral, PublicKeyToken=7cec85d7bea7798e]]'.
2025-08-29 15:42:14.079 +03:30 [INF] Executed action Api.Controllers.TestController.SeedSell (Api) in 11.2903ms
2025-08-29 15:42:14.085 +03:30 [INF] Executed endpoint 'Api.Controllers.TestController.SeedSell (Api)'
2025-08-29 15:42:14.086 +03:30 [INF] HTTP POST /api/test/seed/sell responded 200 in 28.6 ms
2025-08-29 15:42:14.088 +03:30 [INF] Request finished HTTP/1.1 POST http://localhost:5005/api/test/seed/sell - 200 null application/json; charset=utf-8 36.0134ms
2025-08-29 15:42:14.551 +03:30 [INF] Request starting HTTP/1.1 POST http://localhost:5005/api/test/seed/sell - application/json 82
2025-08-29 15:42:14.559 +03:30 [INF] Executing endpoint 'Api.Controllers.TestController.SeedSell (Api)'
2025-08-29 15:42:14.584 +03:30 [INF] Route matched with {action = "SeedSell", controller = "Test"}. Executing controller action with signature Microsoft.AspNetCore.Mvc.IActionResult SeedSell(SeedReq) on controller Api.Controllers.TestController (Api).
2025-08-29 15:42:14.588 +03:30 [INF] Executing action method Api.Controllers.TestController.SeedSell (Api) - Validation state: "Valid"
2025-08-29 15:42:14.595 +03:30 [INF] Executed action method Api.Controllers.TestController.SeedSell (Api), returned result Microsoft.AspNetCore.Mvc.OkObjectResult in 0.0508ms.
2025-08-29 15:42:14.611 +03:30 [INF] Executing OkObjectResult, writing value of type '<>f__AnonymousType2`4[[System.String, System.Private.CoreLib, Version=9.0.0.0, Culture=neutral, PublicKeyToken=7cec85d7bea7798e],[System.String, System.Private.CoreLib, Version=9.0.0.0, Culture=neutral, PublicKeyToken=7cec85d7bea7798e],[System.String, System.Private.CoreLib, Version=9.0.0.0, Culture=neutral, PublicKeyToken=7cec85d7bea7798e],[System.Int32, System.Private.CoreLib, Version=9.0.0.0, Culture=neutral, PublicKeyToken=7cec85d7bea7798e]]'.
2025-08-29 15:42:14.614 +03:30 [INF] Executed action Api.Controllers.TestController.SeedSell (Api) in 26.4344ms
2025-08-29 15:42:14.621 +03:30 [INF] Executed endpoint 'Api.Controllers.TestController.SeedSell (Api)'
2025-08-29 15:42:14.622 +03:30 [INF] HTTP POST /api/test/seed/sell responded 200 in 66.7 ms
2025-08-29 15:42:14.633 +03:30 [INF] Request finished HTTP/1.1 POST http://localhost:5005/api/test/seed/sell - 200 null application/json; charset=utf-8 81.94ms
2025-08-29 15:42:14.711 +03:30 [INF] Request starting HTTP/1.1 POST http://localhost:5005/api/test/seed/sell - application/json 82
2025-08-29 15:42:14.714 +03:30 [INF] Executing endpoint 'Api.Controllers.TestController.SeedSell (Api)'
2025-08-29 15:42:14.716 +03:30 [INF] Route matched with {action = "SeedSell", controller = "Test"}. Executing controller action with signature Microsoft.AspNetCore.Mvc.IActionResult SeedSell(SeedReq) on controller Api.Controllers.TestController (Api).
2025-08-29 15:42:14.719 +03:30 [INF] Executing action method Api.Controllers.TestController.SeedSell (Api) - Validation state: "Valid"
2025-08-29 15:42:14.721 +03:30 [INF] Executed action method Api.Controllers.TestController.SeedSell (Api), returned result Microsoft.AspNetCore.Mvc.OkObjectResult in 0.5343ms.
2025-08-29 15:42:14.723 +03:30 [INF] Executing OkObjectResult, writing value of type '<>f__AnonymousType2`4[[System.String, System.Private.CoreLib, Version=9.0.0.0, Culture=neutral, PublicKeyToken=7cec85d7bea7798e],[System.String, System.Private.CoreLib, Version=9.0.0.0, Culture=neutral, PublicKeyToken=7cec85d7bea7798e],[System.String, System.Private.CoreLib, Version=9.0.0.0, Culture=neutral, PublicKeyToken=7cec85d7bea7798e],[System.Int32, System.Private.CoreLib, Version=9.0.0.0, Culture=neutral, PublicKeyToken=7cec85d7bea7798e]]'.
2025-08-29 15:42:14.725 +03:30 [INF] Executed action Api.Controllers.TestController.SeedSell (Api) in 6.8269ms
2025-08-29 15:42:14.726 +03:30 [INF] Executed endpoint 'Api.Controllers.TestController.SeedSell (Api)'
2025-08-29 15:42:14.729 +03:30 [INF] HTTP POST /api/test/seed/sell responded 200 in 14.4 ms
2025-08-29 15:42:14.731 +03:30 [INF] Request finished HTTP/1.1 POST http://localhost:5005/api/test/seed/sell - 200 null application/json; charset=utf-8 20.0481ms
2025-08-29 15:42:14.876 +03:30 [INF] Request starting HTTP/1.1 POST http://localhost:5005/api/test/seed/sell - application/json 82
2025-08-29 15:42:14.884 +03:30 [INF] Executing endpoint 'Api.Controllers.TestController.SeedSell (Api)'
2025-08-29 15:42:14.886 +03:30 [INF] Route matched with {action = "SeedSell", controller = "Test"}. Executing controller action with signature Microsoft.AspNetCore.Mvc.IActionResult SeedSell(SeedReq) on controller Api.Controllers.TestController (Api).
2025-08-29 15:42:14.890 +03:30 [INF] Executing action method Api.Controllers.TestController.SeedSell (Api) - Validation state: "Valid"
2025-08-29 15:42:14.892 +03:30 [INF] Executed action method Api.Controllers.TestController.SeedSell (Api), returned result Microsoft.AspNetCore.Mvc.OkObjectResult in 0.1216ms.
2025-08-29 15:42:14.898 +03:30 [INF] Executing OkObjectResult, writing value of type '<>f__AnonymousType2`4[[System.String, System.Private.CoreLib, Version=9.0.0.0, Culture=neutral, PublicKeyToken=7cec85d7bea7798e],[System.String, System.Private.CoreLib, Version=9.0.0.0, Culture=neutral, PublicKeyToken=7cec85d7bea7798e],[System.String, System.Private.CoreLib, Version=9.0.0.0, Culture=neutral, PublicKeyToken=7cec85d7bea7798e],[System.Int32, System.Private.CoreLib, Version=9.0.0.0, Culture=neutral, PublicKeyToken=7cec85d7bea7798e]]'.
2025-08-29 15:42:14.900 +03:30 [INF] Executed action Api.Controllers.TestController.SeedSell (Api) in 10.7819ms
2025-08-29 15:42:14.905 +03:30 [INF] Executed endpoint 'Api.Controllers.TestController.SeedSell (Api)'
2025-08-29 15:42:14.911 +03:30 [INF] HTTP POST /api/test/seed/sell responded 200 in 26.6 ms
2025-08-29 15:42:14.914 +03:30 [INF] Request finished HTTP/1.1 POST http://localhost:5005/api/test/seed/sell - 200 null application/json; charset=utf-8 38.5624ms
2025-08-29 15:42:15.019 +03:30 [INF] Request starting HTTP/1.1 POST http://localhost:5005/api/test/seed/sell - application/json 82
2025-08-29 15:42:15.172 +03:30 [INF] Executing endpoint 'Api.Controllers.TestController.SeedSell (Api)'
2025-08-29 15:42:15.199 +03:30 [INF] Route matched with {action = "SeedSell", controller = "Test"}. Executing controller action with signature Microsoft.AspNetCore.Mvc.IActionResult SeedSell(SeedReq) on controller Api.Controllers.TestController (Api).
2025-08-29 15:42:15.201 +03:30 [INF] Executing action method Api.Controllers.TestController.SeedSell (Api) - Validation state: "Valid"
2025-08-29 15:42:15.203 +03:30 [INF] Executed action method Api.Controllers.TestController.SeedSell (Api), returned result Microsoft.AspNetCore.Mvc.OkObjectResult in 0.0305ms.
2025-08-29 15:42:15.205 +03:30 [INF] Executing OkObjectResult, writing value of type '<>f__AnonymousType2`4[[System.String, System.Private.CoreLib, Version=9.0.0.0, Culture=neutral, PublicKeyToken=7cec85d7bea7798e],[System.String, System.Private.CoreLib, Version=9.0.0.0, Culture=neutral, PublicKeyToken=7cec85d7bea7798e],[System.String, System.Private.CoreLib, Version=9.0.0.0, Culture=neutral, PublicKeyToken=7cec85d7bea7798e],[System.Int32, System.Private.CoreLib, Version=9.0.0.0, Culture=neutral, PublicKeyToken=7cec85d7bea7798e]]'.
2025-08-29 15:42:15.220 +03:30 [INF] Executed action Api.Controllers.TestController.SeedSell (Api) in 19.2985ms
2025-08-29 15:42:15.234 +03:30 [INF] Executed endpoint 'Api.Controllers.TestController.SeedSell (Api)'
2025-08-29 15:42:15.235 +03:30 [INF] HTTP POST /api/test/seed/sell responded 200 in 63.6 ms
2025-08-29 15:42:15.238 +03:30 [INF] Request finished HTTP/1.1 POST http://localhost:5005/api/test/seed/sell - 200 null application/json; charset=utf-8 218.4743ms
2025-08-29 15:42:15.532 +03:30 [INF] Request starting HTTP/1.1 POST http://localhost:5005/api/test/seed/sell - application/json 82
2025-08-29 15:42:15.535 +03:30 [INF] Executing endpoint 'Api.Controllers.TestController.SeedSell (Api)'
2025-08-29 15:42:15.537 +03:30 [INF] Route matched with {action = "SeedSell", controller = "Test"}. Executing controller action with signature Microsoft.AspNetCore.Mvc.IActionResult SeedSell(SeedReq) on controller Api.Controllers.TestController (Api).
2025-08-29 15:42:15.539 +03:30 [INF] Executing action method Api.Controllers.TestController.SeedSell (Api) - Validation state: "Valid"
2025-08-29 15:42:15.549 +03:30 [INF] Executed action method Api.Controllers.TestController.SeedSell (Api), returned result Microsoft.AspNetCore.Mvc.OkObjectResult in 0.0268ms.
2025-08-29 15:42:15.551 +03:30 [INF] Executing OkObjectResult, writing value of type '<>f__AnonymousType2`4[[System.String, System.Private.CoreLib, Version=9.0.0.0, Culture=neutral, PublicKeyToken=7cec85d7bea7798e],[System.String, System.Private.CoreLib, Version=9.0.0.0, Culture=neutral, PublicKeyToken=7cec85d7bea7798e],[System.String, System.Private.CoreLib, Version=9.0.0.0, Culture=neutral, PublicKeyToken=7cec85d7bea7798e],[System.Int32, System.Private.CoreLib, Version=9.0.0.0, Culture=neutral, PublicKeyToken=7cec85d7bea7798e]]'.
2025-08-29 15:42:15.552 +03:30 [INF] Executed action Api.Controllers.TestController.SeedSell (Api) in 13.8131ms
2025-08-29 15:42:15.558 +03:30 [INF] Executed endpoint 'Api.Controllers.TestController.SeedSell (Api)'
2025-08-29 15:42:15.559 +03:30 [INF] HTTP POST /api/test/seed/sell responded 200 in 24.6 ms
2025-08-29 15:42:15.561 +03:30 [INF] Request finished HTTP/1.1 POST http://localhost:5005/api/test/seed/sell - 200 null application/json; charset=utf-8 29.2671ms
2025-08-29 15:42:15.703 +03:30 [INF] Request starting HTTP/1.1 POST http://localhost:5005/api/test/seed/sell - application/json 82
2025-08-29 15:42:15.760 +03:30 [INF] Executing endpoint 'Api.Controllers.TestController.SeedSell (Api)'
2025-08-29 15:42:15.761 +03:30 [INF] Route matched with {action = "SeedSell", controller = "Test"}. Executing controller action with signature Microsoft.AspNetCore.Mvc.IActionResult SeedSell(SeedReq) on controller Api.Controllers.TestController (Api).
2025-08-29 15:42:15.764 +03:30 [INF] Executing action method Api.Controllers.TestController.SeedSell (Api) - Validation state: "Valid"
2025-08-29 15:42:15.766 +03:30 [INF] Executed action method Api.Controllers.TestController.SeedSell (Api), returned result Microsoft.AspNetCore.Mvc.OkObjectResult in 0.0312ms.
2025-08-29 15:42:15.768 +03:30 [INF] Executing OkObjectResult, writing value of type '<>f__AnonymousType2`4[[System.String, System.Private.CoreLib, Version=9.0.0.0, Culture=neutral, PublicKeyToken=7cec85d7bea7798e],[System.String, System.Private.CoreLib, Version=9.0.0.0, Culture=neutral, PublicKeyToken=7cec85d7bea7798e],[System.String, System.Private.CoreLib, Version=9.0.0.0, Culture=neutral, PublicKeyToken=7cec85d7bea7798e],[System.Int32, System.Private.CoreLib, Version=9.0.0.0, Culture=neutral, PublicKeyToken=7cec85d7bea7798e]]'.
2025-08-29 15:42:15.770 +03:30 [INF] Executed action Api.Controllers.TestController.SeedSell (Api) in 5.4829ms
2025-08-29 15:42:15.772 +03:30 [INF] Executed endpoint 'Api.Controllers.TestController.SeedSell (Api)'
2025-08-29 15:42:15.777 +03:30 [INF] HTTP POST /api/test/seed/sell responded 200 in 17.3 ms
2025-08-29 15:42:15.779 +03:30 [INF] Request finished HTTP/1.1 POST http://localhost:5005/api/test/seed/sell - 200 null application/json; charset=utf-8 75.3074ms
2025-08-29 15:42:15.870 +03:30 [INF] Request starting HTTP/1.1 POST http://localhost:5005/api/test/seed/sell - application/json 82
2025-08-29 15:42:15.932 +03:30 [INF] Executing endpoint 'Api.Controllers.TestController.SeedSell (Api)'
2025-08-29 15:42:15.988 +03:30 [INF] Route matched with {action = "SeedSell", controller = "Test"}. Executing controller action with signature Microsoft.AspNetCore.Mvc.IActionResult SeedSell(SeedReq) on controller Api.Controllers.TestController (Api).
2025-08-29 15:42:15.998 +03:30 [INF] Executing action method Api.Controllers.TestController.SeedSell (Api) - Validation state: "Valid"
2025-08-29 15:42:16.002 +03:30 [INF] Executed action method Api.Controllers.TestController.SeedSell (Api), returned result Microsoft.AspNetCore.Mvc.OkObjectResult in 0.0297ms.
2025-08-29 15:42:16.004 +03:30 [INF] Executing OkObjectResult, writing value of type '<>f__AnonymousType2`4[[System.String, System.Private.CoreLib, Version=9.0.0.0, Culture=neutral, PublicKeyToken=7cec85d7bea7798e],[System.String, System.Private.CoreLib, Version=9.0.0.0, Culture=neutral, PublicKeyToken=7cec85d7bea7798e],[System.String, System.Private.CoreLib, Version=9.0.0.0, Culture=neutral, PublicKeyToken=7cec85d7bea7798e],[System.Int32, System.Private.CoreLib, Version=9.0.0.0, Culture=neutral, PublicKeyToken=7cec85d7bea7798e]]'.
2025-08-29 15:42:16.013 +03:30 [INF] Executed action Api.Controllers.TestController.SeedSell (Api) in 14.5684ms
2025-08-29 15:42:16.018 +03:30 [INF] Executed endpoint 'Api.Controllers.TestController.SeedSell (Api)'
2025-08-29 15:42:16.019 +03:30 [INF] HTTP POST /api/test/seed/sell responded 200 in 87.1 ms
2025-08-29 15:42:16.021 +03:30 [INF] Request finished HTTP/1.1 POST http://localhost:5005/api/test/seed/sell - 200 null application/json; charset=utf-8 151.3143ms
2025-08-29 15:42:16.154 +03:30 [INF] Request starting HTTP/1.1 POST http://localhost:5005/api/test/seed/sell - application/json 82
2025-08-29 15:42:16.197 +03:30 [INF] Executing endpoint 'Api.Controllers.TestController.SeedSell (Api)'
2025-08-29 15:42:16.198 +03:30 [INF] Route matched with {action = "SeedSell", controller = "Test"}. Executing controller action with signature Microsoft.AspNetCore.Mvc.IActionResult SeedSell(SeedReq) on controller Api.Controllers.TestController (Api).
2025-08-29 15:42:16.201 +03:30 [INF] Executing action method Api.Controllers.TestController.SeedSell (Api) - Validation state: "Valid"
2025-08-29 15:42:16.202 +03:30 [INF] Executed action method Api.Controllers.TestController.SeedSell (Api), returned result Microsoft.AspNetCore.Mvc.OkObjectResult in 0.0261ms.
2025-08-29 15:42:16.205 +03:30 [INF] Executing OkObjectResult, writing value of type '<>f__AnonymousType2`4[[System.String, System.Private.CoreLib, Version=9.0.0.0, Culture=neutral, PublicKeyToken=7cec85d7bea7798e],[System.String, System.Private.CoreLib, Version=9.0.0.0, Culture=neutral, PublicKeyToken=7cec85d7bea7798e],[System.String, System.Private.CoreLib, Version=9.0.0.0, Culture=neutral, PublicKeyToken=7cec85d7bea7798e],[System.Int32, System.Private.CoreLib, Version=9.0.0.0, Culture=neutral, PublicKeyToken=7cec85d7bea7798e]]'.
2025-08-29 15:42:16.212 +03:30 [INF] Executed action Api.Controllers.TestController.SeedSell (Api) in 11.7506ms
2025-08-29 15:42:16.219 +03:30 [INF] Executed endpoint 'Api.Controllers.TestController.SeedSell (Api)'
2025-08-29 15:42:16.253 +03:30 [INF] HTTP POST /api/test/seed/sell responded 200 in 55.3 ms
2025-08-29 15:42:16.279 +03:30 [INF] Request finished HTTP/1.1 POST http://localhost:5005/api/test/seed/sell - 200 null application/json; charset=utf-8 125.1217ms
2025-08-29 15:42:16.356 +03:30 [INF] Request starting HTTP/1.1 POST http://localhost:5005/api/test/seed/sell - application/json 82
2025-08-29 15:42:16.359 +03:30 [INF] Executing endpoint 'Api.Controllers.TestController.SeedSell (Api)'
2025-08-29 15:42:16.360 +03:30 [INF] Route matched with {action = "SeedSell", controller = "Test"}. Executing controller action with signature Microsoft.AspNetCore.Mvc.IActionResult SeedSell(SeedReq) on controller Api.Controllers.TestController (Api).
2025-08-29 15:42:16.378 +03:30 [INF] Executing action method Api.Controllers.TestController.SeedSell (Api) - Validation state: "Valid"
2025-08-29 15:42:16.405 +03:30 [INF] Executed action method Api.Controllers.TestController.SeedSell (Api), returned result Microsoft.AspNetCore.Mvc.OkObjectResult in 0.0465ms.
2025-08-29 15:42:16.420 +03:30 [INF] Executing OkObjectResult, writing value of type '<>f__AnonymousType2`4[[System.String, System.Private.CoreLib, Version=9.0.0.0, Culture=neutral, PublicKeyToken=7cec85d7bea7798e],[System.String, System.Private.CoreLib, Version=9.0.0.0, Culture=neutral, PublicKeyToken=7cec85d7bea7798e],[System.String, System.Private.CoreLib, Version=9.0.0.0, Culture=neutral, PublicKeyToken=7cec85d7bea7798e],[System.Int32, System.Private.CoreLib, Version=9.0.0.0, Culture=neutral, PublicKeyToken=7cec85d7bea7798e]]'.
2025-08-29 15:42:16.431 +03:30 [INF] Executed action Api.Controllers.TestController.SeedSell (Api) in 53.2191ms
2025-08-29 15:42:16.437 +03:30 [INF] Executed endpoint 'Api.Controllers.TestController.SeedSell (Api)'
2025-08-29 15:42:16.438 +03:30 [INF] HTTP POST /api/test/seed/sell responded 200 in 79.5 ms
2025-08-29 15:42:16.452 +03:30 [INF] Request finished HTTP/1.1 POST http://localhost:5005/api/test/seed/sell - 200 null application/json; charset=utf-8 95.476ms
2025-08-29 15:42:16.482 +03:30 [INF] Request starting HTTP/1.1 POST http://localhost:5005/api/test/seed/sell - application/json 82
2025-08-29 15:42:16.485 +03:30 [INF] Executing endpoint 'Api.Controllers.TestController.SeedSell (Api)'
2025-08-29 15:42:16.498 +03:30 [INF] Route matched with {action = "SeedSell", controller = "Test"}. Executing controller action with signature Microsoft.AspNetCore.Mvc.IActionResult SeedSell(SeedReq) on controller Api.Controllers.TestController (Api).
2025-08-29 15:42:16.505 +03:30 [INF] Executing action method Api.Controllers.TestController.SeedSell (Api) - Validation state: "Valid"
2025-08-29 15:42:16.508 +03:30 [INF] Executed action method Api.Controllers.TestController.SeedSell (Api), returned result Microsoft.AspNetCore.Mvc.OkObjectResult in 0.0264ms.
2025-08-29 15:42:16.510 +03:30 [INF] Executing OkObjectResult, writing value of type '<>f__AnonymousType2`4[[System.String, System.Private.CoreLib, Version=9.0.0.0, Culture=neutral, PublicKeyToken=7cec85d7bea7798e],[System.String, System.Private.CoreLib, Version=9.0.0.0, Culture=neutral, PublicKeyToken=7cec85d7bea7798e],[System.String, System.Private.CoreLib, Version=9.0.0.0, Culture=neutral, PublicKeyToken=7cec85d7bea7798e],[System.Int32, System.Private.CoreLib, Version=9.0.0.0, Culture=neutral, PublicKeyToken=7cec85d7bea7798e]]'.
2025-08-29 15:42:16.512 +03:30 [INF] Executed action Api.Controllers.TestController.SeedSell (Api) in 7.6212ms
2025-08-29 15:42:16.521 +03:30 [INF] Executed endpoint 'Api.Controllers.TestController.SeedSell (Api)'
2025-08-29 15:42:16.529 +03:30 [INF] HTTP POST /api/test/seed/sell responded 200 in 44.1 ms
2025-08-29 15:42:16.531 +03:30 [INF] Request finished HTTP/1.1 POST http://localhost:5005/api/test/seed/sell - 200 null application/json; charset=utf-8 48.7763ms
2025-08-29 15:42:16.661 +03:30 [INF] Request starting HTTP/1.1 POST http://localhost:5005/api/test/seed/sell - application/json 82
2025-08-29 15:42:16.670 +03:30 [INF] Executing endpoint 'Api.Controllers.TestController.SeedSell (Api)'
2025-08-29 15:42:16.672 +03:30 [INF] Route matched with {action = "SeedSell", controller = "Test"}. Executing controller action with signature Microsoft.AspNetCore.Mvc.IActionResult SeedSell(SeedReq) on controller Api.Controllers.TestController (Api).
2025-08-29 15:42:16.675 +03:30 [INF] Executing action method Api.Controllers.TestController.SeedSell (Api) - Validation state: "Valid"
2025-08-29 15:42:16.681 +03:30 [INF] Executed action method Api.Controllers.TestController.SeedSell (Api), returned result Microsoft.AspNetCore.Mvc.OkObjectResult in 0.0437ms.
2025-08-29 15:42:16.699 +03:30 [INF] Executing OkObjectResult, writing value of type '<>f__AnonymousType2`4[[System.String, System.Private.CoreLib, Version=9.0.0.0, Culture=neutral, PublicKeyToken=7cec85d7bea7798e],[System.String, System.Private.CoreLib, Version=9.0.0.0, Culture=neutral, PublicKeyToken=7cec85d7bea7798e],[System.String, System.Private.CoreLib, Version=9.0.0.0, Culture=neutral, PublicKeyToken=7cec85d7bea7798e],[System.Int32, System.Private.CoreLib, Version=9.0.0.0, Culture=neutral, PublicKeyToken=7cec85d7bea7798e]]'.
2025-08-29 15:42:16.715 +03:30 [INF] Executed action Api.Controllers.TestController.SeedSell (Api) in 40.1235ms
2025-08-29 15:42:16.732 +03:30 [INF] Executed endpoint 'Api.Controllers.TestController.SeedSell (Api)'
2025-08-29 15:42:16.736 +03:30 [INF] HTTP POST /api/test/seed/sell responded 200 in 66.6 ms
2025-08-29 15:42:16.739 +03:30 [INF] Request finished HTTP/1.1 POST http://localhost:5005/api/test/seed/sell - 200 null application/json; charset=utf-8 77.939ms
2025-08-29 15:42:16.825 +03:30 [INF] Request starting HTTP/1.1 POST http://localhost:5005/api/test/seed/sell - application/json 82
2025-08-29 15:42:16.830 +03:30 [INF] Executing endpoint 'Api.Controllers.TestController.SeedSell (Api)'
2025-08-29 15:42:16.834 +03:30 [INF] Route matched with {action = "SeedSell", controller = "Test"}. Executing controller action with signature Microsoft.AspNetCore.Mvc.IActionResult SeedSell(SeedReq) on controller Api.Controllers.TestController (Api).
2025-08-29 15:42:16.840 +03:30 [INF] Executing action method Api.Controllers.TestController.SeedSell (Api) - Validation state: "Valid"
2025-08-29 15:42:16.843 +03:30 [INF] Executed action method Api.Controllers.TestController.SeedSell (Api), returned result Microsoft.AspNetCore.Mvc.OkObjectResult in 0.0342ms.
2025-08-29 15:42:16.848 +03:30 [INF] Executing OkObjectResult, writing value of type '<>f__AnonymousType2`4[[System.String, System.Private.CoreLib, Version=9.0.0.0, Culture=neutral, PublicKeyToken=7cec85d7bea7798e],[System.String, System.Private.CoreLib, Version=9.0.0.0, Culture=neutral, PublicKeyToken=7cec85d7bea7798e],[System.String, System.Private.CoreLib, Version=9.0.0.0, Culture=neutral, PublicKeyToken=7cec85d7bea7798e],[System.Int32, System.Private.CoreLib, Version=9.0.0.0, Culture=neutral, PublicKeyToken=7cec85d7bea7798e]]'.
2025-08-29 15:42:16.850 +03:30 [INF] Executed action Api.Controllers.TestController.SeedSell (Api) in 10.0067ms
2025-08-29 15:42:16.852 +03:30 [INF] Executed endpoint 'Api.Controllers.TestController.SeedSell (Api)'
2025-08-29 15:42:16.855 +03:30 [INF] HTTP POST /api/test/seed/sell responded 200 in 25.3 ms
2025-08-29 15:42:16.857 +03:30 [INF] Request finished HTTP/1.1 POST http://localhost:5005/api/test/seed/sell - 200 null application/json; charset=utf-8 32.0089ms
2025-08-29 15:42:16.980 +03:30 [INF] Request starting HTTP/1.1 POST http://localhost:5005/api/test/seed/sell - application/json 82
2025-08-29 15:42:16.988 +03:30 [INF] Executing endpoint 'Api.Controllers.TestController.SeedSell (Api)'
2025-08-29 15:42:16.995 +03:30 [INF] Route matched with {action = "SeedSell", controller = "Test"}. Executing controller action with signature Microsoft.AspNetCore.Mvc.IActionResult SeedSell(SeedReq) on controller Api.Controllers.TestController (Api).
2025-08-29 15:42:17.003 +03:30 [INF] Executing action method Api.Controllers.TestController.SeedSell (Api) - Validation state: "Valid"
2025-08-29 15:42:17.031 +03:30 [INF] Executed action method Api.Controllers.TestController.SeedSell (Api), returned result Microsoft.AspNetCore.Mvc.OkObjectResult in 0.027ms.
2025-08-29 15:42:17.033 +03:30 [INF] Executing OkObjectResult, writing value of type '<>f__AnonymousType2`4[[System.String, System.Private.CoreLib, Version=9.0.0.0, Culture=neutral, PublicKeyToken=7cec85d7bea7798e],[System.String, System.Private.CoreLib, Version=9.0.0.0, Culture=neutral, PublicKeyToken=7cec85d7bea7798e],[System.String, System.Private.CoreLib, Version=9.0.0.0, Culture=neutral, PublicKeyToken=7cec85d7bea7798e],[System.Int32, System.Private.CoreLib, Version=9.0.0.0, Culture=neutral, PublicKeyToken=7cec85d7bea7798e]]'.
2025-08-29 15:42:17.043 +03:30 [INF] Executed action Api.Controllers.TestController.SeedSell (Api) in 40.3993ms
2025-08-29 15:42:17.053 +03:30 [INF] Executed endpoint 'Api.Controllers.TestController.SeedSell (Api)'
2025-08-29 15:42:17.054 +03:30 [INF] HTTP POST /api/test/seed/sell responded 200 in 65.6 ms
2025-08-29 15:42:17.058 +03:30 [INF] Request finished HTTP/1.1 POST http://localhost:5005/api/test/seed/sell - 200 null application/json; charset=utf-8 78.0213ms
2025-08-29 15:42:17.134 +03:30 [INF] Request starting HTTP/1.1 POST http://localhost:5005/api/test/seed/sell - application/json 82
2025-08-29 15:42:17.138 +03:30 [INF] Executing endpoint 'Api.Controllers.TestController.SeedSell (Api)'
2025-08-29 15:42:17.144 +03:30 [INF] Route matched with {action = "SeedSell", controller = "Test"}. Executing controller action with signature Microsoft.AspNetCore.Mvc.IActionResult SeedSell(SeedReq) on controller Api.Controllers.TestController (Api).
2025-08-29 15:42:17.146 +03:30 [INF] Executing action method Api.Controllers.TestController.SeedSell (Api) - Validation state: "Valid"
2025-08-29 15:42:17.149 +03:30 [INF] Executed action method Api.Controllers.TestController.SeedSell (Api), returned result Microsoft.AspNetCore.Mvc.OkObjectResult in 0.029ms.
2025-08-29 15:42:17.151 +03:30 [INF] Executing OkObjectResult, writing value of type '<>f__AnonymousType2`4[[System.String, System.Private.CoreLib, Version=9.0.0.0, Culture=neutral, PublicKeyToken=7cec85d7bea7798e],[System.String, System.Private.CoreLib, Version=9.0.0.0, Culture=neutral, PublicKeyToken=7cec85d7bea7798e],[System.String, System.Private.CoreLib, Version=9.0.0.0, Culture=neutral, PublicKeyToken=7cec85d7bea7798e],[System.Int32, System.Private.CoreLib, Version=9.0.0.0, Culture=neutral, PublicKeyToken=7cec85d7bea7798e]]'.
2025-08-29 15:42:17.153 +03:30 [INF] Executed action Api.Controllers.TestController.SeedSell (Api) in 7.8593ms
2025-08-29 15:42:17.174 +03:30 [INF] Executed endpoint 'Api.Controllers.TestController.SeedSell (Api)'
2025-08-29 15:42:17.180 +03:30 [INF] HTTP POST /api/test/seed/sell responded 200 in 42.4 ms
2025-08-29 15:42:17.182 +03:30 [INF] Request finished HTTP/1.1 POST http://localhost:5005/api/test/seed/sell - 200 null application/json; charset=utf-8 48.3016ms
2025-08-29 15:42:17.308 +03:30 [INF] Request starting HTTP/1.1 POST http://localhost:5005/api/test/seed/sell - application/json 82
2025-08-29 15:42:17.321 +03:30 [INF] Executing endpoint 'Api.Controllers.TestController.SeedSell (Api)'
2025-08-29 15:42:17.348 +03:30 [INF] Route matched with {action = "SeedSell", controller = "Test"}. Executing controller action with signature Microsoft.AspNetCore.Mvc.IActionResult SeedSell(SeedReq) on controller Api.Controllers.TestController (Api).
2025-08-29 15:42:17.359 +03:30 [INF] Executing action method Api.Controllers.TestController.SeedSell (Api) - Validation state: "Valid"
2025-08-29 15:42:17.362 +03:30 [INF] Executed action method Api.Controllers.TestController.SeedSell (Api), returned result Microsoft.AspNetCore.Mvc.OkObjectResult in 0.0399ms.
2025-08-29 15:42:17.364 +03:30 [INF] Executing OkObjectResult, writing value of type '<>f__AnonymousType2`4[[System.String, System.Private.CoreLib, Version=9.0.0.0, Culture=neutral, PublicKeyToken=7cec85d7bea7798e],[System.String, System.Private.CoreLib, Version=9.0.0.0, Culture=neutral, PublicKeyToken=7cec85d7bea7798e],[System.String, System.Private.CoreLib, Version=9.0.0.0, Culture=neutral, PublicKeyToken=7cec85d7bea7798e],[System.Int32, System.Private.CoreLib, Version=9.0.0.0, Culture=neutral, PublicKeyToken=7cec85d7bea7798e]]'.
2025-08-29 15:42:17.365 +03:30 [INF] Executed action Api.Controllers.TestController.SeedSell (Api) in 6.0543ms
2025-08-29 15:42:17.387 +03:30 [INF] Executed endpoint 'Api.Controllers.TestController.SeedSell (Api)'
2025-08-29 15:42:17.401 +03:30 [INF] HTTP POST /api/test/seed/sell responded 200 in 80.1 ms
2025-08-29 15:42:17.403 +03:30 [INF] Request finished HTTP/1.1 POST http://localhost:5005/api/test/seed/sell - 200 null application/json; charset=utf-8 95.1982ms
2025-08-29 15:42:17.482 +03:30 [INF] Request starting HTTP/1.1 POST http://localhost:5005/api/test/seed/sell - application/json 82
2025-08-29 15:42:17.582 +03:30 [INF] Executing endpoint 'Api.Controllers.TestController.SeedSell (Api)'
2025-08-29 15:42:17.585 +03:30 [INF] Route matched with {action = "SeedSell", controller = "Test"}. Executing controller action with signature Microsoft.AspNetCore.Mvc.IActionResult SeedSell(SeedReq) on controller Api.Controllers.TestController (Api).
2025-08-29 15:42:17.588 +03:30 [INF] Executing action method Api.Controllers.TestController.SeedSell (Api) - Validation state: "Valid"
2025-08-29 15:42:17.594 +03:30 [INF] Executed action method Api.Controllers.TestController.SeedSell (Api), returned result Microsoft.AspNetCore.Mvc.OkObjectResult in 0.0336ms.
2025-08-29 15:42:17.596 +03:30 [INF] Executing OkObjectResult, writing value of type '<>f__AnonymousType2`4[[System.String, System.Private.CoreLib, Version=9.0.0.0, Culture=neutral, PublicKeyToken=7cec85d7bea7798e],[System.String, System.Private.CoreLib, Version=9.0.0.0, Culture=neutral, PublicKeyToken=7cec85d7bea7798e],[System.String, System.Private.CoreLib, Version=9.0.0.0, Culture=neutral, PublicKeyToken=7cec85d7bea7798e],[System.Int32, System.Private.CoreLib, Version=9.0.0.0, Culture=neutral, PublicKeyToken=7cec85d7bea7798e]]'.
2025-08-29 15:42:17.608 +03:30 [INF] Executed action Api.Controllers.TestController.SeedSell (Api) in 20.3327ms
2025-08-29 15:42:17.610 +03:30 [INF] Executed endpoint 'Api.Controllers.TestController.SeedSell (Api)'
2025-08-29 15:42:17.612 +03:30 [INF] HTTP POST /api/test/seed/sell responded 200 in 29.7 ms
2025-08-29 15:42:17.614 +03:30 [INF] Request finished HTTP/1.1 POST http://localhost:5005/api/test/seed/sell - 200 null application/json; charset=utf-8 132.0068ms
2025-08-29 15:42:17.755 +03:30 [INF] Request starting HTTP/1.1 POST http://localhost:5005/api/test/seed/sell - application/json 82
2025-08-29 15:42:17.765 +03:30 [INF] Executing endpoint 'Api.Controllers.TestController.SeedSell (Api)'
2025-08-29 15:42:17.766 +03:30 [INF] Route matched with {action = "SeedSell", controller = "Test"}. Executing controller action with signature Microsoft.AspNetCore.Mvc.IActionResult SeedSell(SeedReq) on controller Api.Controllers.TestController (Api).
2025-08-29 15:42:17.770 +03:30 [INF] Executing action method Api.Controllers.TestController.SeedSell (Api) - Validation state: "Valid"
2025-08-29 15:42:17.771 +03:30 [INF] Executed action method Api.Controllers.TestController.SeedSell (Api), returned result Microsoft.AspNetCore.Mvc.OkObjectResult in 0.0258ms.
2025-08-29 15:42:17.778 +03:30 [INF] Executing OkObjectResult, writing value of type '<>f__AnonymousType2`4[[System.String, System.Private.CoreLib, Version=9.0.0.0, Culture=neutral, PublicKeyToken=7cec85d7bea7798e],[System.String, System.Private.CoreLib, Version=9.0.0.0, Culture=neutral, PublicKeyToken=7cec85d7bea7798e],[System.String, System.Private.CoreLib, Version=9.0.0.0, Culture=neutral, PublicKeyToken=7cec85d7bea7798e],[System.Int32, System.Private.CoreLib, Version=9.0.0.0, Culture=neutral, PublicKeyToken=7cec85d7bea7798e]]'.
2025-08-29 15:42:17.781 +03:30 [INF] Executed action Api.Controllers.TestController.SeedSell (Api) in 11.1887ms
2025-08-29 15:42:17.787 +03:30 [INF] Executed endpoint 'Api.Controllers.TestController.SeedSell (Api)'
2025-08-29 15:42:17.789 +03:30 [INF] HTTP POST /api/test/seed/sell responded 200 in 23.6 ms
2025-08-29 15:42:17.797 +03:30 [INF] Request finished HTTP/1.1 POST http://localhost:5005/api/test/seed/sell - 200 null application/json; charset=utf-8 42.7746ms
2025-08-29 15:42:18.048 +03:30 [INF] Request starting HTTP/1.1 POST http://localhost:5005/api/test/seed/sell - application/json 82
2025-08-29 15:42:18.163 +03:30 [INF] Executing endpoint 'Api.Controllers.TestController.SeedSell (Api)'
2025-08-29 15:42:18.183 +03:30 [INF] Route matched with {action = "SeedSell", controller = "Test"}. Executing controller action with signature Microsoft.AspNetCore.Mvc.IActionResult SeedSell(SeedReq) on controller Api.Controllers.TestController (Api).
2025-08-29 15:42:18.185 +03:30 [INF] Executing action method Api.Controllers.TestController.SeedSell (Api) - Validation state: "Valid"
2025-08-29 15:42:18.186 +03:30 [INF] Executed action method Api.Controllers.TestController.SeedSell (Api), returned result Microsoft.AspNetCore.Mvc.OkObjectResult in 0.026ms.
2025-08-29 15:42:18.188 +03:30 [INF] Executing OkObjectResult, writing value of type '<>f__AnonymousType2`4[[System.String, System.Private.CoreLib, Version=9.0.0.0, Culture=neutral, PublicKeyToken=7cec85d7bea7798e],[System.String, System.Private.CoreLib, Version=9.0.0.0, Culture=neutral, PublicKeyToken=7cec85d7bea7798e],[System.String, System.Private.CoreLib, Version=9.0.0.0, Culture=neutral, PublicKeyToken=7cec85d7bea7798e],[System.Int32, System.Private.CoreLib, Version=9.0.0.0, Culture=neutral, PublicKeyToken=7cec85d7bea7798e]]'.
2025-08-29 15:42:18.284 +03:30 [INF] Executed action Api.Controllers.TestController.SeedSell (Api) in 99.5758ms
2025-08-29 15:42:18.303 +03:30 [INF] Executed endpoint 'Api.Controllers.TestController.SeedSell (Api)'
2025-08-29 15:42:18.304 +03:30 [INF] HTTP POST /api/test/seed/sell responded 200 in 141.2 ms
2025-08-29 15:42:18.317 +03:30 [INF] Request finished HTTP/1.1 POST http://localhost:5005/api/test/seed/sell - 200 null application/json; charset=utf-8 269.5982ms
2025-08-29 15:42:18.432 +03:30 [INF] Request starting HTTP/1.1 POST http://localhost:5005/api/test/seed/sell - application/json 82
2025-08-29 15:42:18.466 +03:30 [INF] Executing endpoint 'Api.Controllers.TestController.SeedSell (Api)'
2025-08-29 15:42:18.468 +03:30 [INF] Route matched with {action = "SeedSell", controller = "Test"}. Executing controller action with signature Microsoft.AspNetCore.Mvc.IActionResult SeedSell(SeedReq) on controller Api.Controllers.TestController (Api).
2025-08-29 15:42:18.471 +03:30 [INF] Executing action method Api.Controllers.TestController.SeedSell (Api) - Validation state: "Valid"
2025-08-29 15:42:18.476 +03:30 [INF] Executed action method Api.Controllers.TestController.SeedSell (Api), returned result Microsoft.AspNetCore.Mvc.OkObjectResult in 0.0379ms.
2025-08-29 15:42:18.478 +03:30 [INF] Executing OkObjectResult, writing value of type '<>f__AnonymousType2`4[[System.String, System.Private.CoreLib, Version=9.0.0.0, Culture=neutral, PublicKeyToken=7cec85d7bea7798e],[System.String, System.Private.CoreLib, Version=9.0.0.0, Culture=neutral, PublicKeyToken=7cec85d7bea7798e],[System.String, System.Private.CoreLib, Version=9.0.0.0, Culture=neutral, PublicKeyToken=7cec85d7bea7798e],[System.Int32, System.Private.CoreLib, Version=9.0.0.0, Culture=neutral, PublicKeyToken=7cec85d7bea7798e]]'.
2025-08-29 15:42:18.479 +03:30 [INF] Executed action Api.Controllers.TestController.SeedSell (Api) in 8.839ms
2025-08-29 15:42:18.583 +03:30 [INF] Request starting HTTP/1.1 POST http://localhost:5005/api/test/seed/sell - application/json 82
2025-08-29 15:42:18.599 +03:30 [INF] Executed endpoint 'Api.Controllers.TestController.SeedSell (Api)'
2025-08-29 15:42:18.602 +03:30 [INF] Executing endpoint 'Api.Controllers.TestController.SeedSell (Api)'
2025-08-29 15:42:18.604 +03:30 [INF] HTTP POST /api/test/seed/sell responded 200 in 137.5 ms
2025-08-29 15:42:18.605 +03:30 [INF] Route matched with {action = "SeedSell", controller = "Test"}. Executing controller action with signature Microsoft.AspNetCore.Mvc.IActionResult SeedSell(SeedReq) on controller Api.Controllers.TestController (Api).
2025-08-29 15:42:18.616 +03:30 [INF] Request finished HTTP/1.1 POST http://localhost:5005/api/test/seed/sell - 200 null application/json; charset=utf-8 184.3502ms
2025-08-29 15:42:18.631 +03:30 [INF] Executing action method Api.Controllers.TestController.SeedSell (Api) - Validation state: "Valid"
2025-08-29 15:42:18.645 +03:30 [INF] Executed action method Api.Controllers.TestController.SeedSell (Api), returned result Microsoft.AspNetCore.Mvc.OkObjectResult in 0.0303ms.
2025-08-29 15:42:18.647 +03:30 [INF] Executing OkObjectResult, writing value of type '<>f__AnonymousType2`4[[System.String, System.Private.CoreLib, Version=9.0.0.0, Culture=neutral, PublicKeyToken=7cec85d7bea7798e],[System.String, System.Private.CoreLib, Version=9.0.0.0, Culture=neutral, PublicKeyToken=7cec85d7bea7798e],[System.String, System.Private.CoreLib, Version=9.0.0.0, Culture=neutral, PublicKeyToken=7cec85d7bea7798e],[System.Int32, System.Private.CoreLib, Version=9.0.0.0, Culture=neutral, PublicKeyToken=7cec85d7bea7798e]]'.
2025-08-29 15:42:18.650 +03:30 [INF] Executed action Api.Controllers.TestController.SeedSell (Api) in 18.5275ms
2025-08-29 15:42:18.667 +03:30 [INF] Executed endpoint 'Api.Controllers.TestController.SeedSell (Api)'
2025-08-29 15:42:18.668 +03:30 [INF] HTTP POST /api/test/seed/sell responded 200 in 65.5 ms
2025-08-29 15:42:18.670 +03:30 [INF] Request finished HTTP/1.1 POST http://localhost:5005/api/test/seed/sell - 200 null application/json; charset=utf-8 87.3449ms
2025-08-29 15:42:18.882 +03:30 [INF] Request starting HTTP/1.1 POST http://localhost:5005/api/test/seed/sell - application/json 82
2025-08-29 15:42:18.933 +03:30 [INF] Executing endpoint 'Api.Controllers.TestController.SeedSell (Api)'
2025-08-29 15:42:18.935 +03:30 [INF] Route matched with {action = "SeedSell", controller = "Test"}. Executing controller action with signature Microsoft.AspNetCore.Mvc.IActionResult SeedSell(SeedReq) on controller Api.Controllers.TestController (Api).
2025-08-29 15:42:18.938 +03:30 [INF] Executing action method Api.Controllers.TestController.SeedSell (Api) - Validation state: "Valid"
2025-08-29 15:42:18.943 +03:30 [INF] Executed action method Api.Controllers.TestController.SeedSell (Api), returned result Microsoft.AspNetCore.Mvc.OkObjectResult in 0.0263ms.
2025-08-29 15:42:18.945 +03:30 [INF] Executing OkObjectResult, writing value of type '<>f__AnonymousType2`4[[System.String, System.Private.CoreLib, Version=9.0.0.0, Culture=neutral, PublicKeyToken=7cec85d7bea7798e],[System.String, System.Private.CoreLib, Version=9.0.0.0, Culture=neutral, PublicKeyToken=7cec85d7bea7798e],[System.String, System.Private.CoreLib, Version=9.0.0.0, Culture=neutral, PublicKeyToken=7cec85d7bea7798e],[System.Int32, System.Private.CoreLib, Version=9.0.0.0, Culture=neutral, PublicKeyToken=7cec85d7bea7798e]]'.
2025-08-29 15:42:18.947 +03:30 [INF] Executed action Api.Controllers.TestController.SeedSell (Api) in 9.1809ms
2025-08-29 15:42:18.962 +03:30 [INF] Executed endpoint 'Api.Controllers.TestController.SeedSell (Api)'
2025-08-29 15:42:18.963 +03:30 [INF] HTTP POST /api/test/seed/sell responded 200 in 29.9 ms
2025-08-29 15:42:18.966 +03:30 [INF] Request finished HTTP/1.1 POST http://localhost:5005/api/test/seed/sell - 200 null application/json; charset=utf-8 84.0015ms
2025-08-29 15:42:19.055 +03:30 [INF] Request starting HTTP/1.1 POST http://localhost:5005/api/test/seed/sell - application/json 82
2025-08-29 15:42:19.066 +03:30 [INF] Executing endpoint 'Api.Controllers.TestController.SeedSell (Api)'
2025-08-29 15:42:19.068 +03:30 [INF] Route matched with {action = "SeedSell", controller = "Test"}. Executing controller action with signature Microsoft.AspNetCore.Mvc.IActionResult SeedSell(SeedReq) on controller Api.Controllers.TestController (Api).
2025-08-29 15:42:19.070 +03:30 [INF] Executing action method Api.Controllers.TestController.SeedSell (Api) - Validation state: "Valid"
2025-08-29 15:42:19.074 +03:30 [INF] Executed action method Api.Controllers.TestController.SeedSell (Api), returned result Microsoft.AspNetCore.Mvc.OkObjectResult in 0.0244ms.
2025-08-29 15:42:19.076 +03:30 [INF] Executing OkObjectResult, writing value of type '<>f__AnonymousType2`4[[System.String, System.Private.CoreLib, Version=9.0.0.0, Culture=neutral, PublicKeyToken=7cec85d7bea7798e],[System.String, System.Private.CoreLib, Version=9.0.0.0, Culture=neutral, PublicKeyToken=7cec85d7bea7798e],[System.String, System.Private.CoreLib, Version=9.0.0.0, Culture=neutral, PublicKeyToken=7cec85d7bea7798e],[System.Int32, System.Private.CoreLib, Version=9.0.0.0, Culture=neutral, PublicKeyToken=7cec85d7bea7798e]]'.
2025-08-29 15:42:19.077 +03:30 [INF] Executed action Api.Controllers.TestController.SeedSell (Api) in 7.633ms
2025-08-29 15:42:19.099 +03:30 [INF] Executed endpoint 'Api.Controllers.TestController.SeedSell (Api)'
2025-08-29 15:42:19.100 +03:30 [INF] HTTP POST /api/test/seed/sell responded 200 in 33.9 ms
2025-08-29 15:42:19.103 +03:30 [INF] Request finished HTTP/1.1 POST http://localhost:5005/api/test/seed/sell - 200 null application/json; charset=utf-8 48.3961ms
2025-08-29 15:42:19.213 +03:30 [INF] Request starting HTTP/1.1 POST http://localhost:5005/api/test/seed/sell - application/json 82
2025-08-29 15:42:19.234 +03:30 [INF] Executing endpoint 'Api.Controllers.TestController.SeedSell (Api)'
2025-08-29 15:42:19.236 +03:30 [INF] Route matched with {action = "SeedSell", controller = "Test"}. Executing controller action with signature Microsoft.AspNetCore.Mvc.IActionResult SeedSell(SeedReq) on controller Api.Controllers.TestController (Api).
2025-08-29 15:42:19.249 +03:30 [INF] Executing action method Api.Controllers.TestController.SeedSell (Api) - Validation state: "Valid"
2025-08-29 15:42:19.250 +03:30 [INF] Executed action method Api.Controllers.TestController.SeedSell (Api), returned result Microsoft.AspNetCore.Mvc.OkObjectResult in 0.0309ms.
2025-08-29 15:42:19.252 +03:30 [INF] Executing OkObjectResult, writing value of type '<>f__AnonymousType2`4[[System.String, System.Private.CoreLib, Version=9.0.0.0, Culture=neutral, PublicKeyToken=7cec85d7bea7798e],[System.String, System.Private.CoreLib, Version=9.0.0.0, Culture=neutral, PublicKeyToken=7cec85d7bea7798e],[System.String, System.Private.CoreLib, Version=9.0.0.0, Culture=neutral, PublicKeyToken=7cec85d7bea7798e],[System.Int32, System.Private.CoreLib, Version=9.0.0.0, Culture=neutral, PublicKeyToken=7cec85d7bea7798e]]'.
2025-08-29 15:42:19.254 +03:30 [INF] Executed action Api.Controllers.TestController.SeedSell (Api) in 6.1112ms
2025-08-29 15:42:19.263 +03:30 [INF] Executed endpoint 'Api.Controllers.TestController.SeedSell (Api)'
2025-08-29 15:42:19.264 +03:30 [INF] HTTP POST /api/test/seed/sell responded 200 in 29.9 ms
2025-08-29 15:42:19.266 +03:30 [INF] Request finished HTTP/1.1 POST http://localhost:5005/api/test/seed/sell - 200 null application/json; charset=utf-8 52.6301ms
2025-08-29 15:42:19.409 +03:30 [INF] Request starting HTTP/1.1 POST http://localhost:5005/api/test/seed/sell - application/json 82
2025-08-29 15:42:19.419 +03:30 [INF] Executing endpoint 'Api.Controllers.TestController.SeedSell (Api)'
2025-08-29 15:42:19.420 +03:30 [INF] Route matched with {action = "SeedSell", controller = "Test"}. Executing controller action with signature Microsoft.AspNetCore.Mvc.IActionResult SeedSell(SeedReq) on controller Api.Controllers.TestController (Api).
2025-08-29 15:42:19.429 +03:30 [INF] Executing action method Api.Controllers.TestController.SeedSell (Api) - Validation state: "Valid"
2025-08-29 15:42:19.431 +03:30 [INF] Executed action method Api.Controllers.TestController.SeedSell (Api), returned result Microsoft.AspNetCore.Mvc.OkObjectResult in 0.0221ms.
2025-08-29 15:42:19.433 +03:30 [INF] Executing OkObjectResult, writing value of type '<>f__AnonymousType2`4[[System.String, System.Private.CoreLib, Version=9.0.0.0, Culture=neutral, PublicKeyToken=7cec85d7bea7798e],[System.String, System.Private.CoreLib, Version=9.0.0.0, Culture=neutral, PublicKeyToken=7cec85d7bea7798e],[System.String, System.Private.CoreLib, Version=9.0.0.0, Culture=neutral, PublicKeyToken=7cec85d7bea7798e],[System.Int32, System.Private.CoreLib, Version=9.0.0.0, Culture=neutral, PublicKeyToken=7cec85d7bea7798e]]'.
2025-08-29 15:42:19.435 +03:30 [INF] Executed action Api.Controllers.TestController.SeedSell (Api) in 5.8269ms
2025-08-29 15:42:19.438 +03:30 [INF] Executed endpoint 'Api.Controllers.TestController.SeedSell (Api)'
2025-08-29 15:42:19.440 +03:30 [INF] HTTP POST /api/test/seed/sell responded 200 in 21.4 ms
2025-08-29 15:42:19.444 +03:30 [INF] Request finished HTTP/1.1 POST http://localhost:5005/api/test/seed/sell - 200 null application/json; charset=utf-8 34.5957ms
2025-08-29 15:42:19.581 +03:30 [INF] Request starting HTTP/1.1 POST http://localhost:5005/api/test/seed/sell - application/json 82
2025-08-29 15:42:19.621 +03:30 [INF] Executing endpoint 'Api.Controllers.TestController.SeedSell (Api)'
2025-08-29 15:42:19.631 +03:30 [INF] Route matched with {action = "SeedSell", controller = "Test"}. Executing controller action with signature Microsoft.AspNetCore.Mvc.IActionResult SeedSell(SeedReq) on controller Api.Controllers.TestController (Api).
2025-08-29 15:42:19.646 +03:30 [INF] Executing action method Api.Controllers.TestController.SeedSell (Api) - Validation state: "Valid"
2025-08-29 15:42:19.649 +03:30 [INF] Executed action method Api.Controllers.TestController.SeedSell (Api), returned result Microsoft.AspNetCore.Mvc.OkObjectResult in 0.0366ms.
2025-08-29 15:42:19.653 +03:30 [INF] Executing OkObjectResult, writing value of type '<>f__AnonymousType2`4[[System.String, System.Private.CoreLib, Version=9.0.0.0, Culture=neutral, PublicKeyToken=7cec85d7bea7798e],[System.String, System.Private.CoreLib, Version=9.0.0.0, Culture=neutral, PublicKeyToken=7cec85d7bea7798e],[System.String, System.Private.CoreLib, Version=9.0.0.0, Culture=neutral, PublicKeyToken=7cec85d7bea7798e],[System.Int32, System.Private.CoreLib, Version=9.0.0.0, Culture=neutral, PublicKeyToken=7cec85d7bea7798e]]'.
2025-08-29 15:42:19.656 +03:30 [INF] Executed action Api.Controllers.TestController.SeedSell (Api) in 10.7654ms
2025-08-29 15:42:19.663 +03:30 [INF] Executed endpoint 'Api.Controllers.TestController.SeedSell (Api)'
2025-08-29 15:42:19.665 +03:30 [INF] HTTP POST /api/test/seed/sell responded 200 in 43.5 ms
2025-08-29 15:42:19.668 +03:30 [INF] Request finished HTTP/1.1 POST http://localhost:5005/api/test/seed/sell - 200 null application/json; charset=utf-8 86.8988ms
2025-08-29 15:42:19.761 +03:30 [INF] Request starting HTTP/1.1 POST http://localhost:5005/api/test/seed/sell - application/json 82
2025-08-29 15:42:19.765 +03:30 [INF] Executing endpoint 'Api.Controllers.TestController.SeedSell (Api)'
2025-08-29 15:42:19.766 +03:30 [INF] Route matched with {action = "SeedSell", controller = "Test"}. Executing controller action with signature Microsoft.AspNetCore.Mvc.IActionResult SeedSell(SeedReq) on controller Api.Controllers.TestController (Api).
2025-08-29 15:42:19.769 +03:30 [INF] Executing action method Api.Controllers.TestController.SeedSell (Api) - Validation state: "Valid"
2025-08-29 15:42:19.771 +03:30 [INF] Executed action method Api.Controllers.TestController.SeedSell (Api), returned result Microsoft.AspNetCore.Mvc.OkObjectResult in 0.0328ms.
2025-08-29 15:42:19.782 +03:30 [INF] Executing OkObjectResult, writing value of type '<>f__AnonymousType2`4[[System.String, System.Private.CoreLib, Version=9.0.0.0, Culture=neutral, PublicKeyToken=7cec85d7bea7798e],[System.String, System.Private.CoreLib, Version=9.0.0.0, Culture=neutral, PublicKeyToken=7cec85d7bea7798e],[System.String, System.Private.CoreLib, Version=9.0.0.0, Culture=neutral, PublicKeyToken=7cec85d7bea7798e],[System.Int32, System.Private.CoreLib, Version=9.0.0.0, Culture=neutral, PublicKeyToken=7cec85d7bea7798e]]'.
2025-08-29 15:42:19.786 +03:30 [INF] Executed action Api.Controllers.TestController.SeedSell (Api) in 17.3992ms
2025-08-29 15:42:19.799 +03:30 [INF] Executed endpoint 'Api.Controllers.TestController.SeedSell (Api)'
2025-08-29 15:42:19.800 +03:30 [INF] HTTP POST /api/test/seed/sell responded 200 in 34.9 ms
2025-08-29 15:42:19.802 +03:30 [INF] Request finished HTTP/1.1 POST http://localhost:5005/api/test/seed/sell - 200 null application/json; charset=utf-8 41.6332ms
2025-08-29 15:42:19.933 +03:30 [INF] Request starting HTTP/1.1 POST http://localhost:5005/api/test/seed/sell - application/json 82
2025-08-29 15:42:19.962 +03:30 [INF] Executing endpoint 'Api.Controllers.TestController.SeedSell (Api)'
2025-08-29 15:42:19.964 +03:30 [INF] Route matched with {action = "SeedSell", controller = "Test"}. Executing controller action with signature Microsoft.AspNetCore.Mvc.IActionResult SeedSell(SeedReq) on controller Api.Controllers.TestController (Api).
2025-08-29 15:42:19.967 +03:30 [INF] Executing action method Api.Controllers.TestController.SeedSell (Api) - Validation state: "Valid"
2025-08-29 15:42:19.969 +03:30 [INF] Executed action method Api.Controllers.TestController.SeedSell (Api), returned result Microsoft.AspNetCore.Mvc.OkObjectResult in 0.0215ms.
2025-08-29 15:42:19.971 +03:30 [INF] Executing OkObjectResult, writing value of type '<>f__AnonymousType2`4[[System.String, System.Private.CoreLib, Version=9.0.0.0, Culture=neutral, PublicKeyToken=7cec85d7bea7798e],[System.String, System.Private.CoreLib, Version=9.0.0.0, Culture=neutral, PublicKeyToken=7cec85d7bea7798e],[System.String, System.Private.CoreLib, Version=9.0.0.0, Culture=neutral, PublicKeyToken=7cec85d7bea7798e],[System.Int32, System.Private.CoreLib, Version=9.0.0.0, Culture=neutral, PublicKeyToken=7cec85d7bea7798e]]'.
2025-08-29 15:42:19.977 +03:30 [INF] Executed action Api.Controllers.TestController.SeedSell (Api) in 10.1609ms
2025-08-29 15:42:19.995 +03:30 [INF] Executed endpoint 'Api.Controllers.TestController.SeedSell (Api)'
2025-08-29 15:42:19.996 +03:30 [INF] HTTP POST /api/test/seed/sell responded 200 in 34.0 ms
2025-08-29 15:42:19.999 +03:30 [INF] Request finished HTTP/1.1 POST http://localhost:5005/api/test/seed/sell - 200 null application/json; charset=utf-8 65.8819ms
2025-08-29 15:42:20.125 +03:30 [INF] Request starting HTTP/1.1 POST http://localhost:5005/api/test/seed/sell - application/json 82
2025-08-29 15:42:20.154 +03:30 [INF] Executing endpoint 'Api.Controllers.TestController.SeedSell (Api)'
2025-08-29 15:42:20.161 +03:30 [INF] Route matched with {action = "SeedSell", controller = "Test"}. Executing controller action with signature Microsoft.AspNetCore.Mvc.IActionResult SeedSell(SeedReq) on controller Api.Controllers.TestController (Api).
2025-08-29 15:42:20.163 +03:30 [INF] Executing action method Api.Controllers.TestController.SeedSell (Api) - Validation state: "Valid"
2025-08-29 15:42:20.165 +03:30 [INF] Executed action method Api.Controllers.TestController.SeedSell (Api), returned result Microsoft.AspNetCore.Mvc.OkObjectResult in 0.0254ms.
2025-08-29 15:42:20.168 +03:30 [INF] Executing OkObjectResult, writing value of type '<>f__AnonymousType2`4[[System.String, System.Private.CoreLib, Version=9.0.0.0, Culture=neutral, PublicKeyToken=7cec85d7bea7798e],[System.String, System.Private.CoreLib, Version=9.0.0.0, Culture=neutral, PublicKeyToken=7cec85d7bea7798e],[System.String, System.Private.CoreLib, Version=9.0.0.0, Culture=neutral, PublicKeyToken=7cec85d7bea7798e],[System.Int32, System.Private.CoreLib, Version=9.0.0.0, Culture=neutral, PublicKeyToken=7cec85d7bea7798e]]'.
2025-08-29 15:42:20.171 +03:30 [INF] Executed action Api.Controllers.TestController.SeedSell (Api) in 8.1551ms
2025-08-29 15:42:20.184 +03:30 [INF] Executed endpoint 'Api.Controllers.TestController.SeedSell (Api)'
2025-08-29 15:42:20.185 +03:30 [INF] HTTP POST /api/test/seed/sell responded 200 in 31.6 ms
2025-08-29 15:42:20.197 +03:30 [INF] Request finished HTTP/1.1 POST http://localhost:5005/api/test/seed/sell - 200 null application/json; charset=utf-8 72.5381ms
2025-08-29 15:42:20.300 +03:30 [INF] Request starting HTTP/1.1 POST http://localhost:5005/api/test/seed/sell - application/json 82
2025-08-29 15:42:20.309 +03:30 [INF] Executing endpoint 'Api.Controllers.TestController.SeedSell (Api)'
2025-08-29 15:42:20.312 +03:30 [INF] Route matched with {action = "SeedSell", controller = "Test"}. Executing controller action with signature Microsoft.AspNetCore.Mvc.IActionResult SeedSell(SeedReq) on controller Api.Controllers.TestController (Api).
2025-08-29 15:42:20.316 +03:30 [INF] Executing action method Api.Controllers.TestController.SeedSell (Api) - Validation state: "Valid"
2025-08-29 15:42:20.317 +03:30 [INF] Executed action method Api.Controllers.TestController.SeedSell (Api), returned result Microsoft.AspNetCore.Mvc.OkObjectResult in 0.0217ms.
2025-08-29 15:42:20.319 +03:30 [INF] Executing OkObjectResult, writing value of type '<>f__AnonymousType2`4[[System.String, System.Private.CoreLib, Version=9.0.0.0, Culture=neutral, PublicKeyToken=7cec85d7bea7798e],[System.String, System.Private.CoreLib, Version=9.0.0.0, Culture=neutral, PublicKeyToken=7cec85d7bea7798e],[System.String, System.Private.CoreLib, Version=9.0.0.0, Culture=neutral, PublicKeyToken=7cec85d7bea7798e],[System.Int32, System.Private.CoreLib, Version=9.0.0.0, Culture=neutral, PublicKeyToken=7cec85d7bea7798e]]'.
2025-08-29 15:42:20.321 +03:30 [INF] Executed action Api.Controllers.TestController.SeedSell (Api) in 5.6503ms
2025-08-29 15:42:20.333 +03:30 [INF] Executed endpoint 'Api.Controllers.TestController.SeedSell (Api)'
2025-08-29 15:42:20.334 +03:30 [INF] HTTP POST /api/test/seed/sell responded 200 in 24.3 ms
2025-08-29 15:42:20.337 +03:30 [INF] Request finished HTTP/1.1 POST http://localhost:5005/api/test/seed/sell - 200 null application/json; charset=utf-8 37.1123ms
2025-08-29 15:42:20.497 +03:30 [INF] Request starting HTTP/1.1 POST http://localhost:5005/api/test/seed/sell - application/json 82
2025-08-29 15:42:20.511 +03:30 [INF] Executing endpoint 'Api.Controllers.TestController.SeedSell (Api)'
2025-08-29 15:42:20.512 +03:30 [INF] Route matched with {action = "SeedSell", controller = "Test"}. Executing controller action with signature Microsoft.AspNetCore.Mvc.IActionResult SeedSell(SeedReq) on controller Api.Controllers.TestController (Api).
2025-08-29 15:42:20.520 +03:30 [INF] Executing action method Api.Controllers.TestController.SeedSell (Api) - Validation state: "Valid"
2025-08-29 15:42:20.521 +03:30 [INF] Executed action method Api.Controllers.TestController.SeedSell (Api), returned result Microsoft.AspNetCore.Mvc.OkObjectResult in 0.0212ms.
2025-08-29 15:42:20.528 +03:30 [INF] Executing OkObjectResult, writing value of type '<>f__AnonymousType2`4[[System.String, System.Private.CoreLib, Version=9.0.0.0, Culture=neutral, PublicKeyToken=7cec85d7bea7798e],[System.String, System.Private.CoreLib, Version=9.0.0.0, Culture=neutral, PublicKeyToken=7cec85d7bea7798e],[System.String, System.Private.CoreLib, Version=9.0.0.0, Culture=neutral, PublicKeyToken=7cec85d7bea7798e],[System.Int32, System.Private.CoreLib, Version=9.0.0.0, Culture=neutral, PublicKeyToken=7cec85d7bea7798e]]'.
2025-08-29 15:42:20.530 +03:30 [INF] Executed action Api.Controllers.TestController.SeedSell (Api) in 10.6289ms
2025-08-29 15:42:20.534 +03:30 [INF] Executed endpoint 'Api.Controllers.TestController.SeedSell (Api)'
2025-08-29 15:42:20.536 +03:30 [INF] HTTP POST /api/test/seed/sell responded 200 in 24.9 ms
2025-08-29 15:42:20.544 +03:30 [INF] Request finished HTTP/1.1 POST http://localhost:5005/api/test/seed/sell - 200 null application/json; charset=utf-8 46.7868ms
2025-08-29 15:42:20.680 +03:30 [INF] Request starting HTTP/1.1 POST http://localhost:5005/api/test/seed/sell - application/json 82
2025-08-29 15:42:20.687 +03:30 [INF] Executing endpoint 'Api.Controllers.TestController.SeedSell (Api)'
2025-08-29 15:42:20.688 +03:30 [INF] Route matched with {action = "SeedSell", controller = "Test"}. Executing controller action with signature Microsoft.AspNetCore.Mvc.IActionResult SeedSell(SeedReq) on controller Api.Controllers.TestController (Api).
2025-08-29 15:42:20.695 +03:30 [INF] Executing action method Api.Controllers.TestController.SeedSell (Api) - Validation state: "Valid"
2025-08-29 15:42:20.697 +03:30 [INF] Executed action method Api.Controllers.TestController.SeedSell (Api), returned result Microsoft.AspNetCore.Mvc.OkObjectResult in 0.0254ms.
2025-08-29 15:42:20.699 +03:30 [INF] Executing OkObjectResult, writing value of type '<>f__AnonymousType2`4[[System.String, System.Private.CoreLib, Version=9.0.0.0, Culture=neutral, PublicKeyToken=7cec85d7bea7798e],[System.String, System.Private.CoreLib, Version=9.0.0.0, Culture=neutral, PublicKeyToken=7cec85d7bea7798e],[System.String, System.Private.CoreLib, Version=9.0.0.0, Culture=neutral, PublicKeyToken=7cec85d7bea7798e],[System.Int32, System.Private.CoreLib, Version=9.0.0.0, Culture=neutral, PublicKeyToken=7cec85d7bea7798e]]'.
2025-08-29 15:42:20.701 +03:30 [INF] Executed action Api.Controllers.TestController.SeedSell (Api) in 6.5963ms
2025-08-29 15:42:20.719 +03:30 [INF] Executed endpoint 'Api.Controllers.TestController.SeedSell (Api)'
2025-08-29 15:42:20.720 +03:30 [INF] HTTP POST /api/test/seed/sell responded 200 in 33.3 ms
2025-08-29 15:42:20.727 +03:30 [INF] Request finished HTTP/1.1 POST http://localhost:5005/api/test/seed/sell - 200 null application/json; charset=utf-8 47.0296ms
2025-08-29 15:42:20.848 +03:30 [INF] Request starting HTTP/1.1 POST http://localhost:5005/api/test/seed/sell - application/json 82
2025-08-29 15:42:20.854 +03:30 [INF] Executing endpoint 'Api.Controllers.TestController.SeedSell (Api)'
2025-08-29 15:42:20.857 +03:30 [INF] Route matched with {action = "SeedSell", controller = "Test"}. Executing controller action with signature Microsoft.AspNetCore.Mvc.IActionResult SeedSell(SeedReq) on controller Api.Controllers.TestController (Api).
2025-08-29 15:42:20.864 +03:30 [INF] Executing action method Api.Controllers.TestController.SeedSell (Api) - Validation state: "Valid"
2025-08-29 15:42:20.868 +03:30 [INF] Executed action method Api.Controllers.TestController.SeedSell (Api), returned result Microsoft.AspNetCore.Mvc.OkObjectResult in 0.0292ms.
2025-08-29 15:42:20.871 +03:30 [INF] Executing OkObjectResult, writing value of type '<>f__AnonymousType2`4[[System.String, System.Private.CoreLib, Version=9.0.0.0, Culture=neutral, PublicKeyToken=7cec85d7bea7798e],[System.String, System.Private.CoreLib, Version=9.0.0.0, Culture=neutral, PublicKeyToken=7cec85d7bea7798e],[System.String, System.Private.CoreLib, Version=9.0.0.0, Culture=neutral, PublicKeyToken=7cec85d7bea7798e],[System.Int32, System.Private.CoreLib, Version=9.0.0.0, Culture=neutral, PublicKeyToken=7cec85d7bea7798e]]'.
2025-08-29 15:42:20.877 +03:30 [INF] Executed action Api.Controllers.TestController.SeedSell (Api) in 13.2971ms
2025-08-29 15:42:20.897 +03:30 [INF] Executed endpoint 'Api.Controllers.TestController.SeedSell (Api)'
2025-08-29 15:42:20.903 +03:30 [INF] HTTP POST /api/test/seed/sell responded 200 in 49.4 ms
2025-08-29 15:42:20.912 +03:30 [INF] Request finished HTTP/1.1 POST http://localhost:5005/api/test/seed/sell - 200 null application/json; charset=utf-8 63.3475ms
2025-08-29 15:42:21.032 +03:30 [INF] Request starting HTTP/1.1 POST http://localhost:5005/api/test/seed/sell - application/json 82
2025-08-29 15:42:21.036 +03:30 [INF] Executing endpoint 'Api.Controllers.TestController.SeedSell (Api)'
2025-08-29 15:42:21.037 +03:30 [INF] Route matched with {action = "SeedSell", controller = "Test"}. Executing controller action with signature Microsoft.AspNetCore.Mvc.IActionResult SeedSell(SeedReq) on controller Api.Controllers.TestController (Api).
2025-08-29 15:42:21.049 +03:30 [INF] Executing action method Api.Controllers.TestController.SeedSell (Api) - Validation state: "Valid"
2025-08-29 15:42:21.050 +03:30 [INF] Executed action method Api.Controllers.TestController.SeedSell (Api), returned result Microsoft.AspNetCore.Mvc.OkObjectResult in 0.0227ms.
2025-08-29 15:42:21.064 +03:30 [INF] Executing OkObjectResult, writing value of type '<>f__AnonymousType2`4[[System.String, System.Private.CoreLib, Version=9.0.0.0, Culture=neutral, PublicKeyToken=7cec85d7bea7798e],[System.String, System.Private.CoreLib, Version=9.0.0.0, Culture=neutral, PublicKeyToken=7cec85d7bea7798e],[System.String, System.Private.CoreLib, Version=9.0.0.0, Culture=neutral, PublicKeyToken=7cec85d7bea7798e],[System.Int32, System.Private.CoreLib, Version=9.0.0.0, Culture=neutral, PublicKeyToken=7cec85d7bea7798e]]'.
2025-08-29 15:42:21.065 +03:30 [INF] Executed action Api.Controllers.TestController.SeedSell (Api) in 17.1126ms
2025-08-29 15:42:21.078 +03:30 [INF] Executed endpoint 'Api.Controllers.TestController.SeedSell (Api)'
2025-08-29 15:42:21.079 +03:30 [INF] HTTP POST /api/test/seed/sell responded 200 in 43.5 ms
2025-08-29 15:42:21.081 +03:30 [INF] Request finished HTTP/1.1 POST http://localhost:5005/api/test/seed/sell - 200 null application/json; charset=utf-8 49.0986ms
2025-08-29 15:42:21.213 +03:30 [INF] Request starting HTTP/1.1 POST http://localhost:5005/api/test/seed/sell - application/json 82
2025-08-29 15:42:21.222 +03:30 [INF] Executing endpoint 'Api.Controllers.TestController.SeedSell (Api)'
2025-08-29 15:42:21.230 +03:30 [INF] Route matched with {action = "SeedSell", controller = "Test"}. Executing controller action with signature Microsoft.AspNetCore.Mvc.IActionResult SeedSell(SeedReq) on controller Api.Controllers.TestController (Api).
2025-08-29 15:42:21.244 +03:30 [INF] Executing action method Api.Controllers.TestController.SeedSell (Api) - Validation state: "Valid"
2025-08-29 15:42:21.246 +03:30 [INF] Executed action method Api.Controllers.TestController.SeedSell (Api), returned result Microsoft.AspNetCore.Mvc.OkObjectResult in 0.0278ms.
2025-08-29 15:42:21.249 +03:30 [INF] Executing OkObjectResult, writing value of type '<>f__AnonymousType2`4[[System.String, System.Private.CoreLib, Version=9.0.0.0, Culture=neutral, PublicKeyToken=7cec85d7bea7798e],[System.String, System.Private.CoreLib, Version=9.0.0.0, Culture=neutral, PublicKeyToken=7cec85d7bea7798e],[System.String, System.Private.CoreLib, Version=9.0.0.0, Culture=neutral, PublicKeyToken=7cec85d7bea7798e],[System.Int32, System.Private.CoreLib, Version=9.0.0.0, Culture=neutral, PublicKeyToken=7cec85d7bea7798e]]'.
2025-08-29 15:42:21.250 +03:30 [INF] Executed action Api.Controllers.TestController.SeedSell (Api) in 6.5566ms
2025-08-29 15:42:21.255 +03:30 [INF] Executed endpoint 'Api.Controllers.TestController.SeedSell (Api)'
2025-08-29 15:42:21.262 +03:30 [INF] HTTP POST /api/test/seed/sell responded 200 in 40.3 ms
2025-08-29 15:42:21.266 +03:30 [INF] Request finished HTTP/1.1 POST http://localhost:5005/api/test/seed/sell - 200 null application/json; charset=utf-8 53.5277ms
2025-08-29 15:42:21.382 +03:30 [INF] Request starting HTTP/1.1 POST http://localhost:5005/api/test/seed/sell - application/json 82
2025-08-29 15:42:21.386 +03:30 [INF] Executing endpoint 'Api.Controllers.TestController.SeedSell (Api)'
2025-08-29 15:42:21.387 +03:30 [INF] Route matched with {action = "SeedSell", controller = "Test"}. Executing controller action with signature Microsoft.AspNetCore.Mvc.IActionResult SeedSell(SeedReq) on controller Api.Controllers.TestController (Api).
2025-08-29 15:42:21.402 +03:30 [INF] Executing action method Api.Controllers.TestController.SeedSell (Api) - Validation state: "Valid"
2025-08-29 15:42:21.405 +03:30 [INF] Executed action method Api.Controllers.TestController.SeedSell (Api), returned result Microsoft.AspNetCore.Mvc.OkObjectResult in 0.0236ms.
2025-08-29 15:42:21.411 +03:30 [INF] Executing OkObjectResult, writing value of type '<>f__AnonymousType2`4[[System.String, System.Private.CoreLib, Version=9.0.0.0, Culture=neutral, PublicKeyToken=7cec85d7bea7798e],[System.String, System.Private.CoreLib, Version=9.0.0.0, Culture=neutral, PublicKeyToken=7cec85d7bea7798e],[System.String, System.Private.CoreLib, Version=9.0.0.0, Culture=neutral, PublicKeyToken=7cec85d7bea7798e],[System.Int32, System.Private.CoreLib, Version=9.0.0.0, Culture=neutral, PublicKeyToken=7cec85d7bea7798e]]'.
2025-08-29 15:42:21.413 +03:30 [INF] Executed action Api.Controllers.TestController.SeedSell (Api) in 11.8882ms
2025-08-29 15:42:21.417 +03:30 [INF] Executed endpoint 'Api.Controllers.TestController.SeedSell (Api)'
2025-08-29 15:42:21.418 +03:30 [INF] HTTP POST /api/test/seed/sell responded 200 in 31.4 ms
2025-08-29 15:42:21.420 +03:30 [INF] Request finished HTTP/1.1 POST http://localhost:5005/api/test/seed/sell - 200 null application/json; charset=utf-8 38.1083ms
2025-08-29 15:42:21.559 +03:30 [INF] Request starting HTTP/1.1 POST http://localhost:5005/api/test/seed/sell - application/json 82
2025-08-29 15:42:21.576 +03:30 [INF] Executing endpoint 'Api.Controllers.TestController.SeedSell (Api)'
2025-08-29 15:42:21.577 +03:30 [INF] Route matched with {action = "SeedSell", controller = "Test"}. Executing controller action with signature Microsoft.AspNetCore.Mvc.IActionResult SeedSell(SeedReq) on controller Api.Controllers.TestController (Api).
2025-08-29 15:42:21.586 +03:30 [INF] Executing action method Api.Controllers.TestController.SeedSell (Api) - Validation state: "Valid"
2025-08-29 15:42:21.588 +03:30 [INF] Executed action method Api.Controllers.TestController.SeedSell (Api), returned result Microsoft.AspNetCore.Mvc.OkObjectResult in 0.0284ms.
2025-08-29 15:42:21.597 +03:30 [INF] Executing OkObjectResult, writing value of type '<>f__AnonymousType2`4[[System.String, System.Private.CoreLib, Version=9.0.0.0, Culture=neutral, PublicKeyToken=7cec85d7bea7798e],[System.String, System.Private.CoreLib, Version=9.0.0.0, Culture=neutral, PublicKeyToken=7cec85d7bea7798e],[System.String, System.Private.CoreLib, Version=9.0.0.0, Culture=neutral, PublicKeyToken=7cec85d7bea7798e],[System.Int32, System.Private.CoreLib, Version=9.0.0.0, Culture=neutral, PublicKeyToken=7cec85d7bea7798e]]'.
2025-08-29 15:42:21.599 +03:30 [INF] Executed action Api.Controllers.TestController.SeedSell (Api) in 13.3686ms
2025-08-29 15:42:21.603 +03:30 [INF] Executed endpoint 'Api.Controllers.TestController.SeedSell (Api)'
2025-08-29 15:42:21.605 +03:30 [INF] HTTP POST /api/test/seed/sell responded 200 in 28.9 ms
2025-08-29 15:42:21.612 +03:30 [INF] Request finished HTTP/1.1 POST http://localhost:5005/api/test/seed/sell - 200 null application/json; charset=utf-8 52.5954ms
2025-08-29 15:42:21.750 +03:30 [INF] Request starting HTTP/1.1 POST http://localhost:5005/api/test/seed/sell - application/json 82
2025-08-29 15:42:21.762 +03:30 [INF] Executing endpoint 'Api.Controllers.TestController.SeedSell (Api)'
2025-08-29 15:42:21.764 +03:30 [INF] Route matched with {action = "SeedSell", controller = "Test"}. Executing controller action with signature Microsoft.AspNetCore.Mvc.IActionResult SeedSell(SeedReq) on controller Api.Controllers.TestController (Api).
2025-08-29 15:42:21.766 +03:30 [INF] Executing action method Api.Controllers.TestController.SeedSell (Api) - Validation state: "Valid"
2025-08-29 15:42:21.767 +03:30 [INF] Executed action method Api.Controllers.TestController.SeedSell (Api), returned result Microsoft.AspNetCore.Mvc.OkObjectResult in 0.0205ms.
2025-08-29 15:42:21.771 +03:30 [INF] Executing OkObjectResult, writing value of type '<>f__AnonymousType2`4[[System.String, System.Private.CoreLib, Version=9.0.0.0, Culture=neutral, PublicKeyToken=7cec85d7bea7798e],[System.String, System.Private.CoreLib, Version=9.0.0.0, Culture=neutral, PublicKeyToken=7cec85d7bea7798e],[System.String, System.Private.CoreLib, Version=9.0.0.0, Culture=neutral, PublicKeyToken=7cec85d7bea7798e],[System.Int32, System.Private.CoreLib, Version=9.0.0.0, Culture=neutral, PublicKeyToken=7cec85d7bea7798e]]'.
2025-08-29 15:42:21.788 +03:30 [INF] Executed action Api.Controllers.TestController.SeedSell (Api) in 22.1682ms
2025-08-29 15:42:21.811 +03:30 [INF] Executed endpoint 'Api.Controllers.TestController.SeedSell (Api)'
2025-08-29 15:42:21.812 +03:30 [INF] HTTP POST /api/test/seed/sell responded 200 in 50.1 ms
2025-08-29 15:42:21.814 +03:30 [INF] Request finished HTTP/1.1 POST http://localhost:5005/api/test/seed/sell - 200 null application/json; charset=utf-8 64.2541ms
2025-08-29 15:42:21.923 +03:30 [INF] Request starting HTTP/1.1 POST http://localhost:5005/api/test/seed/sell - application/json 82
2025-08-29 15:42:21.929 +03:30 [INF] Executing endpoint 'Api.Controllers.TestController.SeedSell (Api)'
2025-08-29 15:42:21.932 +03:30 [INF] Route matched with {action = "SeedSell", controller = "Test"}. Executing controller action with signature Microsoft.AspNetCore.Mvc.IActionResult SeedSell(SeedReq) on controller Api.Controllers.TestController (Api).
2025-08-29 15:42:21.936 +03:30 [INF] Executing action method Api.Controllers.TestController.SeedSell (Api) - Validation state: "Valid"
2025-08-29 15:42:21.937 +03:30 [INF] Executed action method Api.Controllers.TestController.SeedSell (Api), returned result Microsoft.AspNetCore.Mvc.OkObjectResult in 0.0212ms.
2025-08-29 15:42:21.948 +03:30 [INF] Executing OkObjectResult, writing value of type '<>f__AnonymousType2`4[[System.String, System.Private.CoreLib, Version=9.0.0.0, Culture=neutral, PublicKeyToken=7cec85d7bea7798e],[System.String, System.Private.CoreLib, Version=9.0.0.0, Culture=neutral, PublicKeyToken=7cec85d7bea7798e],[System.String, System.Private.CoreLib, Version=9.0.0.0, Culture=neutral, PublicKeyToken=7cec85d7bea7798e],[System.Int32, System.Private.CoreLib, Version=9.0.0.0, Culture=neutral, PublicKeyToken=7cec85d7bea7798e]]'.
2025-08-29 15:42:21.950 +03:30 [INF] Executed action Api.Controllers.TestController.SeedSell (Api) in 14.9058ms
2025-08-29 15:42:21.980 +03:30 [INF] Executed endpoint 'Api.Controllers.TestController.SeedSell (Api)'
2025-08-29 15:42:21.981 +03:30 [INF] HTTP POST /api/test/seed/sell responded 200 in 51.8 ms
2025-08-29 15:42:21.983 +03:30 [INF] Request finished HTTP/1.1 POST http://localhost:5005/api/test/seed/sell - 200 null application/json; charset=utf-8 60.366ms
2025-08-29 15:42:22.091 +03:30 [INF] Request starting HTTP/1.1 POST http://localhost:5005/api/test/seed/sell - application/json 82
2025-08-29 15:42:22.118 +03:30 [INF] Executing endpoint 'Api.Controllers.TestController.SeedSell (Api)'
2025-08-29 15:42:22.119 +03:30 [INF] Route matched with {action = "SeedSell", controller = "Test"}. Executing controller action with signature Microsoft.AspNetCore.Mvc.IActionResult SeedSell(SeedReq) on controller Api.Controllers.TestController (Api).
2025-08-29 15:42:22.132 +03:30 [INF] Executing action method Api.Controllers.TestController.SeedSell (Api) - Validation state: "Valid"
2025-08-29 15:42:22.133 +03:30 [INF] Executed action method Api.Controllers.TestController.SeedSell (Api), returned result Microsoft.AspNetCore.Mvc.OkObjectResult in 0.0236ms.
2025-08-29 15:42:22.135 +03:30 [INF] Executing OkObjectResult, writing value of type '<>f__AnonymousType2`4[[System.String, System.Private.CoreLib, Version=9.0.0.0, Culture=neutral, PublicKeyToken=7cec85d7bea7798e],[System.String, System.Private.CoreLib, Version=9.0.0.0, Culture=neutral, PublicKeyToken=7cec85d7bea7798e],[System.String, System.Private.CoreLib, Version=9.0.0.0, Culture=neutral, PublicKeyToken=7cec85d7bea7798e],[System.Int32, System.Private.CoreLib, Version=9.0.0.0, Culture=neutral, PublicKeyToken=7cec85d7bea7798e]]'.
2025-08-29 15:42:22.138 +03:30 [INF] Executed action Api.Controllers.TestController.SeedSell (Api) in 6.9119ms
2025-08-29 15:42:22.147 +03:30 [INF] Executed endpoint 'Api.Controllers.TestController.SeedSell (Api)'
2025-08-29 15:42:22.149 +03:30 [INF] HTTP POST /api/test/seed/sell responded 200 in 30.9 ms
2025-08-29 15:42:22.152 +03:30 [INF] Request finished HTTP/1.1 POST http://localhost:5005/api/test/seed/sell - 200 null application/json; charset=utf-8 60.5985ms
2025-08-29 15:42:22.241 +03:30 [INF] Request starting HTTP/1.1 POST http://localhost:5005/api/test/seed/sell - application/json 82
2025-08-29 15:42:22.245 +03:30 [INF] Executing endpoint 'Api.Controllers.TestController.SeedSell (Api)'
2025-08-29 15:42:22.246 +03:30 [INF] Route matched with {action = "SeedSell", controller = "Test"}. Executing controller action with signature Microsoft.AspNetCore.Mvc.IActionResult SeedSell(SeedReq) on controller Api.Controllers.TestController (Api).
2025-08-29 15:42:22.252 +03:30 [INF] Executing action method Api.Controllers.TestController.SeedSell (Api) - Validation state: "Valid"
2025-08-29 15:42:22.253 +03:30 [INF] Executed action method Api.Controllers.TestController.SeedSell (Api), returned result Microsoft.AspNetCore.Mvc.OkObjectResult in 0.0849ms.
2025-08-29 15:42:22.255 +03:30 [INF] Executing OkObjectResult, writing value of type '<>f__AnonymousType2`4[[System.String, System.Private.CoreLib, Version=9.0.0.0, Culture=neutral, PublicKeyToken=7cec85d7bea7798e],[System.String, System.Private.CoreLib, Version=9.0.0.0, Culture=neutral, PublicKeyToken=7cec85d7bea7798e],[System.String, System.Private.CoreLib, Version=9.0.0.0, Culture=neutral, PublicKeyToken=7cec85d7bea7798e],[System.Int32, System.Private.CoreLib, Version=9.0.0.0, Culture=neutral, PublicKeyToken=7cec85d7bea7798e]]'.
2025-08-29 15:42:22.259 +03:30 [INF] Executed action Api.Controllers.TestController.SeedSell (Api) in 7.3082ms
2025-08-29 15:42:22.271 +03:30 [INF] Executed endpoint 'Api.Controllers.TestController.SeedSell (Api)'
2025-08-29 15:42:22.272 +03:30 [INF] HTTP POST /api/test/seed/sell responded 200 in 27.1 ms
2025-08-29 15:42:22.286 +03:30 [INF] Request finished HTTP/1.1 POST http://localhost:5005/api/test/seed/sell - 200 null application/json; charset=utf-8 45.0889ms
2025-08-29 15:42:22.396 +03:30 [INF] Request starting HTTP/1.1 POST http://localhost:5005/api/test/seed/sell - application/json 82
2025-08-29 15:42:22.412 +03:30 [INF] Executing endpoint 'Api.Controllers.TestController.SeedSell (Api)'
2025-08-29 15:42:22.414 +03:30 [INF] Route matched with {action = "SeedSell", controller = "Test"}. Executing controller action with signature Microsoft.AspNetCore.Mvc.IActionResult SeedSell(SeedReq) on controller Api.Controllers.TestController (Api).
2025-08-29 15:42:22.418 +03:30 [INF] Executing action method Api.Controllers.TestController.SeedSell (Api) - Validation state: "Valid"
2025-08-29 15:42:22.420 +03:30 [INF] Executed action method Api.Controllers.TestController.SeedSell (Api), returned result Microsoft.AspNetCore.Mvc.OkObjectResult in 0.028ms.
2025-08-29 15:42:22.424 +03:30 [INF] Executing OkObjectResult, writing value of type '<>f__AnonymousType2`4[[System.String, System.Private.CoreLib, Version=9.0.0.0, Culture=neutral, PublicKeyToken=7cec85d7bea7798e],[System.String, System.Private.CoreLib, Version=9.0.0.0, Culture=neutral, PublicKeyToken=7cec85d7bea7798e],[System.String, System.Private.CoreLib, Version=9.0.0.0, Culture=neutral, PublicKeyToken=7cec85d7bea7798e],[System.Int32, System.Private.CoreLib, Version=9.0.0.0, Culture=neutral, PublicKeyToken=7cec85d7bea7798e]]'.
2025-08-29 15:42:22.431 +03:30 [INF] Executed action Api.Controllers.TestController.SeedSell (Api) in 12.9006ms
2025-08-29 15:42:22.433 +03:30 [INF] Executed endpoint 'Api.Controllers.TestController.SeedSell (Api)'
2025-08-29 15:42:22.436 +03:30 [INF] HTTP POST /api/test/seed/sell responded 200 in 24.5 ms
2025-08-29 15:42:22.438 +03:30 [INF] Request finished HTTP/1.1 POST http://localhost:5005/api/test/seed/sell - 200 null application/json; charset=utf-8 42.1286ms
2025-08-29 15:42:22.591 +03:30 [INF] Request starting HTTP/1.1 POST http://localhost:5005/api/test/seed/sell - application/json 82
2025-08-29 15:42:22.611 +03:30 [INF] Executing endpoint 'Api.Controllers.TestController.SeedSell (Api)'
2025-08-29 15:42:22.612 +03:30 [INF] Route matched with {action = "SeedSell", controller = "Test"}. Executing controller action with signature Microsoft.AspNetCore.Mvc.IActionResult SeedSell(SeedReq) on controller Api.Controllers.TestController (Api).
2025-08-29 15:42:22.633 +03:30 [INF] Executing action method Api.Controllers.TestController.SeedSell (Api) - Validation state: "Valid"
2025-08-29 15:42:22.635 +03:30 [INF] Executed action method Api.Controllers.TestController.SeedSell (Api), returned result Microsoft.AspNetCore.Mvc.OkObjectResult in 0.0198ms.
2025-08-29 15:42:22.637 +03:30 [INF] Executing OkObjectResult, writing value of type '<>f__AnonymousType2`4[[System.String, System.Private.CoreLib, Version=9.0.0.0, Culture=neutral, PublicKeyToken=7cec85d7bea7798e],[System.String, System.Private.CoreLib, Version=9.0.0.0, Culture=neutral, PublicKeyToken=7cec85d7bea7798e],[System.String, System.Private.CoreLib, Version=9.0.0.0, Culture=neutral, PublicKeyToken=7cec85d7bea7798e],[System.Int32, System.Private.CoreLib, Version=9.0.0.0, Culture=neutral, PublicKeyToken=7cec85d7bea7798e]]'.
2025-08-29 15:42:22.657 +03:30 [INF] Executed action Api.Controllers.TestController.SeedSell (Api) in 23.8149ms
2025-08-29 15:42:22.661 +03:30 [INF] Executed endpoint 'Api.Controllers.TestController.SeedSell (Api)'
2025-08-29 15:42:22.663 +03:30 [INF] HTTP POST /api/test/seed/sell responded 200 in 51.9 ms
2025-08-29 15:42:22.670 +03:30 [INF] Request finished HTTP/1.1 POST http://localhost:5005/api/test/seed/sell - 200 null application/json; charset=utf-8 78.1552ms
2025-08-29 15:42:22.819 +03:30 [INF] Request starting HTTP/1.1 POST http://localhost:5005/api/test/seed/sell - application/json 82
2025-08-29 15:42:22.832 +03:30 [INF] Executing endpoint 'Api.Controllers.TestController.SeedSell (Api)'
2025-08-29 15:42:22.833 +03:30 [INF] Route matched with {action = "SeedSell", controller = "Test"}. Executing controller action with signature Microsoft.AspNetCore.Mvc.IActionResult SeedSell(SeedReq) on controller Api.Controllers.TestController (Api).
2025-08-29 15:42:22.836 +03:30 [INF] Executing action method Api.Controllers.TestController.SeedSell (Api) - Validation state: "Valid"
2025-08-29 15:42:22.837 +03:30 [INF] Executed action method Api.Controllers.TestController.SeedSell (Api), returned result Microsoft.AspNetCore.Mvc.OkObjectResult in 0.0202ms.
2025-08-29 15:42:22.843 +03:30 [INF] Executing OkObjectResult, writing value of type '<>f__AnonymousType2`4[[System.String, System.Private.CoreLib, Version=9.0.0.0, Culture=neutral, PublicKeyToken=7cec85d7bea7798e],[System.String, System.Private.CoreLib, Version=9.0.0.0, Culture=neutral, PublicKeyToken=7cec85d7bea7798e],[System.String, System.Private.CoreLib, Version=9.0.0.0, Culture=neutral, PublicKeyToken=7cec85d7bea7798e],[System.Int32, System.Private.CoreLib, Version=9.0.0.0, Culture=neutral, PublicKeyToken=7cec85d7bea7798e]]'.
2025-08-29 15:42:22.846 +03:30 [INF] Executed action Api.Controllers.TestController.SeedSell (Api) in 10.8328ms
2025-08-29 15:42:22.864 +03:30 [INF] Executed endpoint 'Api.Controllers.TestController.SeedSell (Api)'
2025-08-29 15:42:22.866 +03:30 [INF] HTTP POST /api/test/seed/sell responded 200 in 34.9 ms
2025-08-29 15:42:22.869 +03:30 [INF] Request finished HTTP/1.1 POST http://localhost:5005/api/test/seed/sell - 200 null application/json; charset=utf-8 50.3283ms
2025-08-29 15:42:22.985 +03:30 [INF] Request starting HTTP/1.1 POST http://localhost:5005/api/test/seed/sell - application/json 82
2025-08-29 15:42:23.000 +03:30 [INF] Executing endpoint 'Api.Controllers.TestController.SeedSell (Api)'
2025-08-29 15:42:23.020 +03:30 [INF] Route matched with {action = "SeedSell", controller = "Test"}. Executing controller action with signature Microsoft.AspNetCore.Mvc.IActionResult SeedSell(SeedReq) on controller Api.Controllers.TestController (Api).
2025-08-29 15:42:23.035 +03:30 [INF] Executing action method Api.Controllers.TestController.SeedSell (Api) - Validation state: "Valid"
2025-08-29 15:42:23.046 +03:30 [INF] Executed action method Api.Controllers.TestController.SeedSell (Api), returned result Microsoft.AspNetCore.Mvc.OkObjectResult in 0.0359ms.
2025-08-29 15:42:23.048 +03:30 [INF] Executing OkObjectResult, writing value of type '<>f__AnonymousType2`4[[System.String, System.Private.CoreLib, Version=9.0.0.0, Culture=neutral, PublicKeyToken=7cec85d7bea7798e],[System.String, System.Private.CoreLib, Version=9.0.0.0, Culture=neutral, PublicKeyToken=7cec85d7bea7798e],[System.String, System.Private.CoreLib, Version=9.0.0.0, Culture=neutral, PublicKeyToken=7cec85d7bea7798e],[System.Int32, System.Private.CoreLib, Version=9.0.0.0, Culture=neutral, PublicKeyToken=7cec85d7bea7798e]]'.
2025-08-29 15:42:23.052 +03:30 [INF] Executed action Api.Controllers.TestController.SeedSell (Api) in 17.0256ms
2025-08-29 15:42:23.054 +03:30 [INF] Executed endpoint 'Api.Controllers.TestController.SeedSell (Api)'
2025-08-29 15:42:23.067 +03:30 [INF] HTTP POST /api/test/seed/sell responded 200 in 66.6 ms
2025-08-29 15:42:23.069 +03:30 [INF] Request finished HTTP/1.1 POST http://localhost:5005/api/test/seed/sell - 200 null application/json; charset=utf-8 84.6764ms
2025-08-29 15:42:23.152 +03:30 [INF] Request starting HTTP/1.1 POST http://localhost:5005/api/test/seed/sell - application/json 82
2025-08-29 15:42:23.169 +03:30 [INF] Executing endpoint 'Api.Controllers.TestController.SeedSell (Api)'
2025-08-29 15:42:23.172 +03:30 [INF] Route matched with {action = "SeedSell", controller = "Test"}. Executing controller action with signature Microsoft.AspNetCore.Mvc.IActionResult SeedSell(SeedReq) on controller Api.Controllers.TestController (Api).
2025-08-29 15:42:23.178 +03:30 [INF] Executing action method Api.Controllers.TestController.SeedSell (Api) - Validation state: "Valid"
2025-08-29 15:42:23.179 +03:30 [INF] Executed action method Api.Controllers.TestController.SeedSell (Api), returned result Microsoft.AspNetCore.Mvc.OkObjectResult in 0.0222ms.
2025-08-29 15:42:23.186 +03:30 [INF] Executing OkObjectResult, writing value of type '<>f__AnonymousType2`4[[System.String, System.Private.CoreLib, Version=9.0.0.0, Culture=neutral, PublicKeyToken=7cec85d7bea7798e],[System.String, System.Private.CoreLib, Version=9.0.0.0, Culture=neutral, PublicKeyToken=7cec85d7bea7798e],[System.String, System.Private.CoreLib, Version=9.0.0.0, Culture=neutral, PublicKeyToken=7cec85d7bea7798e],[System.Int32, System.Private.CoreLib, Version=9.0.0.0, Culture=neutral, PublicKeyToken=7cec85d7bea7798e]]'.
2025-08-29 15:42:23.193 +03:30 [INF] Executed action Api.Controllers.TestController.SeedSell (Api) in 15.5665ms
2025-08-29 15:42:23.197 +03:30 [INF] Executed endpoint 'Api.Controllers.TestController.SeedSell (Api)'
2025-08-29 15:42:23.201 +03:30 [INF] HTTP POST /api/test/seed/sell responded 200 in 31.9 ms
2025-08-29 15:42:23.204 +03:30 [INF] Request finished HTTP/1.1 POST http://localhost:5005/api/test/seed/sell - 200 null application/json; charset=utf-8 51.7327ms
2025-08-29 15:42:23.314 +03:30 [INF] Request starting HTTP/1.1 POST http://localhost:5005/api/test/seed/sell - application/json 82
2025-08-29 15:42:23.365 +03:30 [INF] Executing endpoint 'Api.Controllers.TestController.SeedSell (Api)'
2025-08-29 15:42:23.367 +03:30 [INF] Route matched with {action = "SeedSell", controller = "Test"}. Executing controller action with signature Microsoft.AspNetCore.Mvc.IActionResult SeedSell(SeedReq) on controller Api.Controllers.TestController (Api).
2025-08-29 15:42:23.370 +03:30 [INF] Executing action method Api.Controllers.TestController.SeedSell (Api) - Validation state: "Valid"
2025-08-29 15:42:23.371 +03:30 [INF] Executed action method Api.Controllers.TestController.SeedSell (Api), returned result Microsoft.AspNetCore.Mvc.OkObjectResult in 0.0524ms.
2025-08-29 15:42:23.383 +03:30 [INF] Executing OkObjectResult, writing value of type '<>f__AnonymousType2`4[[System.String, System.Private.CoreLib, Version=9.0.0.0, Culture=neutral, PublicKeyToken=7cec85d7bea7798e],[System.String, System.Private.CoreLib, Version=9.0.0.0, Culture=neutral, PublicKeyToken=7cec85d7bea7798e],[System.String, System.Private.CoreLib, Version=9.0.0.0, Culture=neutral, PublicKeyToken=7cec85d7bea7798e],[System.Int32, System.Private.CoreLib, Version=9.0.0.0, Culture=neutral, PublicKeyToken=7cec85d7bea7798e]]'.
2025-08-29 15:42:23.384 +03:30 [INF] Executed action Api.Controllers.TestController.SeedSell (Api) in 14.8918ms
2025-08-29 15:42:23.401 +03:30 [INF] Executed endpoint 'Api.Controllers.TestController.SeedSell (Api)'
2025-08-29 15:42:23.402 +03:30 [INF] HTTP POST /api/test/seed/sell responded 200 in 37.3 ms
2025-08-29 15:42:23.414 +03:30 [INF] Request finished HTTP/1.1 POST http://localhost:5005/api/test/seed/sell - 200 null application/json; charset=utf-8 100.4351ms
2025-08-29 15:42:23.487 +03:30 [INF] Request starting HTTP/1.1 POST http://localhost:5005/api/test/seed/sell - application/json 82
2025-08-29 15:42:23.493 +03:30 [INF] Executing endpoint 'Api.Controllers.TestController.SeedSell (Api)'
2025-08-29 15:42:23.494 +03:30 [INF] Route matched with {action = "SeedSell", controller = "Test"}. Executing controller action with signature Microsoft.AspNetCore.Mvc.IActionResult SeedSell(SeedReq) on controller Api.Controllers.TestController (Api).
2025-08-29 15:42:23.497 +03:30 [INF] Executing action method Api.Controllers.TestController.SeedSell (Api) - Validation state: "Valid"
2025-08-29 15:42:23.501 +03:30 [INF] Executed action method Api.Controllers.TestController.SeedSell (Api), returned result Microsoft.AspNetCore.Mvc.OkObjectResult in 0.0225ms.
2025-08-29 15:42:23.503 +03:30 [INF] Executing OkObjectResult, writing value of type '<>f__AnonymousType2`4[[System.String, System.Private.CoreLib, Version=9.0.0.0, Culture=neutral, PublicKeyToken=7cec85d7bea7798e],[System.String, System.Private.CoreLib, Version=9.0.0.0, Culture=neutral, PublicKeyToken=7cec85d7bea7798e],[System.String, System.Private.CoreLib, Version=9.0.0.0, Culture=neutral, PublicKeyToken=7cec85d7bea7798e],[System.Int32, System.Private.CoreLib, Version=9.0.0.0, Culture=neutral, PublicKeyToken=7cec85d7bea7798e]]'.
2025-08-29 15:42:23.505 +03:30 [INF] Executed action Api.Controllers.TestController.SeedSell (Api) in 8.6102ms
2025-08-29 15:42:23.518 +03:30 [INF] Executed endpoint 'Api.Controllers.TestController.SeedSell (Api)'
2025-08-29 15:42:23.519 +03:30 [INF] HTTP POST /api/test/seed/sell responded 200 in 25.9 ms
2025-08-29 15:42:23.527 +03:30 [INF] Request finished HTTP/1.1 POST http://localhost:5005/api/test/seed/sell - 200 null application/json; charset=utf-8 40.6213ms
2025-08-29 15:42:23.653 +03:30 [INF] Request starting HTTP/1.1 POST http://localhost:5005/api/test/seed/sell - application/json 82
2025-08-29 15:42:23.676 +03:30 [INF] Executing endpoint 'Api.Controllers.TestController.SeedSell (Api)'
2025-08-29 15:42:23.677 +03:30 [INF] Route matched with {action = "SeedSell", controller = "Test"}. Executing controller action with signature Microsoft.AspNetCore.Mvc.IActionResult SeedSell(SeedReq) on controller Api.Controllers.TestController (Api).
2025-08-29 15:42:23.679 +03:30 [INF] Executing action method Api.Controllers.TestController.SeedSell (Api) - Validation state: "Valid"
2025-08-29 15:42:23.681 +03:30 [INF] Executed action method Api.Controllers.TestController.SeedSell (Api), returned result Microsoft.AspNetCore.Mvc.OkObjectResult in 0.032ms.
2025-08-29 15:42:23.682 +03:30 [INF] Executing OkObjectResult, writing value of type '<>f__AnonymousType2`4[[System.String, System.Private.CoreLib, Version=9.0.0.0, Culture=neutral, PublicKeyToken=7cec85d7bea7798e],[System.String, System.Private.CoreLib, Version=9.0.0.0, Culture=neutral, PublicKeyToken=7cec85d7bea7798e],[System.String, System.Private.CoreLib, Version=9.0.0.0, Culture=neutral, PublicKeyToken=7cec85d7bea7798e],[System.Int32, System.Private.CoreLib, Version=9.0.0.0, Culture=neutral, PublicKeyToken=7cec85d7bea7798e]]'.
2025-08-29 15:42:23.684 +03:30 [INF] Executed action Api.Controllers.TestController.SeedSell (Api) in 4.6154ms
2025-08-29 15:42:23.685 +03:30 [INF] Executed endpoint 'Api.Controllers.TestController.SeedSell (Api)'
2025-08-29 15:42:23.686 +03:30 [INF] HTTP POST /api/test/seed/sell responded 200 in 10.1 ms
2025-08-29 15:42:23.699 +03:30 [INF] Request finished HTTP/1.1 POST http://localhost:5005/api/test/seed/sell - 200 null application/json; charset=utf-8 45.7094ms
2025-08-29 15:42:23.825 +03:30 [INF] Request starting HTTP/1.1 POST http://localhost:5005/api/test/seed/sell - application/json 82
2025-08-29 15:42:23.881 +03:30 [INF] Executing endpoint 'Api.Controllers.TestController.SeedSell (Api)'
2025-08-29 15:42:23.882 +03:30 [INF] Route matched with {action = "SeedSell", controller = "Test"}. Executing controller action with signature Microsoft.AspNetCore.Mvc.IActionResult SeedSell(SeedReq) on controller Api.Controllers.TestController (Api).
2025-08-29 15:42:23.885 +03:30 [INF] Executing action method Api.Controllers.TestController.SeedSell (Api) - Validation state: "Valid"
2025-08-29 15:42:23.887 +03:30 [INF] Executed action method Api.Controllers.TestController.SeedSell (Api), returned result Microsoft.AspNetCore.Mvc.OkObjectResult in 0.0224ms.
2025-08-29 15:42:23.899 +03:30 [INF] Executing OkObjectResult, writing value of type '<>f__AnonymousType2`4[[System.String, System.Private.CoreLib, Version=9.0.0.0, Culture=neutral, PublicKeyToken=7cec85d7bea7798e],[System.String, System.Private.CoreLib, Version=9.0.0.0, Culture=neutral, PublicKeyToken=7cec85d7bea7798e],[System.String, System.Private.CoreLib, Version=9.0.0.0, Culture=neutral, PublicKeyToken=7cec85d7bea7798e],[System.Int32, System.Private.CoreLib, Version=9.0.0.0, Culture=neutral, PublicKeyToken=7cec85d7bea7798e]]'.
2025-08-29 15:42:23.900 +03:30 [INF] Executed action Api.Controllers.TestController.SeedSell (Api) in 15.3551ms
2025-08-29 15:42:23.916 +03:30 [INF] Executed endpoint 'Api.Controllers.TestController.SeedSell (Api)'
2025-08-29 15:42:23.918 +03:30 [INF] HTTP POST /api/test/seed/sell responded 200 in 37.1 ms
2025-08-29 15:42:23.920 +03:30 [INF] Request finished HTTP/1.1 POST http://localhost:5005/api/test/seed/sell - 200 null application/json; charset=utf-8 94.9115ms
2025-08-29 15:42:23.994 +03:30 [INF] Request starting HTTP/1.1 POST http://localhost:5005/api/test/seed/sell - application/json 82
2025-08-29 15:42:23.997 +03:30 [INF] Executing endpoint 'Api.Controllers.TestController.SeedSell (Api)'
2025-08-29 15:42:23.998 +03:30 [INF] Route matched with {action = "SeedSell", controller = "Test"}. Executing controller action with signature Microsoft.AspNetCore.Mvc.IActionResult SeedSell(SeedReq) on controller Api.Controllers.TestController (Api).
2025-08-29 15:42:24.000 +03:30 [INF] Executing action method Api.Controllers.TestController.SeedSell (Api) - Validation state: "Valid"
2025-08-29 15:42:24.004 +03:30 [INF] Executed action method Api.Controllers.TestController.SeedSell (Api), returned result Microsoft.AspNetCore.Mvc.OkObjectResult in 0.0243ms.
2025-08-29 15:42:24.008 +03:30 [INF] Executing OkObjectResult, writing value of type '<>f__AnonymousType2`4[[System.String, System.Private.CoreLib, Version=9.0.0.0, Culture=neutral, PublicKeyToken=7cec85d7bea7798e],[System.String, System.Private.CoreLib, Version=9.0.0.0, Culture=neutral, PublicKeyToken=7cec85d7bea7798e],[System.String, System.Private.CoreLib, Version=9.0.0.0, Culture=neutral, PublicKeyToken=7cec85d7bea7798e],[System.Int32, System.Private.CoreLib, Version=9.0.0.0, Culture=neutral, PublicKeyToken=7cec85d7bea7798e]]'.
2025-08-29 15:42:24.009 +03:30 [INF] Executed action Api.Controllers.TestController.SeedSell (Api) in 9.1598ms
2025-08-29 15:42:24.015 +03:30 [INF] Executed endpoint 'Api.Controllers.TestController.SeedSell (Api)'
2025-08-29 15:42:24.016 +03:30 [INF] HTTP POST /api/test/seed/sell responded 200 in 19.4 ms
2025-08-29 15:42:24.019 +03:30 [INF] Request finished HTTP/1.1 POST http://localhost:5005/api/test/seed/sell - 200 null application/json; charset=utf-8 24.765ms
2025-08-29 15:42:24.157 +03:30 [INF] Request starting HTTP/1.1 POST http://localhost:5005/api/test/seed/sell - application/json 82
2025-08-29 15:42:24.186 +03:30 [INF] Executing endpoint 'Api.Controllers.TestController.SeedSell (Api)'
2025-08-29 15:42:24.188 +03:30 [INF] Route matched with {action = "SeedSell", controller = "Test"}. Executing controller action with signature Microsoft.AspNetCore.Mvc.IActionResult SeedSell(SeedReq) on controller Api.Controllers.TestController (Api).
2025-08-29 15:42:24.204 +03:30 [INF] Executing action method Api.Controllers.TestController.SeedSell (Api) - Validation state: "Valid"
2025-08-29 15:42:24.205 +03:30 [INF] Executed action method Api.Controllers.TestController.SeedSell (Api), returned result Microsoft.AspNetCore.Mvc.OkObjectResult in 0.029ms.
2025-08-29 15:42:24.214 +03:30 [INF] Executing OkObjectResult, writing value of type '<>f__AnonymousType2`4[[System.String, System.Private.CoreLib, Version=9.0.0.0, Culture=neutral, PublicKeyToken=7cec85d7bea7798e],[System.String, System.Private.CoreLib, Version=9.0.0.0, Culture=neutral, PublicKeyToken=7cec85d7bea7798e],[System.String, System.Private.CoreLib, Version=9.0.0.0, Culture=neutral, PublicKeyToken=7cec85d7bea7798e],[System.Int32, System.Private.CoreLib, Version=9.0.0.0, Culture=neutral, PublicKeyToken=7cec85d7bea7798e]]'.
2025-08-29 15:42:24.216 +03:30 [INF] Executed action Api.Controllers.TestController.SeedSell (Api) in 12.5596ms
2025-08-29 15:42:24.219 +03:30 [INF] Executed endpoint 'Api.Controllers.TestController.SeedSell (Api)'
2025-08-29 15:42:24.221 +03:30 [INF] HTTP POST /api/test/seed/sell responded 200 in 34.3 ms
2025-08-29 15:42:24.228 +03:30 [INF] Request finished HTTP/1.1 POST http://localhost:5005/api/test/seed/sell - 200 null application/json; charset=utf-8 71.1093ms
2025-08-29 15:42:24.341 +03:30 [INF] Request starting HTTP/1.1 POST http://localhost:5005/api/test/seed/sell - application/json 82
2025-08-29 15:42:24.367 +03:30 [INF] Executing endpoint 'Api.Controllers.TestController.SeedSell (Api)'
2025-08-29 15:42:24.368 +03:30 [INF] Route matched with {action = "SeedSell", controller = "Test"}. Executing controller action with signature Microsoft.AspNetCore.Mvc.IActionResult SeedSell(SeedReq) on controller Api.Controllers.TestController (Api).
2025-08-29 15:42:24.371 +03:30 [INF] Executing action method Api.Controllers.TestController.SeedSell (Api) - Validation state: "Valid"
2025-08-29 15:42:24.402 +03:30 [INF] Executed action method Api.Controllers.TestController.SeedSell (Api), returned result Microsoft.AspNetCore.Mvc.OkObjectResult in 0.0275ms.
2025-08-29 15:42:24.409 +03:30 [INF] Executing OkObjectResult, writing value of type '<>f__AnonymousType2`4[[System.String, System.Private.CoreLib, Version=9.0.0.0, Culture=neutral, PublicKeyToken=7cec85d7bea7798e],[System.String, System.Private.CoreLib, Version=9.0.0.0, Culture=neutral, PublicKeyToken=7cec85d7bea7798e],[System.String, System.Private.CoreLib, Version=9.0.0.0, Culture=neutral, PublicKeyToken=7cec85d7bea7798e],[System.Int32, System.Private.CoreLib, Version=9.0.0.0, Culture=neutral, PublicKeyToken=7cec85d7bea7798e]]'.
2025-08-29 15:42:24.413 +03:30 [INF] Executed action Api.Controllers.TestController.SeedSell (Api) in 41.8087ms
2025-08-29 15:42:24.416 +03:30 [INF] Executed endpoint 'Api.Controllers.TestController.SeedSell (Api)'
2025-08-29 15:42:24.419 +03:30 [INF] HTTP POST /api/test/seed/sell responded 200 in 51.7 ms
2025-08-29 15:42:24.442 +03:30 [INF] Request finished HTTP/1.1 POST http://localhost:5005/api/test/seed/sell - 200 null application/json; charset=utf-8 100.9659ms
2025-08-29 15:42:24.531 +03:30 [INF] Request starting HTTP/1.1 POST http://localhost:5005/api/test/seed/sell - application/json 82
2025-08-29 15:42:24.536 +03:30 [INF] Executing endpoint 'Api.Controllers.TestController.SeedSell (Api)'
2025-08-29 15:42:24.537 +03:30 [INF] Route matched with {action = "SeedSell", controller = "Test"}. Executing controller action with signature Microsoft.AspNetCore.Mvc.IActionResult SeedSell(SeedReq) on controller Api.Controllers.TestController (Api).
2025-08-29 15:42:24.542 +03:30 [INF] Executing action method Api.Controllers.TestController.SeedSell (Api) - Validation state: "Valid"
2025-08-29 15:42:24.544 +03:30 [INF] Executed action method Api.Controllers.TestController.SeedSell (Api), returned result Microsoft.AspNetCore.Mvc.OkObjectResult in 0.0389ms.
2025-08-29 15:42:24.546 +03:30 [INF] Executing OkObjectResult, writing value of type '<>f__AnonymousType2`4[[System.String, System.Private.CoreLib, Version=9.0.0.0, Culture=neutral, PublicKeyToken=7cec85d7bea7798e],[System.String, System.Private.CoreLib, Version=9.0.0.0, Culture=neutral, PublicKeyToken=7cec85d7bea7798e],[System.String, System.Private.CoreLib, Version=9.0.0.0, Culture=neutral, PublicKeyToken=7cec85d7bea7798e],[System.Int32, System.Private.CoreLib, Version=9.0.0.0, Culture=neutral, PublicKeyToken=7cec85d7bea7798e]]'.
2025-08-29 15:42:24.548 +03:30 [INF] Executed action Api.Controllers.TestController.SeedSell (Api) in 5.5688ms
2025-08-29 15:42:24.551 +03:30 [INF] Executed endpoint 'Api.Controllers.TestController.SeedSell (Api)'
2025-08-29 15:42:24.552 +03:30 [INF] HTTP POST /api/test/seed/sell responded 200 in 16.3 ms
2025-08-29 15:42:24.562 +03:30 [INF] Request finished HTTP/1.1 POST http://localhost:5005/api/test/seed/sell - 200 null application/json; charset=utf-8 30.9755ms
2025-08-29 15:42:24.653 +03:30 [INF] Request starting HTTP/1.1 POST http://localhost:5005/api/test/seed/sell - application/json 82
2025-08-29 15:42:24.663 +03:30 [INF] Executing endpoint 'Api.Controllers.TestController.SeedSell (Api)'
2025-08-29 15:42:24.664 +03:30 [INF] Route matched with {action = "SeedSell", controller = "Test"}. Executing controller action with signature Microsoft.AspNetCore.Mvc.IActionResult SeedSell(SeedReq) on controller Api.Controllers.TestController (Api).
2025-08-29 15:42:24.667 +03:30 [INF] Executing action method Api.Controllers.TestController.SeedSell (Api) - Validation state: "Valid"
2025-08-29 15:42:24.669 +03:30 [INF] Executed action method Api.Controllers.TestController.SeedSell (Api), returned result Microsoft.AspNetCore.Mvc.OkObjectResult in 0.02ms.
2025-08-29 15:42:24.671 +03:30 [INF] Executing OkObjectResult, writing value of type '<>f__AnonymousType2`4[[System.String, System.Private.CoreLib, Version=9.0.0.0, Culture=neutral, PublicKeyToken=7cec85d7bea7798e],[System.String, System.Private.CoreLib, Version=9.0.0.0, Culture=neutral, PublicKeyToken=7cec85d7bea7798e],[System.String, System.Private.CoreLib, Version=9.0.0.0, Culture=neutral, PublicKeyToken=7cec85d7bea7798e],[System.Int32, System.Private.CoreLib, Version=9.0.0.0, Culture=neutral, PublicKeyToken=7cec85d7bea7798e]]'.
2025-08-29 15:42:24.679 +03:30 [INF] Executed action Api.Controllers.TestController.SeedSell (Api) in 12.1207ms
2025-08-29 15:42:24.720 +03:30 [INF] Executed endpoint 'Api.Controllers.TestController.SeedSell (Api)'
2025-08-29 15:42:24.728 +03:30 [INF] HTTP POST /api/test/seed/sell responded 200 in 65.0 ms
2025-08-29 15:42:24.730 +03:30 [INF] Request finished HTTP/1.1 POST http://localhost:5005/api/test/seed/sell - 200 null application/json; charset=utf-8 76.8744ms
2025-08-29 15:42:24.809 +03:30 [INF] Request starting HTTP/1.1 POST http://localhost:5005/api/test/seed/sell - application/json 82
2025-08-29 15:42:24.813 +03:30 [INF] Executing endpoint 'Api.Controllers.TestController.SeedSell (Api)'
2025-08-29 15:42:24.815 +03:30 [INF] Route matched with {action = "SeedSell", controller = "Test"}. Executing controller action with signature Microsoft.AspNetCore.Mvc.IActionResult SeedSell(SeedReq) on controller Api.Controllers.TestController (Api).
2025-08-29 15:42:24.944 +03:30 [INF] Executing action method Api.Controllers.TestController.SeedSell (Api) - Validation state: "Valid"
2025-08-29 15:42:24.948 +03:30 [INF] Executed action method Api.Controllers.TestController.SeedSell (Api), returned result Microsoft.AspNetCore.Mvc.OkObjectResult in 0.0262ms.
2025-08-29 15:42:24.954 +03:30 [INF] Executing OkObjectResult, writing value of type '<>f__AnonymousType2`4[[System.String, System.Private.CoreLib, Version=9.0.0.0, Culture=neutral, PublicKeyToken=7cec85d7bea7798e],[System.String, System.Private.CoreLib, Version=9.0.0.0, Culture=neutral, PublicKeyToken=7cec85d7bea7798e],[System.String, System.Private.CoreLib, Version=9.0.0.0, Culture=neutral, PublicKeyToken=7cec85d7bea7798e],[System.Int32, System.Private.CoreLib, Version=9.0.0.0, Culture=neutral, PublicKeyToken=7cec85d7bea7798e]]'.
2025-08-29 15:42:24.959 +03:30 [INF] Executed action Api.Controllers.TestController.SeedSell (Api) in 14.9079ms
2025-08-29 15:42:24.966 +03:30 [INF] Executed endpoint 'Api.Controllers.TestController.SeedSell (Api)'
2025-08-29 15:42:24.968 +03:30 [INF] HTTP POST /api/test/seed/sell responded 200 in 154.7 ms
2025-08-29 15:42:24.979 +03:30 [INF] Request finished HTTP/1.1 POST http://localhost:5005/api/test/seed/sell - 200 null application/json; charset=utf-8 170.1123ms
2025-08-29 15:42:25.128 +03:30 [INF] Request starting HTTP/1.1 POST http://localhost:5005/api/test/seed/sell - application/json 82
2025-08-29 15:42:25.151 +03:30 [INF] Executing endpoint 'Api.Controllers.TestController.SeedSell (Api)'
2025-08-29 15:42:25.152 +03:30 [INF] Route matched with {action = "SeedSell", controller = "Test"}. Executing controller action with signature Microsoft.AspNetCore.Mvc.IActionResult SeedSell(SeedReq) on controller Api.Controllers.TestController (Api).
2025-08-29 15:42:25.158 +03:30 [INF] Executing action method Api.Controllers.TestController.SeedSell (Api) - Validation state: "Valid"
2025-08-29 15:42:25.161 +03:30 [INF] Executed action method Api.Controllers.TestController.SeedSell (Api), returned result Microsoft.AspNetCore.Mvc.OkObjectResult in 0.0247ms.
2025-08-29 15:42:25.164 +03:30 [INF] Executing OkObjectResult, writing value of type '<>f__AnonymousType2`4[[System.String, System.Private.CoreLib, Version=9.0.0.0, Culture=neutral, PublicKeyToken=7cec85d7bea7798e],[System.String, System.Private.CoreLib, Version=9.0.0.0, Culture=neutral, PublicKeyToken=7cec85d7bea7798e],[System.String, System.Private.CoreLib, Version=9.0.0.0, Culture=neutral, PublicKeyToken=7cec85d7bea7798e],[System.Int32, System.Private.CoreLib, Version=9.0.0.0, Culture=neutral, PublicKeyToken=7cec85d7bea7798e]]'.
2025-08-29 15:42:25.167 +03:30 [INF] Executed action Api.Controllers.TestController.SeedSell (Api) in 12.5714ms
2025-08-29 15:42:25.180 +03:30 [INF] Executed endpoint 'Api.Controllers.TestController.SeedSell (Api)'
2025-08-29 15:42:25.182 +03:30 [INF] HTTP POST /api/test/seed/sell responded 200 in 31.2 ms
2025-08-29 15:42:25.186 +03:30 [INF] Request finished HTTP/1.1 POST http://localhost:5005/api/test/seed/sell - 200 null application/json; charset=utf-8 58.5406ms
2025-08-29 15:42:25.345 +03:30 [INF] Request starting HTTP/1.1 POST http://localhost:5005/api/test/seed/sell - application/json 82
2025-08-29 15:42:25.362 +03:30 [INF] Executing endpoint 'Api.Controllers.TestController.SeedSell (Api)'
2025-08-29 15:42:25.363 +03:30 [INF] Route matched with {action = "SeedSell", controller = "Test"}. Executing controller action with signature Microsoft.AspNetCore.Mvc.IActionResult SeedSell(SeedReq) on controller Api.Controllers.TestController (Api).
2025-08-29 15:42:25.381 +03:30 [INF] Executing action method Api.Controllers.TestController.SeedSell (Api) - Validation state: "Valid"
2025-08-29 15:42:25.383 +03:30 [INF] Executed action method Api.Controllers.TestController.SeedSell (Api), returned result Microsoft.AspNetCore.Mvc.OkObjectResult in 0.0224ms.
2025-08-29 15:42:25.396 +03:30 [INF] Executing OkObjectResult, writing value of type '<>f__AnonymousType2`4[[System.String, System.Private.CoreLib, Version=9.0.0.0, Culture=neutral, PublicKeyToken=7cec85d7bea7798e],[System.String, System.Private.CoreLib, Version=9.0.0.0, Culture=neutral, PublicKeyToken=7cec85d7bea7798e],[System.String, System.Private.CoreLib, Version=9.0.0.0, Culture=neutral, PublicKeyToken=7cec85d7bea7798e],[System.Int32, System.Private.CoreLib, Version=9.0.0.0, Culture=neutral, PublicKeyToken=7cec85d7bea7798e]]'.
2025-08-29 15:42:25.410 +03:30 [INF] Executed action Api.Controllers.TestController.SeedSell (Api) in 23.8451ms
2025-08-29 15:42:25.419 +03:30 [INF] Executed endpoint 'Api.Controllers.TestController.SeedSell (Api)'
2025-08-29 15:42:25.421 +03:30 [INF] HTTP POST /api/test/seed/sell responded 200 in 59.3 ms
2025-08-29 15:42:25.431 +03:30 [INF] Request finished HTTP/1.1 POST http://localhost:5005/api/test/seed/sell - 200 null application/json; charset=utf-8 85.9456ms
2025-08-29 15:42:25.461 +03:30 [INF] Request starting HTTP/1.1 POST http://localhost:5005/api/test/seed/sell - application/json 82
2025-08-29 15:42:25.487 +03:30 [INF] Executing endpoint 'Api.Controllers.TestController.SeedSell (Api)'
2025-08-29 15:42:25.488 +03:30 [INF] Route matched with {action = "SeedSell", controller = "Test"}. Executing controller action with signature Microsoft.AspNetCore.Mvc.IActionResult SeedSell(SeedReq) on controller Api.Controllers.TestController (Api).
2025-08-29 15:42:25.503 +03:30 [INF] Executing action method Api.Controllers.TestController.SeedSell (Api) - Validation state: "Valid"
2025-08-29 15:42:25.505 +03:30 [INF] Executed action method Api.Controllers.TestController.SeedSell (Api), returned result Microsoft.AspNetCore.Mvc.OkObjectResult in 0.0201ms.
2025-08-29 15:42:25.506 +03:30 [INF] Executing OkObjectResult, writing value of type '<>f__AnonymousType2`4[[System.String, System.Private.CoreLib, Version=9.0.0.0, Culture=neutral, PublicKeyToken=7cec85d7bea7798e],[System.String, System.Private.CoreLib, Version=9.0.0.0, Culture=neutral, PublicKeyToken=7cec85d7bea7798e],[System.String, System.Private.CoreLib, Version=9.0.0.0, Culture=neutral, PublicKeyToken=7cec85d7bea7798e],[System.Int32, System.Private.CoreLib, Version=9.0.0.0, Culture=neutral, PublicKeyToken=7cec85d7bea7798e]]'.
2025-08-29 15:42:25.511 +03:30 [INF] Executed action Api.Controllers.TestController.SeedSell (Api) in 7.8605ms
2025-08-29 15:42:25.513 +03:30 [INF] Executed endpoint 'Api.Controllers.TestController.SeedSell (Api)'
2025-08-29 15:42:25.513 +03:30 [INF] HTTP POST /api/test/seed/sell responded 200 in 26.7 ms
2025-08-29 15:42:25.515 +03:30 [INF] Request finished HTTP/1.1 POST http://localhost:5005/api/test/seed/sell - 200 null application/json; charset=utf-8 54.7503ms
2025-08-29 15:42:25.679 +03:30 [INF] Request starting HTTP/1.1 POST http://localhost:5005/api/test/seed/sell - application/json 82
2025-08-29 15:42:25.686 +03:30 [INF] Executing endpoint 'Api.Controllers.TestController.SeedSell (Api)'
2025-08-29 15:42:25.691 +03:30 [INF] Route matched with {action = "SeedSell", controller = "Test"}. Executing controller action with signature Microsoft.AspNetCore.Mvc.IActionResult SeedSell(SeedReq) on controller Api.Controllers.TestController (Api).
2025-08-29 15:42:25.693 +03:30 [INF] Executing action method Api.Controllers.TestController.SeedSell (Api) - Validation state: "Valid"
2025-08-29 15:42:25.697 +03:30 [INF] Executed action method Api.Controllers.TestController.SeedSell (Api), returned result Microsoft.AspNetCore.Mvc.OkObjectResult in 0.1056ms.
2025-08-29 15:42:25.726 +03:30 [INF] Executing OkObjectResult, writing value of type '<>f__AnonymousType2`4[[System.String, System.Private.CoreLib, Version=9.0.0.0, Culture=neutral, PublicKeyToken=7cec85d7bea7798e],[System.String, System.Private.CoreLib, Version=9.0.0.0, Culture=neutral, PublicKeyToken=7cec85d7bea7798e],[System.String, System.Private.CoreLib, Version=9.0.0.0, Culture=neutral, PublicKeyToken=7cec85d7bea7798e],[System.Int32, System.Private.CoreLib, Version=9.0.0.0, Culture=neutral, PublicKeyToken=7cec85d7bea7798e]]'.
2025-08-29 15:42:25.732 +03:30 [INF] Executed action Api.Controllers.TestController.SeedSell (Api) in 39.1257ms
2025-08-29 15:42:25.765 +03:30 [INF] Executed endpoint 'Api.Controllers.TestController.SeedSell (Api)'
2025-08-29 15:42:25.767 +03:30 [INF] HTTP POST /api/test/seed/sell responded 200 in 81.3 ms
2025-08-29 15:42:25.770 +03:30 [INF] Request finished HTTP/1.1 POST http://localhost:5005/api/test/seed/sell - 200 null application/json; charset=utf-8 90.4559ms
2025-08-29 15:42:25.850 +03:30 [INF] Request starting HTTP/1.1 POST http://localhost:5005/api/test/seed/sell - application/json 82
2025-08-29 15:42:25.917 +03:30 [INF] Executing endpoint 'Api.Controllers.TestController.SeedSell (Api)'
2025-08-29 15:42:25.918 +03:30 [INF] Route matched with {action = "SeedSell", controller = "Test"}. Executing controller action with signature Microsoft.AspNetCore.Mvc.IActionResult SeedSell(SeedReq) on controller Api.Controllers.TestController (Api).
2025-08-29 15:42:25.921 +03:30 [INF] Executing action method Api.Controllers.TestController.SeedSell (Api) - Validation state: "Valid"
2025-08-29 15:42:25.932 +03:30 [INF] Executed action method Api.Controllers.TestController.SeedSell (Api), returned result Microsoft.AspNetCore.Mvc.OkObjectResult in 0.021ms.
2025-08-29 15:42:25.935 +03:30 [INF] Executing OkObjectResult, writing value of type '<>f__AnonymousType2`4[[System.String, System.Private.CoreLib, Version=9.0.0.0, Culture=neutral, PublicKeyToken=7cec85d7bea7798e],[System.String, System.Private.CoreLib, Version=9.0.0.0, Culture=neutral, PublicKeyToken=7cec85d7bea7798e],[System.String, System.Private.CoreLib, Version=9.0.0.0, Culture=neutral, PublicKeyToken=7cec85d7bea7798e],[System.Int32, System.Private.CoreLib, Version=9.0.0.0, Culture=neutral, PublicKeyToken=7cec85d7bea7798e]]'.
2025-08-29 15:42:25.937 +03:30 [INF] Executed action Api.Controllers.TestController.SeedSell (Api) in 16.7727ms
2025-08-29 15:42:25.955 +03:30 [INF] Executed endpoint 'Api.Controllers.TestController.SeedSell (Api)'
2025-08-29 15:42:25.978 +03:30 [INF] Request starting HTTP/1.1 POST http://localhost:5005/api/test/seed/sell - application/json 82
2025-08-29 15:42:25.979 +03:30 [INF] HTTP POST /api/test/seed/sell responded 200 in 62.3 ms
2025-08-29 15:42:25.981 +03:30 [INF] Executing endpoint 'Api.Controllers.TestController.SeedSell (Api)'
2025-08-29 15:42:25.983 +03:30 [INF] Request finished HTTP/1.1 POST http://localhost:5005/api/test/seed/sell - 200 null application/json; charset=utf-8 133.9388ms
2025-08-29 15:42:25.987 +03:30 [INF] Route matched with {action = "SeedSell", controller = "Test"}. Executing controller action with signature Microsoft.AspNetCore.Mvc.IActionResult SeedSell(SeedReq) on controller Api.Controllers.TestController (Api).
2025-08-29 15:42:26.031 +03:30 [INF] Executing action method Api.Controllers.TestController.SeedSell (Api) - Validation state: "Valid"
2025-08-29 15:42:26.033 +03:30 [INF] Executed action method Api.Controllers.TestController.SeedSell (Api), returned result Microsoft.AspNetCore.Mvc.OkObjectResult in 0.0443ms.
2025-08-29 15:42:26.035 +03:30 [INF] Executing OkObjectResult, writing value of type '<>f__AnonymousType2`4[[System.String, System.Private.CoreLib, Version=9.0.0.0, Culture=neutral, PublicKeyToken=7cec85d7bea7798e],[System.String, System.Private.CoreLib, Version=9.0.0.0, Culture=neutral, PublicKeyToken=7cec85d7bea7798e],[System.String, System.Private.CoreLib, Version=9.0.0.0, Culture=neutral, PublicKeyToken=7cec85d7bea7798e],[System.Int32, System.Private.CoreLib, Version=9.0.0.0, Culture=neutral, PublicKeyToken=7cec85d7bea7798e]]'.
2025-08-29 15:42:26.039 +03:30 [INF] Executed action Api.Controllers.TestController.SeedSell (Api) in 8.0147ms
2025-08-29 15:42:26.047 +03:30 [INF] Executed endpoint 'Api.Controllers.TestController.SeedSell (Api)'
2025-08-29 15:42:26.049 +03:30 [INF] HTTP POST /api/test/seed/sell responded 200 in 67.7 ms
2025-08-29 15:42:26.051 +03:30 [INF] Request finished HTTP/1.1 POST http://localhost:5005/api/test/seed/sell - 200 null application/json; charset=utf-8 73.026ms
2025-08-29 15:42:26.186 +03:30 [INF] Request starting HTTP/1.1 POST http://localhost:5005/api/test/seed/sell - application/json 82
2025-08-29 15:42:26.192 +03:30 [INF] Executing endpoint 'Api.Controllers.TestController.SeedSell (Api)'
2025-08-29 15:42:26.193 +03:30 [INF] Route matched with {action = "SeedSell", controller = "Test"}. Executing controller action with signature Microsoft.AspNetCore.Mvc.IActionResult SeedSell(SeedReq) on controller Api.Controllers.TestController (Api).
2025-08-29 15:42:26.196 +03:30 [INF] Executing action method Api.Controllers.TestController.SeedSell (Api) - Validation state: "Valid"
2025-08-29 15:42:26.198 +03:30 [INF] Executed action method Api.Controllers.TestController.SeedSell (Api), returned result Microsoft.AspNetCore.Mvc.OkObjectResult in 0.0272ms.
2025-08-29 15:42:26.202 +03:30 [INF] Executing OkObjectResult, writing value of type '<>f__AnonymousType2`4[[System.String, System.Private.CoreLib, Version=9.0.0.0, Culture=neutral, PublicKeyToken=7cec85d7bea7798e],[System.String, System.Private.CoreLib, Version=9.0.0.0, Culture=neutral, PublicKeyToken=7cec85d7bea7798e],[System.String, System.Private.CoreLib, Version=9.0.0.0, Culture=neutral, PublicKeyToken=7cec85d7bea7798e],[System.Int32, System.Private.CoreLib, Version=9.0.0.0, Culture=neutral, PublicKeyToken=7cec85d7bea7798e]]'.
2025-08-29 15:42:26.208 +03:30 [INF] Executed action Api.Controllers.TestController.SeedSell (Api) in 11.7952ms
2025-08-29 15:42:26.233 +03:30 [INF] Executed endpoint 'Api.Controllers.TestController.SeedSell (Api)'
2025-08-29 15:42:26.236 +03:30 [INF] HTTP POST /api/test/seed/sell responded 200 in 44.2 ms
2025-08-29 15:42:26.240 +03:30 [INF] Request finished HTTP/1.1 POST http://localhost:5005/api/test/seed/sell - 200 null application/json; charset=utf-8 53.2283ms
2025-08-29 15:42:26.321 +03:30 [INF] Request starting HTTP/1.1 POST http://localhost:5005/api/test/seed/sell - application/json 82
2025-08-29 15:42:26.325 +03:30 [INF] Executing endpoint 'Api.Controllers.TestController.SeedSell (Api)'
2025-08-29 15:42:26.327 +03:30 [INF] Route matched with {action = "SeedSell", controller = "Test"}. Executing controller action with signature Microsoft.AspNetCore.Mvc.IActionResult SeedSell(SeedReq) on controller Api.Controllers.TestController (Api).
2025-08-29 15:42:26.329 +03:30 [INF] Executing action method Api.Controllers.TestController.SeedSell (Api) - Validation state: "Valid"
2025-08-29 15:42:26.331 +03:30 [INF] Executed action method Api.Controllers.TestController.SeedSell (Api), returned result Microsoft.AspNetCore.Mvc.OkObjectResult in 0.0486ms.
2025-08-29 15:42:26.333 +03:30 [INF] Executing OkObjectResult, writing value of type '<>f__AnonymousType2`4[[System.String, System.Private.CoreLib, Version=9.0.0.0, Culture=neutral, PublicKeyToken=7cec85d7bea7798e],[System.String, System.Private.CoreLib, Version=9.0.0.0, Culture=neutral, PublicKeyToken=7cec85d7bea7798e],[System.String, System.Private.CoreLib, Version=9.0.0.0, Culture=neutral, PublicKeyToken=7cec85d7bea7798e],[System.Int32, System.Private.CoreLib, Version=9.0.0.0, Culture=neutral, PublicKeyToken=7cec85d7bea7798e]]'.
2025-08-29 15:42:26.337 +03:30 [INF] Executed action Api.Controllers.TestController.SeedSell (Api) in 7.7878ms
2025-08-29 15:42:26.341 +03:30 [INF] Executed endpoint 'Api.Controllers.TestController.SeedSell (Api)'
2025-08-29 15:42:26.342 +03:30 [INF] HTTP POST /api/test/seed/sell responded 200 in 16.8 ms
2025-08-29 15:42:26.344 +03:30 [INF] Request finished HTTP/1.1 POST http://localhost:5005/api/test/seed/sell - 200 null application/json; charset=utf-8 23.8331ms
2025-08-29 15:42:26.482 +03:30 [INF] Request starting HTTP/1.1 POST http://localhost:5005/api/test/seed/sell - application/json 82
2025-08-29 15:42:26.499 +03:30 [INF] Executing endpoint 'Api.Controllers.TestController.SeedSell (Api)'
2025-08-29 15:42:26.501 +03:30 [INF] Route matched with {action = "SeedSell", controller = "Test"}. Executing controller action with signature Microsoft.AspNetCore.Mvc.IActionResult SeedSell(SeedReq) on controller Api.Controllers.TestController (Api).
2025-08-29 15:42:26.511 +03:30 [INF] Executing action method Api.Controllers.TestController.SeedSell (Api) - Validation state: "Valid"
2025-08-29 15:42:26.513 +03:30 [INF] Executed action method Api.Controllers.TestController.SeedSell (Api), returned result Microsoft.AspNetCore.Mvc.OkObjectResult in 0.0215ms.
2025-08-29 15:42:26.515 +03:30 [INF] Executing OkObjectResult, writing value of type '<>f__AnonymousType2`4[[System.String, System.Private.CoreLib, Version=9.0.0.0, Culture=neutral, PublicKeyToken=7cec85d7bea7798e],[System.String, System.Private.CoreLib, Version=9.0.0.0, Culture=neutral, PublicKeyToken=7cec85d7bea7798e],[System.String, System.Private.CoreLib, Version=9.0.0.0, Culture=neutral, PublicKeyToken=7cec85d7bea7798e],[System.Int32, System.Private.CoreLib, Version=9.0.0.0, Culture=neutral, PublicKeyToken=7cec85d7bea7798e]]'.
2025-08-29 15:42:26.517 +03:30 [INF] Executed action Api.Controllers.TestController.SeedSell (Api) in 6.0522ms
2025-08-29 15:42:26.519 +03:30 [INF] Executed endpoint 'Api.Controllers.TestController.SeedSell (Api)'
2025-08-29 15:42:26.530 +03:30 [INF] HTTP POST /api/test/seed/sell responded 200 in 31.7 ms
2025-08-29 15:42:26.533 +03:30 [INF] Request finished HTTP/1.1 POST http://localhost:5005/api/test/seed/sell - 200 null application/json; charset=utf-8 50.8833ms
2025-08-29 15:42:26.666 +03:30 [INF] Request starting HTTP/1.1 POST http://localhost:5005/api/test/seed/sell - application/json 82
2025-08-29 15:42:26.682 +03:30 [INF] Executing endpoint 'Api.Controllers.TestController.SeedSell (Api)'
2025-08-29 15:42:26.684 +03:30 [INF] Route matched with {action = "SeedSell", controller = "Test"}. Executing controller action with signature Microsoft.AspNetCore.Mvc.IActionResult SeedSell(SeedReq) on controller Api.Controllers.TestController (Api).
2025-08-29 15:42:26.688 +03:30 [INF] Executing action method Api.Controllers.TestController.SeedSell (Api) - Validation state: "Valid"
2025-08-29 15:42:26.696 +03:30 [INF] Executed action method Api.Controllers.TestController.SeedSell (Api), returned result Microsoft.AspNetCore.Mvc.OkObjectResult in 0.027ms.
2025-08-29 15:42:26.698 +03:30 [INF] Executing OkObjectResult, writing value of type '<>f__AnonymousType2`4[[System.String, System.Private.CoreLib, Version=9.0.0.0, Culture=neutral, PublicKeyToken=7cec85d7bea7798e],[System.String, System.Private.CoreLib, Version=9.0.0.0, Culture=neutral, PublicKeyToken=7cec85d7bea7798e],[System.String, System.Private.CoreLib, Version=9.0.0.0, Culture=neutral, PublicKeyToken=7cec85d7bea7798e],[System.Int32, System.Private.CoreLib, Version=9.0.0.0, Culture=neutral, PublicKeyToken=7cec85d7bea7798e]]'.
2025-08-29 15:42:26.701 +03:30 [INF] Executed action Api.Controllers.TestController.SeedSell (Api) in 13.8725ms
2025-08-29 15:42:26.710 +03:30 [INF] Executed endpoint 'Api.Controllers.TestController.SeedSell (Api)'
2025-08-29 15:42:26.712 +03:30 [INF] HTTP POST /api/test/seed/sell responded 200 in 29.1 ms
2025-08-29 15:42:26.714 +03:30 [INF] Request finished HTTP/1.1 POST http://localhost:5005/api/test/seed/sell - 200 null application/json; charset=utf-8 47.2656ms
2025-08-29 15:42:26.800 +03:30 [INF] Request starting HTTP/1.1 POST http://localhost:5005/api/test/seed/sell - application/json 82
2025-08-29 15:42:26.807 +03:30 [INF] Executing endpoint 'Api.Controllers.TestController.SeedSell (Api)'
2025-08-29 15:42:26.809 +03:30 [INF] Route matched with {action = "SeedSell", controller = "Test"}. Executing controller action with signature Microsoft.AspNetCore.Mvc.IActionResult SeedSell(SeedReq) on controller Api.Controllers.TestController (Api).
2025-08-29 15:42:26.812 +03:30 [INF] Executing action method Api.Controllers.TestController.SeedSell (Api) - Validation state: "Valid"
2025-08-29 15:42:26.814 +03:30 [INF] Executed action method Api.Controllers.TestController.SeedSell (Api), returned result Microsoft.AspNetCore.Mvc.OkObjectResult in 0.0406ms.
2025-08-29 15:42:26.816 +03:30 [INF] Executing OkObjectResult, writing value of type '<>f__AnonymousType2`4[[System.String, System.Private.CoreLib, Version=9.0.0.0, Culture=neutral, PublicKeyToken=7cec85d7bea7798e],[System.String, System.Private.CoreLib, Version=9.0.0.0, Culture=neutral, PublicKeyToken=7cec85d7bea7798e],[System.String, System.Private.CoreLib, Version=9.0.0.0, Culture=neutral, PublicKeyToken=7cec85d7bea7798e],[System.Int32, System.Private.CoreLib, Version=9.0.0.0, Culture=neutral, PublicKeyToken=7cec85d7bea7798e]]'.
2025-08-29 15:42:26.819 +03:30 [INF] Executed action Api.Controllers.TestController.SeedSell (Api) in 6.857ms
2025-08-29 15:42:26.821 +03:30 [INF] Executed endpoint 'Api.Controllers.TestController.SeedSell (Api)'
2025-08-29 15:42:26.823 +03:30 [INF] HTTP POST /api/test/seed/sell responded 200 in 15.7 ms
2025-08-29 15:42:26.827 +03:30 [INF] Request finished HTTP/1.1 POST http://localhost:5005/api/test/seed/sell - 200 null application/json; charset=utf-8 27.1626ms
2025-08-29 15:42:26.976 +03:30 [INF] Request starting HTTP/1.1 POST http://localhost:5005/api/test/seed/sell - application/json 82
2025-08-29 15:42:26.985 +03:30 [INF] Executing endpoint 'Api.Controllers.TestController.SeedSell (Api)'
2025-08-29 15:42:26.987 +03:30 [INF] Route matched with {action = "SeedSell", controller = "Test"}. Executing controller action with signature Microsoft.AspNetCore.Mvc.IActionResult SeedSell(SeedReq) on controller Api.Controllers.TestController (Api).
2025-08-29 15:42:27.000 +03:30 [INF] Executing action method Api.Controllers.TestController.SeedSell (Api) - Validation state: "Valid"
2025-08-29 15:42:27.001 +03:30 [INF] Executed action method Api.Controllers.TestController.SeedSell (Api), returned result Microsoft.AspNetCore.Mvc.OkObjectResult in 0.0182ms.
2025-08-29 15:42:27.003 +03:30 [INF] Executing OkObjectResult, writing value of type '<>f__AnonymousType2`4[[System.String, System.Private.CoreLib, Version=9.0.0.0, Culture=neutral, PublicKeyToken=7cec85d7bea7798e],[System.String, System.Private.CoreLib, Version=9.0.0.0, Culture=neutral, PublicKeyToken=7cec85d7bea7798e],[System.String, System.Private.CoreLib, Version=9.0.0.0, Culture=neutral, PublicKeyToken=7cec85d7bea7798e],[System.Int32, System.Private.CoreLib, Version=9.0.0.0, Culture=neutral, PublicKeyToken=7cec85d7bea7798e]]'.
2025-08-29 15:42:27.008 +03:30 [INF] Executed action Api.Controllers.TestController.SeedSell (Api) in 8.4652ms
2025-08-29 15:42:27.021 +03:30 [INF] Executed endpoint 'Api.Controllers.TestController.SeedSell (Api)'
2025-08-29 15:42:27.025 +03:30 [INF] HTTP POST /api/test/seed/sell responded 200 in 39.8 ms
2025-08-29 15:42:27.029 +03:30 [INF] Request finished HTTP/1.1 POST http://localhost:5005/api/test/seed/sell - 200 null application/json; charset=utf-8 52.2694ms
2025-08-29 15:42:27.119 +03:30 [INF] Request starting HTTP/1.1 POST http://localhost:5005/api/test/seed/sell - application/json 82
2025-08-29 15:42:27.124 +03:30 [INF] Executing endpoint 'Api.Controllers.TestController.SeedSell (Api)'
2025-08-29 15:42:27.126 +03:30 [INF] Route matched with {action = "SeedSell", controller = "Test"}. Executing controller action with signature Microsoft.AspNetCore.Mvc.IActionResult SeedSell(SeedReq) on controller Api.Controllers.TestController (Api).
2025-08-29 15:42:27.132 +03:30 [INF] Executing action method Api.Controllers.TestController.SeedSell (Api) - Validation state: "Valid"
2025-08-29 15:42:27.134 +03:30 [INF] Executed action method Api.Controllers.TestController.SeedSell (Api), returned result Microsoft.AspNetCore.Mvc.OkObjectResult in 0.0191ms.
2025-08-29 15:42:27.139 +03:30 [INF] Executing OkObjectResult, writing value of type '<>f__AnonymousType2`4[[System.String, System.Private.CoreLib, Version=9.0.0.0, Culture=neutral, PublicKeyToken=7cec85d7bea7798e],[System.String, System.Private.CoreLib, Version=9.0.0.0, Culture=neutral, PublicKeyToken=7cec85d7bea7798e],[System.String, System.Private.CoreLib, Version=9.0.0.0, Culture=neutral, PublicKeyToken=7cec85d7bea7798e],[System.Int32, System.Private.CoreLib, Version=9.0.0.0, Culture=neutral, PublicKeyToken=7cec85d7bea7798e]]'.
2025-08-29 15:42:27.141 +03:30 [INF] Executed action Api.Controllers.TestController.SeedSell (Api) in 9.3617ms
2025-08-29 15:42:27.144 +03:30 [INF] Executed endpoint 'Api.Controllers.TestController.SeedSell (Api)'
2025-08-29 15:42:27.146 +03:30 [INF] HTTP POST /api/test/seed/sell responded 200 in 21.6 ms
2025-08-29 15:42:27.148 +03:30 [INF] Request finished HTTP/1.1 POST http://localhost:5005/api/test/seed/sell - 200 null application/json; charset=utf-8 28.9968ms
2025-08-29 15:42:27.302 +03:30 [INF] Request starting HTTP/1.1 POST http://localhost:5005/api/test/seed/sell - application/json 82
2025-08-29 15:42:27.316 +03:30 [INF] Executing endpoint 'Api.Controllers.TestController.SeedSell (Api)'
2025-08-29 15:42:27.319 +03:30 [INF] Route matched with {action = "SeedSell", controller = "Test"}. Executing controller action with signature Microsoft.AspNetCore.Mvc.IActionResult SeedSell(SeedReq) on controller Api.Controllers.TestController (Api).
2025-08-29 15:42:27.332 +03:30 [INF] Executing action method Api.Controllers.TestController.SeedSell (Api) - Validation state: "Valid"
2025-08-29 15:42:27.335 +03:30 [INF] Executed action method Api.Controllers.TestController.SeedSell (Api), returned result Microsoft.AspNetCore.Mvc.OkObjectResult in 0.0244ms.
2025-08-29 15:42:27.348 +03:30 [INF] Executing OkObjectResult, writing value of type '<>f__AnonymousType2`4[[System.String, System.Private.CoreLib, Version=9.0.0.0, Culture=neutral, PublicKeyToken=7cec85d7bea7798e],[System.String, System.Private.CoreLib, Version=9.0.0.0, Culture=neutral, PublicKeyToken=7cec85d7bea7798e],[System.String, System.Private.CoreLib, Version=9.0.0.0, Culture=neutral, PublicKeyToken=7cec85d7bea7798e],[System.Int32, System.Private.CoreLib, Version=9.0.0.0, Culture=neutral, PublicKeyToken=7cec85d7bea7798e]]'.
2025-08-29 15:42:27.350 +03:30 [INF] Executed action Api.Controllers.TestController.SeedSell (Api) in 18.5736ms
2025-08-29 15:42:27.352 +03:30 [INF] Executed endpoint 'Api.Controllers.TestController.SeedSell (Api)'
2025-08-29 15:42:27.354 +03:30 [INF] HTTP POST /api/test/seed/sell responded 200 in 37.6 ms
2025-08-29 15:42:27.361 +03:30 [INF] Request finished HTTP/1.1 POST http://localhost:5005/api/test/seed/sell - 200 null application/json; charset=utf-8 58.5456ms
2025-08-29 15:42:27.482 +03:30 [INF] Request starting HTTP/1.1 POST http://localhost:5005/api/test/seed/sell - application/json 82
2025-08-29 15:42:27.486 +03:30 [INF] Executing endpoint 'Api.Controllers.TestController.SeedSell (Api)'
2025-08-29 15:42:27.488 +03:30 [INF] Route matched with {action = "SeedSell", controller = "Test"}. Executing controller action with signature Microsoft.AspNetCore.Mvc.IActionResult SeedSell(SeedReq) on controller Api.Controllers.TestController (Api).
2025-08-29 15:42:27.498 +03:30 [INF] Executing action method Api.Controllers.TestController.SeedSell (Api) - Validation state: "Valid"
2025-08-29 15:42:27.501 +03:30 [INF] Executed action method Api.Controllers.TestController.SeedSell (Api), returned result Microsoft.AspNetCore.Mvc.OkObjectResult in 0.0773ms.
2025-08-29 15:42:27.503 +03:30 [INF] Executing OkObjectResult, writing value of type '<>f__AnonymousType2`4[[System.String, System.Private.CoreLib, Version=9.0.0.0, Culture=neutral, PublicKeyToken=7cec85d7bea7798e],[System.String, System.Private.CoreLib, Version=9.0.0.0, Culture=neutral, PublicKeyToken=7cec85d7bea7798e],[System.String, System.Private.CoreLib, Version=9.0.0.0, Culture=neutral, PublicKeyToken=7cec85d7bea7798e],[System.Int32, System.Private.CoreLib, Version=9.0.0.0, Culture=neutral, PublicKeyToken=7cec85d7bea7798e]]'.
2025-08-29 15:42:27.507 +03:30 [INF] Executed action Api.Controllers.TestController.SeedSell (Api) in 9.2301ms
2025-08-29 15:42:27.519 +03:30 [INF] Executed endpoint 'Api.Controllers.TestController.SeedSell (Api)'
2025-08-29 15:42:27.520 +03:30 [INF] HTTP POST /api/test/seed/sell responded 200 in 33.5 ms
2025-08-29 15:42:27.527 +03:30 [INF] Request finished HTTP/1.1 POST http://localhost:5005/api/test/seed/sell - 200 null application/json; charset=utf-8 45.3609ms
2025-08-29 15:42:27.651 +03:30 [INF] Request starting HTTP/1.1 POST http://localhost:5005/api/test/seed/sell - application/json 82
2025-08-29 15:42:27.656 +03:30 [INF] Executing endpoint 'Api.Controllers.TestController.SeedSell (Api)'
2025-08-29 15:42:27.660 +03:30 [INF] Route matched with {action = "SeedSell", controller = "Test"}. Executing controller action with signature Microsoft.AspNetCore.Mvc.IActionResult SeedSell(SeedReq) on controller Api.Controllers.TestController (Api).
2025-08-29 15:42:27.664 +03:30 [INF] Executing action method Api.Controllers.TestController.SeedSell (Api) - Validation state: "Valid"
2025-08-29 15:42:27.666 +03:30 [INF] Executed action method Api.Controllers.TestController.SeedSell (Api), returned result Microsoft.AspNetCore.Mvc.OkObjectResult in 0.1357ms.
2025-08-29 15:42:27.669 +03:30 [INF] Executing OkObjectResult, writing value of type '<>f__AnonymousType2`4[[System.String, System.Private.CoreLib, Version=9.0.0.0, Culture=neutral, PublicKeyToken=7cec85d7bea7798e],[System.String, System.Private.CoreLib, Version=9.0.0.0, Culture=neutral, PublicKeyToken=7cec85d7bea7798e],[System.String, System.Private.CoreLib, Version=9.0.0.0, Culture=neutral, PublicKeyToken=7cec85d7bea7798e],[System.Int32, System.Private.CoreLib, Version=9.0.0.0, Culture=neutral, PublicKeyToken=7cec85d7bea7798e]]'.
2025-08-29 15:42:27.674 +03:30 [INF] Executed action Api.Controllers.TestController.SeedSell (Api) in 9.7516ms
2025-08-29 15:42:27.680 +03:30 [INF] Executed endpoint 'Api.Controllers.TestController.SeedSell (Api)'
2025-08-29 15:42:27.682 +03:30 [INF] HTTP POST /api/test/seed/sell responded 200 in 25.5 ms
2025-08-29 15:42:27.685 +03:30 [INF] Request finished HTTP/1.1 POST http://localhost:5005/api/test/seed/sell - 200 null application/json; charset=utf-8 34.058ms
2025-08-29 15:42:27.826 +03:30 [INF] Request starting HTTP/1.1 POST http://localhost:5005/api/test/seed/sell - application/json 82
2025-08-29 15:42:27.834 +03:30 [INF] Executing endpoint 'Api.Controllers.TestController.SeedSell (Api)'
2025-08-29 15:42:27.835 +03:30 [INF] Route matched with {action = "SeedSell", controller = "Test"}. Executing controller action with signature Microsoft.AspNetCore.Mvc.IActionResult SeedSell(SeedReq) on controller Api.Controllers.TestController (Api).
2025-08-29 15:42:27.839 +03:30 [INF] Executing action method Api.Controllers.TestController.SeedSell (Api) - Validation state: "Valid"
2025-08-29 15:42:27.844 +03:30 [INF] Executed action method Api.Controllers.TestController.SeedSell (Api), returned result Microsoft.AspNetCore.Mvc.OkObjectResult in 0.0417ms.
2025-08-29 15:42:27.846 +03:30 [INF] Executing OkObjectResult, writing value of type '<>f__AnonymousType2`4[[System.String, System.Private.CoreLib, Version=9.0.0.0, Culture=neutral, PublicKeyToken=7cec85d7bea7798e],[System.String, System.Private.CoreLib, Version=9.0.0.0, Culture=neutral, PublicKeyToken=7cec85d7bea7798e],[System.String, System.Private.CoreLib, Version=9.0.0.0, Culture=neutral, PublicKeyToken=7cec85d7bea7798e],[System.Int32, System.Private.CoreLib, Version=9.0.0.0, Culture=neutral, PublicKeyToken=7cec85d7bea7798e]]'.
2025-08-29 15:42:27.849 +03:30 [INF] Executed action Api.Controllers.TestController.SeedSell (Api) in 9.2827ms
2025-08-29 15:42:27.853 +03:30 [INF] Executed endpoint 'Api.Controllers.TestController.SeedSell (Api)'
2025-08-29 15:42:27.856 +03:30 [INF] HTTP POST /api/test/seed/sell responded 200 in 22.4 ms
2025-08-29 15:42:27.860 +03:30 [INF] Request finished HTTP/1.1 POST http://localhost:5005/api/test/seed/sell - 200 null application/json; charset=utf-8 33.2084ms
2025-08-29 15:42:28.013 +03:30 [INF] Request starting HTTP/1.1 POST http://localhost:5005/api/test/seed/sell - application/json 82
2025-08-29 15:42:28.063 +03:30 [INF] Executing endpoint 'Api.Controllers.TestController.SeedSell (Api)'
2025-08-29 15:42:28.065 +03:30 [INF] Route matched with {action = "SeedSell", controller = "Test"}. Executing controller action with signature Microsoft.AspNetCore.Mvc.IActionResult SeedSell(SeedReq) on controller Api.Controllers.TestController (Api).
2025-08-29 15:42:28.066 +03:30 [INF] Executing action method Api.Controllers.TestController.SeedSell (Api) - Validation state: "Valid"
2025-08-29 15:42:28.071 +03:30 [INF] Executed action method Api.Controllers.TestController.SeedSell (Api), returned result Microsoft.AspNetCore.Mvc.OkObjectResult in 0.0192ms.
2025-08-29 15:42:28.078 +03:30 [INF] Executing OkObjectResult, writing value of type '<>f__AnonymousType2`4[[System.String, System.Private.CoreLib, Version=9.0.0.0, Culture=neutral, PublicKeyToken=7cec85d7bea7798e],[System.String, System.Private.CoreLib, Version=9.0.0.0, Culture=neutral, PublicKeyToken=7cec85d7bea7798e],[System.String, System.Private.CoreLib, Version=9.0.0.0, Culture=neutral, PublicKeyToken=7cec85d7bea7798e],[System.Int32, System.Private.CoreLib, Version=9.0.0.0, Culture=neutral, PublicKeyToken=7cec85d7bea7798e]]'.
2025-08-29 15:42:28.080 +03:30 [INF] Executed action Api.Controllers.TestController.SeedSell (Api) in 13.5876ms
2025-08-29 15:42:28.082 +03:30 [INF] Executed endpoint 'Api.Controllers.TestController.SeedSell (Api)'
2025-08-29 15:42:28.087 +03:30 [INF] HTTP POST /api/test/seed/sell responded 200 in 23.2 ms
2025-08-29 15:42:28.090 +03:30 [INF] Request finished HTTP/1.1 POST http://localhost:5005/api/test/seed/sell - 200 null application/json; charset=utf-8 76.4899ms
2025-08-29 15:42:28.194 +03:30 [INF] Request starting HTTP/1.1 POST http://localhost:5005/api/test/seed/sell - application/json 82
2025-08-29 15:42:28.197 +03:30 [INF] Executing endpoint 'Api.Controllers.TestController.SeedSell (Api)'
2025-08-29 15:42:28.200 +03:30 [INF] Route matched with {action = "SeedSell", controller = "Test"}. Executing controller action with signature Microsoft.AspNetCore.Mvc.IActionResult SeedSell(SeedReq) on controller Api.Controllers.TestController (Api).
2025-08-29 15:42:28.202 +03:30 [INF] Executing action method Api.Controllers.TestController.SeedSell (Api) - Validation state: "Valid"
2025-08-29 15:42:28.203 +03:30 [INF] Executed action method Api.Controllers.TestController.SeedSell (Api), returned result Microsoft.AspNetCore.Mvc.OkObjectResult in 0.0199ms.
2025-08-29 15:42:28.208 +03:30 [INF] Executing OkObjectResult, writing value of type '<>f__AnonymousType2`4[[System.String, System.Private.CoreLib, Version=9.0.0.0, Culture=neutral, PublicKeyToken=7cec85d7bea7798e],[System.String, System.Private.CoreLib, Version=9.0.0.0, Culture=neutral, PublicKeyToken=7cec85d7bea7798e],[System.String, System.Private.CoreLib, Version=9.0.0.0, Culture=neutral, PublicKeyToken=7cec85d7bea7798e],[System.Int32, System.Private.CoreLib, Version=9.0.0.0, Culture=neutral, PublicKeyToken=7cec85d7bea7798e]]'.
2025-08-29 15:42:28.213 +03:30 [INF] Executed action Api.Controllers.TestController.SeedSell (Api) in 10.6762ms
2025-08-29 15:42:28.215 +03:30 [INF] Executed endpoint 'Api.Controllers.TestController.SeedSell (Api)'
2025-08-29 15:42:28.216 +03:30 [INF] HTTP POST /api/test/seed/sell responded 200 in 18.8 ms
2025-08-29 15:42:28.218 +03:30 [INF] Request finished HTTP/1.1 POST http://localhost:5005/api/test/seed/sell - 200 null application/json; charset=utf-8 24.1287ms
2025-08-29 15:42:28.389 +03:30 [INF] Request starting HTTP/1.1 POST http://localhost:5005/api/test/seed/sell - application/json 82
2025-08-29 15:42:28.438 +03:30 [INF] Executing endpoint 'Api.Controllers.TestController.SeedSell (Api)'
2025-08-29 15:42:28.442 +03:30 [INF] Route matched with {action = "SeedSell", controller = "Test"}. Executing controller action with signature Microsoft.AspNetCore.Mvc.IActionResult SeedSell(SeedReq) on controller Api.Controllers.TestController (Api).
2025-08-29 15:42:28.445 +03:30 [INF] Executing action method Api.Controllers.TestController.SeedSell (Api) - Validation state: "Valid"
2025-08-29 15:42:28.446 +03:30 [INF] Executed action method Api.Controllers.TestController.SeedSell (Api), returned result Microsoft.AspNetCore.Mvc.OkObjectResult in 0.0255ms.
2025-08-29 15:42:28.449 +03:30 [INF] Executing OkObjectResult, writing value of type '<>f__AnonymousType2`4[[System.String, System.Private.CoreLib, Version=9.0.0.0, Culture=neutral, PublicKeyToken=7cec85d7bea7798e],[System.String, System.Private.CoreLib, Version=9.0.0.0, Culture=neutral, PublicKeyToken=7cec85d7bea7798e],[System.String, System.Private.CoreLib, Version=9.0.0.0, Culture=neutral, PublicKeyToken=7cec85d7bea7798e],[System.Int32, System.Private.CoreLib, Version=9.0.0.0, Culture=neutral, PublicKeyToken=7cec85d7bea7798e]]'.
2025-08-29 15:42:28.451 +03:30 [INF] Executed action Api.Controllers.TestController.SeedSell (Api) in 7.1608ms
2025-08-29 15:42:28.469 +03:30 [INF] Executed endpoint 'Api.Controllers.TestController.SeedSell (Api)'
2025-08-29 15:42:28.470 +03:30 [INF] HTTP POST /api/test/seed/sell responded 200 in 32.4 ms
2025-08-29 15:42:28.477 +03:30 [INF] Request finished HTTP/1.1 POST http://localhost:5005/api/test/seed/sell - 200 null application/json; charset=utf-8 87.4762ms
2025-08-29 15:42:28.570 +03:30 [INF] Request starting HTTP/1.1 POST http://localhost:5005/api/test/seed/sell - application/json 82
2025-08-29 15:42:28.582 +03:30 [INF] Executing endpoint 'Api.Controllers.TestController.SeedSell (Api)'
2025-08-29 15:42:28.583 +03:30 [INF] Route matched with {action = "SeedSell", controller = "Test"}. Executing controller action with signature Microsoft.AspNetCore.Mvc.IActionResult SeedSell(SeedReq) on controller Api.Controllers.TestController (Api).
2025-08-29 15:42:28.585 +03:30 [INF] Executing action method Api.Controllers.TestController.SeedSell (Api) - Validation state: "Valid"
2025-08-29 15:42:28.587 +03:30 [INF] Executed action method Api.Controllers.TestController.SeedSell (Api), returned result Microsoft.AspNetCore.Mvc.OkObjectResult in 0.0362ms.
2025-08-29 15:42:28.590 +03:30 [INF] Executing OkObjectResult, writing value of type '<>f__AnonymousType2`4[[System.String, System.Private.CoreLib, Version=9.0.0.0, Culture=neutral, PublicKeyToken=7cec85d7bea7798e],[System.String, System.Private.CoreLib, Version=9.0.0.0, Culture=neutral, PublicKeyToken=7cec85d7bea7798e],[System.String, System.Private.CoreLib, Version=9.0.0.0, Culture=neutral, PublicKeyToken=7cec85d7bea7798e],[System.Int32, System.Private.CoreLib, Version=9.0.0.0, Culture=neutral, PublicKeyToken=7cec85d7bea7798e]]'.
2025-08-29 15:42:28.591 +03:30 [INF] Executed action Api.Controllers.TestController.SeedSell (Api) in 6.6961ms
2025-08-29 15:42:28.612 +03:30 [INF] Executed endpoint 'Api.Controllers.TestController.SeedSell (Api)'
2025-08-29 15:42:28.613 +03:30 [INF] HTTP POST /api/test/seed/sell responded 200 in 31.2 ms
2025-08-29 15:42:28.615 +03:30 [INF] Request finished HTTP/1.1 POST http://localhost:5005/api/test/seed/sell - 200 null application/json; charset=utf-8 45.8976ms
2025-08-29 15:42:28.706 +03:30 [INF] Request starting HTTP/1.1 POST http://localhost:5005/api/test/seed/sell - application/json 82
2025-08-29 15:42:28.710 +03:30 [INF] Executing endpoint 'Api.Controllers.TestController.SeedSell (Api)'
2025-08-29 15:42:28.712 +03:30 [INF] Route matched with {action = "SeedSell", controller = "Test"}. Executing controller action with signature Microsoft.AspNetCore.Mvc.IActionResult SeedSell(SeedReq) on controller Api.Controllers.TestController (Api).
2025-08-29 15:42:28.715 +03:30 [INF] Executing action method Api.Controllers.TestController.SeedSell (Api) - Validation state: "Valid"
2025-08-29 15:42:28.716 +03:30 [INF] Executed action method Api.Controllers.TestController.SeedSell (Api), returned result Microsoft.AspNetCore.Mvc.OkObjectResult in 0.0202ms.
2025-08-29 15:42:28.718 +03:30 [INF] Executing OkObjectResult, writing value of type '<>f__AnonymousType2`4[[System.String, System.Private.CoreLib, Version=9.0.0.0, Culture=neutral, PublicKeyToken=7cec85d7bea7798e],[System.String, System.Private.CoreLib, Version=9.0.0.0, Culture=neutral, PublicKeyToken=7cec85d7bea7798e],[System.String, System.Private.CoreLib, Version=9.0.0.0, Culture=neutral, PublicKeyToken=7cec85d7bea7798e],[System.Int32, System.Private.CoreLib, Version=9.0.0.0, Culture=neutral, PublicKeyToken=7cec85d7bea7798e]]'.
2025-08-29 15:42:28.719 +03:30 [INF] Executed action Api.Controllers.TestController.SeedSell (Api) in 4.3371ms
2025-08-29 15:42:28.721 +03:30 [INF] Executed endpoint 'Api.Controllers.TestController.SeedSell (Api)'
2025-08-29 15:42:28.724 +03:30 [INF] HTTP POST /api/test/seed/sell responded 200 in 13.9 ms
2025-08-29 15:42:28.726 +03:30 [INF] Request finished HTTP/1.1 POST http://localhost:5005/api/test/seed/sell - 200 null application/json; charset=utf-8 20.7911ms
2025-08-29 15:42:28.885 +03:30 [INF] Request starting HTTP/1.1 POST http://localhost:5005/api/test/seed/sell - application/json 82
2025-08-29 15:42:28.907 +03:30 [INF] Executing endpoint 'Api.Controllers.TestController.SeedSell (Api)'
2025-08-29 15:42:28.908 +03:30 [INF] Route matched with {action = "SeedSell", controller = "Test"}. Executing controller action with signature Microsoft.AspNetCore.Mvc.IActionResult SeedSell(SeedReq) on controller Api.Controllers.TestController (Api).
2025-08-29 15:42:28.915 +03:30 [INF] Executing action method Api.Controllers.TestController.SeedSell (Api) - Validation state: "Valid"
2025-08-29 15:42:28.916 +03:30 [INF] Executed action method Api.Controllers.TestController.SeedSell (Api), returned result Microsoft.AspNetCore.Mvc.OkObjectResult in 0.02ms.
2025-08-29 15:42:28.919 +03:30 [INF] Executing OkObjectResult, writing value of type '<>f__AnonymousType2`4[[System.String, System.Private.CoreLib, Version=9.0.0.0, Culture=neutral, PublicKeyToken=7cec85d7bea7798e],[System.String, System.Private.CoreLib, Version=9.0.0.0, Culture=neutral, PublicKeyToken=7cec85d7bea7798e],[System.String, System.Private.CoreLib, Version=9.0.0.0, Culture=neutral, PublicKeyToken=7cec85d7bea7798e],[System.Int32, System.Private.CoreLib, Version=9.0.0.0, Culture=neutral, PublicKeyToken=7cec85d7bea7798e]]'.
2025-08-29 15:42:28.923 +03:30 [INF] Executed action Api.Controllers.TestController.SeedSell (Api) in 8.5117ms
2025-08-29 15:42:28.930 +03:30 [INF] Executed endpoint 'Api.Controllers.TestController.SeedSell (Api)'
2025-08-29 15:42:28.932 +03:30 [INF] HTTP POST /api/test/seed/sell responded 200 in 24.6 ms
2025-08-29 15:42:28.934 +03:30 [INF] Request finished HTTP/1.1 POST http://localhost:5005/api/test/seed/sell - 200 null application/json; charset=utf-8 49.2852ms
2025-08-29 15:42:29.074 +03:30 [INF] Request starting HTTP/1.1 POST http://localhost:5005/api/test/seed/sell - application/json 82
2025-08-29 15:42:29.088 +03:30 [INF] Executing endpoint 'Api.Controllers.TestController.SeedSell (Api)'
2025-08-29 15:42:29.091 +03:30 [INF] Route matched with {action = "SeedSell", controller = "Test"}. Executing controller action with signature Microsoft.AspNetCore.Mvc.IActionResult SeedSell(SeedReq) on controller Api.Controllers.TestController (Api).
2025-08-29 15:42:29.099 +03:30 [INF] Executing action method Api.Controllers.TestController.SeedSell (Api) - Validation state: "Valid"
2025-08-29 15:42:29.101 +03:30 [INF] Executed action method Api.Controllers.TestController.SeedSell (Api), returned result Microsoft.AspNetCore.Mvc.OkObjectResult in 0.02ms.
2025-08-29 15:42:29.103 +03:30 [INF] Executing OkObjectResult, writing value of type '<>f__AnonymousType2`4[[System.String, System.Private.CoreLib, Version=9.0.0.0, Culture=neutral, PublicKeyToken=7cec85d7bea7798e],[System.String, System.Private.CoreLib, Version=9.0.0.0, Culture=neutral, PublicKeyToken=7cec85d7bea7798e],[System.String, System.Private.CoreLib, Version=9.0.0.0, Culture=neutral, PublicKeyToken=7cec85d7bea7798e],[System.Int32, System.Private.CoreLib, Version=9.0.0.0, Culture=neutral, PublicKeyToken=7cec85d7bea7798e]]'.
2025-08-29 15:42:29.107 +03:30 [INF] Executed action Api.Controllers.TestController.SeedSell (Api) in 8.4371ms
2025-08-29 15:42:29.116 +03:30 [INF] Executed endpoint 'Api.Controllers.TestController.SeedSell (Api)'
2025-08-29 15:42:29.117 +03:30 [INF] HTTP POST /api/test/seed/sell responded 200 in 29.1 ms
2025-08-29 15:42:29.120 +03:30 [INF] Request finished HTTP/1.1 POST http://localhost:5005/api/test/seed/sell - 200 null application/json; charset=utf-8 45.5096ms
2025-08-29 15:42:29.246 +03:30 [INF] Request starting HTTP/1.1 POST http://localhost:5005/api/test/seed/sell - application/json 82
2025-08-29 15:42:29.251 +03:30 [INF] Executing endpoint 'Api.Controllers.TestController.SeedSell (Api)'
2025-08-29 15:42:29.253 +03:30 [INF] Route matched with {action = "SeedSell", controller = "Test"}. Executing controller action with signature Microsoft.AspNetCore.Mvc.IActionResult SeedSell(SeedReq) on controller Api.Controllers.TestController (Api).
2025-08-29 15:42:29.258 +03:30 [INF] Executing action method Api.Controllers.TestController.SeedSell (Api) - Validation state: "Valid"
2025-08-29 15:42:29.259 +03:30 [INF] Executed action method Api.Controllers.TestController.SeedSell (Api), returned result Microsoft.AspNetCore.Mvc.OkObjectResult in 0.0205ms.
2025-08-29 15:42:29.262 +03:30 [INF] Executing OkObjectResult, writing value of type '<>f__AnonymousType2`4[[System.String, System.Private.CoreLib, Version=9.0.0.0, Culture=neutral, PublicKeyToken=7cec85d7bea7798e],[System.String, System.Private.CoreLib, Version=9.0.0.0, Culture=neutral, PublicKeyToken=7cec85d7bea7798e],[System.String, System.Private.CoreLib, Version=9.0.0.0, Culture=neutral, PublicKeyToken=7cec85d7bea7798e],[System.Int32, System.Private.CoreLib, Version=9.0.0.0, Culture=neutral, PublicKeyToken=7cec85d7bea7798e]]'.
2025-08-29 15:42:29.263 +03:30 [INF] Executed action Api.Controllers.TestController.SeedSell (Api) in 5.7789ms
2025-08-29 15:42:29.269 +03:30 [INF] Executed endpoint 'Api.Controllers.TestController.SeedSell (Api)'
2025-08-29 15:42:29.270 +03:30 [INF] HTTP POST /api/test/seed/sell responded 200 in 19.3 ms
2025-08-29 15:42:29.281 +03:30 [INF] Request finished HTTP/1.1 POST http://localhost:5005/api/test/seed/sell - 200 null application/json; charset=utf-8 34.2545ms
2025-08-29 15:42:29.421 +03:30 [INF] Request starting HTTP/1.1 POST http://localhost:5005/api/test/seed/sell - application/json 82
2025-08-29 15:42:29.432 +03:30 [INF] Executing endpoint 'Api.Controllers.TestController.SeedSell (Api)'
2025-08-29 15:42:29.434 +03:30 [INF] Route matched with {action = "SeedSell", controller = "Test"}. Executing controller action with signature Microsoft.AspNetCore.Mvc.IActionResult SeedSell(SeedReq) on controller Api.Controllers.TestController (Api).
2025-08-29 15:42:29.436 +03:30 [INF] Executing action method Api.Controllers.TestController.SeedSell (Api) - Validation state: "Valid"
2025-08-29 15:42:29.460 +03:30 [INF] Executed action method Api.Controllers.TestController.SeedSell (Api), returned result Microsoft.AspNetCore.Mvc.OkObjectResult in 0.0201ms.
2025-08-29 15:42:29.462 +03:30 [INF] Executing OkObjectResult, writing value of type '<>f__AnonymousType2`4[[System.String, System.Private.CoreLib, Version=9.0.0.0, Culture=neutral, PublicKeyToken=7cec85d7bea7798e],[System.String, System.Private.CoreLib, Version=9.0.0.0, Culture=neutral, PublicKeyToken=7cec85d7bea7798e],[System.String, System.Private.CoreLib, Version=9.0.0.0, Culture=neutral, PublicKeyToken=7cec85d7bea7798e],[System.Int32, System.Private.CoreLib, Version=9.0.0.0, Culture=neutral, PublicKeyToken=7cec85d7bea7798e]]'.
2025-08-29 15:42:29.465 +03:30 [INF] Executed action Api.Controllers.TestController.SeedSell (Api) in 29.0475ms
2025-08-29 15:42:29.467 +03:30 [INF] Executed endpoint 'Api.Controllers.TestController.SeedSell (Api)'
2025-08-29 15:42:29.470 +03:30 [INF] HTTP POST /api/test/seed/sell responded 200 in 37.5 ms
2025-08-29 15:42:29.474 +03:30 [INF] Request finished HTTP/1.1 POST http://localhost:5005/api/test/seed/sell - 200 null application/json; charset=utf-8 53.6046ms
2025-08-29 15:42:29.603 +03:30 [INF] Request starting HTTP/1.1 POST http://localhost:5005/api/test/seed/sell - application/json 82
2025-08-29 15:42:29.648 +03:30 [INF] Executing endpoint 'Api.Controllers.TestController.SeedSell (Api)'
2025-08-29 15:42:29.650 +03:30 [INF] Route matched with {action = "SeedSell", controller = "Test"}. Executing controller action with signature Microsoft.AspNetCore.Mvc.IActionResult SeedSell(SeedReq) on controller Api.Controllers.TestController (Api).
2025-08-29 15:42:29.654 +03:30 [INF] Executing action method Api.Controllers.TestController.SeedSell (Api) - Validation state: "Valid"
2025-08-29 15:42:29.659 +03:30 [INF] Executed action method Api.Controllers.TestController.SeedSell (Api), returned result Microsoft.AspNetCore.Mvc.OkObjectResult in 0.0884ms.
2025-08-29 15:42:29.662 +03:30 [INF] Executing OkObjectResult, writing value of type '<>f__AnonymousType2`4[[System.String, System.Private.CoreLib, Version=9.0.0.0, Culture=neutral, PublicKeyToken=7cec85d7bea7798e],[System.String, System.Private.CoreLib, Version=9.0.0.0, Culture=neutral, PublicKeyToken=7cec85d7bea7798e],[System.String, System.Private.CoreLib, Version=9.0.0.0, Culture=neutral, PublicKeyToken=7cec85d7bea7798e],[System.Int32, System.Private.CoreLib, Version=9.0.0.0, Culture=neutral, PublicKeyToken=7cec85d7bea7798e]]'.
2025-08-29 15:42:29.678 +03:30 [INF] Executed action Api.Controllers.TestController.SeedSell (Api) in 24.0907ms
2025-08-29 15:42:29.686 +03:30 [INF] Executed endpoint 'Api.Controllers.TestController.SeedSell (Api)'
2025-08-29 15:42:29.688 +03:30 [INF] HTTP POST /api/test/seed/sell responded 200 in 39.9 ms
2025-08-29 15:42:29.698 +03:30 [INF] Request finished HTTP/1.1 POST http://localhost:5005/api/test/seed/sell - 200 null application/json; charset=utf-8 95.2024ms
2025-08-29 15:42:29.781 +03:30 [INF] Request starting HTTP/1.1 POST http://localhost:5005/api/test/seed/sell - application/json 82
2025-08-29 15:42:29.785 +03:30 [INF] Executing endpoint 'Api.Controllers.TestController.SeedSell (Api)'
2025-08-29 15:42:29.787 +03:30 [INF] Route matched with {action = "SeedSell", controller = "Test"}. Executing controller action with signature Microsoft.AspNetCore.Mvc.IActionResult SeedSell(SeedReq) on controller Api.Controllers.TestController (Api).
2025-08-29 15:42:29.792 +03:30 [INF] Executing action method Api.Controllers.TestController.SeedSell (Api) - Validation state: "Valid"
2025-08-29 15:42:29.793 +03:30 [INF] Executed action method Api.Controllers.TestController.SeedSell (Api), returned result Microsoft.AspNetCore.Mvc.OkObjectResult in 0.1631ms.
2025-08-29 15:42:29.798 +03:30 [INF] Executing OkObjectResult, writing value of type '<>f__AnonymousType2`4[[System.String, System.Private.CoreLib, Version=9.0.0.0, Culture=neutral, PublicKeyToken=7cec85d7bea7798e],[System.String, System.Private.CoreLib, Version=9.0.0.0, Culture=neutral, PublicKeyToken=7cec85d7bea7798e],[System.String, System.Private.CoreLib, Version=9.0.0.0, Culture=neutral, PublicKeyToken=7cec85d7bea7798e],[System.Int32, System.Private.CoreLib, Version=9.0.0.0, Culture=neutral, PublicKeyToken=7cec85d7bea7798e]]'.
2025-08-29 15:42:29.801 +03:30 [INF] Executed action Api.Controllers.TestController.SeedSell (Api) in 9.4686ms
2025-08-29 15:42:29.830 +03:30 [INF] Executed endpoint 'Api.Controllers.TestController.SeedSell (Api)'
2025-08-29 15:42:29.831 +03:30 [INF] HTTP POST /api/test/seed/sell responded 200 in 46.3 ms
2025-08-29 15:42:29.836 +03:30 [INF] Request finished HTTP/1.1 POST http://localhost:5005/api/test/seed/sell - 200 null application/json; charset=utf-8 54.7729ms
2025-08-29 15:42:29.969 +03:30 [INF] Request starting HTTP/1.1 POST http://localhost:5005/api/test/seed/sell - application/json 82
2025-08-29 15:42:29.981 +03:30 [INF] Executing endpoint 'Api.Controllers.TestController.SeedSell (Api)'
2025-08-29 15:42:29.986 +03:30 [INF] Route matched with {action = "SeedSell", controller = "Test"}. Executing controller action with signature Microsoft.AspNetCore.Mvc.IActionResult SeedSell(SeedReq) on controller Api.Controllers.TestController (Api).
2025-08-29 15:42:29.991 +03:30 [INF] Executing action method Api.Controllers.TestController.SeedSell (Api) - Validation state: "Valid"
2025-08-29 15:42:29.992 +03:30 [INF] Executed action method Api.Controllers.TestController.SeedSell (Api), returned result Microsoft.AspNetCore.Mvc.OkObjectResult in 0.0243ms.
2025-08-29 15:42:29.994 +03:30 [INF] Executing OkObjectResult, writing value of type '<>f__AnonymousType2`4[[System.String, System.Private.CoreLib, Version=9.0.0.0, Culture=neutral, PublicKeyToken=7cec85d7bea7798e],[System.String, System.Private.CoreLib, Version=9.0.0.0, Culture=neutral, PublicKeyToken=7cec85d7bea7798e],[System.String, System.Private.CoreLib, Version=9.0.0.0, Culture=neutral, PublicKeyToken=7cec85d7bea7798e],[System.Int32, System.Private.CoreLib, Version=9.0.0.0, Culture=neutral, PublicKeyToken=7cec85d7bea7798e]]'.
2025-08-29 15:42:29.996 +03:30 [INF] Executed action Api.Controllers.TestController.SeedSell (Api) in 6.1998ms
2025-08-29 15:42:30.000 +03:30 [INF] Executed endpoint 'Api.Controllers.TestController.SeedSell (Api)'
2025-08-29 15:42:30.001 +03:30 [INF] HTTP POST /api/test/seed/sell responded 200 in 20.1 ms
2025-08-29 15:42:30.003 +03:30 [INF] Request finished HTTP/1.1 POST http://localhost:5005/api/test/seed/sell - 200 null application/json; charset=utf-8 33.5392ms
2025-08-29 15:42:30.136 +03:30 [INF] Request starting HTTP/1.1 POST http://localhost:5005/api/test/seed/sell - application/json 82
2025-08-29 15:42:30.144 +03:30 [INF] Executing endpoint 'Api.Controllers.TestController.SeedSell (Api)'
2025-08-29 15:42:30.145 +03:30 [INF] Route matched with {action = "SeedSell", controller = "Test"}. Executing controller action with signature Microsoft.AspNetCore.Mvc.IActionResult SeedSell(SeedReq) on controller Api.Controllers.TestController (Api).
2025-08-29 15:42:30.148 +03:30 [INF] Executing action method Api.Controllers.TestController.SeedSell (Api) - Validation state: "Valid"
2025-08-29 15:42:30.150 +03:30 [INF] Executed action method Api.Controllers.TestController.SeedSell (Api), returned result Microsoft.AspNetCore.Mvc.OkObjectResult in 0.0185ms.
2025-08-29 15:42:30.153 +03:30 [INF] Executing OkObjectResult, writing value of type '<>f__AnonymousType2`4[[System.String, System.Private.CoreLib, Version=9.0.0.0, Culture=neutral, PublicKeyToken=7cec85d7bea7798e],[System.String, System.Private.CoreLib, Version=9.0.0.0, Culture=neutral, PublicKeyToken=7cec85d7bea7798e],[System.String, System.Private.CoreLib, Version=9.0.0.0, Culture=neutral, PublicKeyToken=7cec85d7bea7798e],[System.Int32, System.Private.CoreLib, Version=9.0.0.0, Culture=neutral, PublicKeyToken=7cec85d7bea7798e]]'.
2025-08-29 15:42:30.169 +03:30 [INF] Executed action Api.Controllers.TestController.SeedSell (Api) in 21.1692ms
2025-08-29 15:42:30.177 +03:30 [INF] Executed endpoint 'Api.Controllers.TestController.SeedSell (Api)'
2025-08-29 15:42:30.179 +03:30 [INF] HTTP POST /api/test/seed/sell responded 200 in 35.1 ms
2025-08-29 15:42:30.181 +03:30 [INF] Request finished HTTP/1.1 POST http://localhost:5005/api/test/seed/sell - 200 null application/json; charset=utf-8 45.323ms
2025-08-29 15:42:30.280 +03:30 [INF] Request starting HTTP/1.1 POST http://localhost:5005/api/test/seed/sell - application/json 82
2025-08-29 15:42:30.313 +03:30 [INF] Executing endpoint 'Api.Controllers.TestController.SeedSell (Api)'
2025-08-29 15:42:30.314 +03:30 [INF] Route matched with {action = "SeedSell", controller = "Test"}. Executing controller action with signature Microsoft.AspNetCore.Mvc.IActionResult SeedSell(SeedReq) on controller Api.Controllers.TestController (Api).
2025-08-29 15:42:30.317 +03:30 [INF] Executing action method Api.Controllers.TestController.SeedSell (Api) - Validation state: "Valid"
2025-08-29 15:42:30.318 +03:30 [INF] Executed action method Api.Controllers.TestController.SeedSell (Api), returned result Microsoft.AspNetCore.Mvc.OkObjectResult in 0.02ms.
2025-08-29 15:42:30.320 +03:30 [INF] Executing OkObjectResult, writing value of type '<>f__AnonymousType2`4[[System.String, System.Private.CoreLib, Version=9.0.0.0, Culture=neutral, PublicKeyToken=7cec85d7bea7798e],[System.String, System.Private.CoreLib, Version=9.0.0.0, Culture=neutral, PublicKeyToken=7cec85d7bea7798e],[System.String, System.Private.CoreLib, Version=9.0.0.0, Culture=neutral, PublicKeyToken=7cec85d7bea7798e],[System.Int32, System.Private.CoreLib, Version=9.0.0.0, Culture=neutral, PublicKeyToken=7cec85d7bea7798e]]'.
2025-08-29 15:42:30.323 +03:30 [INF] Executed action Api.Controllers.TestController.SeedSell (Api) in 6.4725ms
2025-08-29 15:42:30.334 +03:30 [INF] Executed endpoint 'Api.Controllers.TestController.SeedSell (Api)'
2025-08-29 15:42:30.336 +03:30 [INF] HTTP POST /api/test/seed/sell responded 200 in 23.6 ms
2025-08-29 15:42:30.362 +03:30 [INF] Request finished HTTP/1.1 POST http://localhost:5005/api/test/seed/sell - 200 null application/json; charset=utf-8 81.7926ms
2025-08-29 15:42:30.476 +03:30 [INF] Request starting HTTP/1.1 POST http://localhost:5005/api/test/seed/sell - application/json 82
2025-08-29 15:42:30.496 +03:30 [INF] Executing endpoint 'Api.Controllers.TestController.SeedSell (Api)'
2025-08-29 15:42:30.498 +03:30 [INF] Route matched with {action = "SeedSell", controller = "Test"}. Executing controller action with signature Microsoft.AspNetCore.Mvc.IActionResult SeedSell(SeedReq) on controller Api.Controllers.TestController (Api).
2025-08-29 15:42:30.501 +03:30 [INF] Executing action method Api.Controllers.TestController.SeedSell (Api) - Validation state: "Valid"
2025-08-29 15:42:30.503 +03:30 [INF] Executed action method Api.Controllers.TestController.SeedSell (Api), returned result Microsoft.AspNetCore.Mvc.OkObjectResult in 0.0223ms.
2025-08-29 15:42:30.507 +03:30 [INF] Executing OkObjectResult, writing value of type '<>f__AnonymousType2`4[[System.String, System.Private.CoreLib, Version=9.0.0.0, Culture=neutral, PublicKeyToken=7cec85d7bea7798e],[System.String, System.Private.CoreLib, Version=9.0.0.0, Culture=neutral, PublicKeyToken=7cec85d7bea7798e],[System.String, System.Private.CoreLib, Version=9.0.0.0, Culture=neutral, PublicKeyToken=7cec85d7bea7798e],[System.Int32, System.Private.CoreLib, Version=9.0.0.0, Culture=neutral, PublicKeyToken=7cec85d7bea7798e]]'.
2025-08-29 15:42:30.510 +03:30 [INF] Executed action Api.Controllers.TestController.SeedSell (Api) in 8.511ms
2025-08-29 15:42:30.514 +03:30 [INF] Executed endpoint 'Api.Controllers.TestController.SeedSell (Api)'
2025-08-29 15:42:30.515 +03:30 [INF] HTTP POST /api/test/seed/sell responded 200 in 19.1 ms
2025-08-29 15:42:30.517 +03:30 [INF] Request finished HTTP/1.1 POST http://localhost:5005/api/test/seed/sell - 200 null application/json; charset=utf-8 41.7681ms
2025-08-29 15:42:30.630 +03:30 [INF] Request starting HTTP/1.1 POST http://localhost:5005/api/test/seed/sell - application/json 82
2025-08-29 15:42:30.670 +03:30 [INF] Executing endpoint 'Api.Controllers.TestController.SeedSell (Api)'
2025-08-29 15:42:30.675 +03:30 [INF] Route matched with {action = "SeedSell", controller = "Test"}. Executing controller action with signature Microsoft.AspNetCore.Mvc.IActionResult SeedSell(SeedReq) on controller Api.Controllers.TestController (Api).
2025-08-29 15:42:30.681 +03:30 [INF] Executing action method Api.Controllers.TestController.SeedSell (Api) - Validation state: "Valid"
2025-08-29 15:42:30.684 +03:30 [INF] Executed action method Api.Controllers.TestController.SeedSell (Api), returned result Microsoft.AspNetCore.Mvc.OkObjectResult in 0.0199ms.
2025-08-29 15:42:30.687 +03:30 [INF] Executing OkObjectResult, writing value of type '<>f__AnonymousType2`4[[System.String, System.Private.CoreLib, Version=9.0.0.0, Culture=neutral, PublicKeyToken=7cec85d7bea7798e],[System.String, System.Private.CoreLib, Version=9.0.0.0, Culture=neutral, PublicKeyToken=7cec85d7bea7798e],[System.String, System.Private.CoreLib, Version=9.0.0.0, Culture=neutral, PublicKeyToken=7cec85d7bea7798e],[System.Int32, System.Private.CoreLib, Version=9.0.0.0, Culture=neutral, PublicKeyToken=7cec85d7bea7798e]]'.
2025-08-29 15:42:30.697 +03:30 [INF] Executed action Api.Controllers.TestController.SeedSell (Api) in 15.9713ms
2025-08-29 15:42:30.705 +03:30 [INF] Executed endpoint 'Api.Controllers.TestController.SeedSell (Api)'
2025-08-29 15:42:30.752 +03:30 [INF] HTTP POST /api/test/seed/sell responded 200 in 81.4 ms
2025-08-29 15:42:30.754 +03:30 [INF] Request finished HTTP/1.1 POST http://localhost:5005/api/test/seed/sell - 200 null application/json; charset=utf-8 124.2185ms
2025-08-29 15:42:30.828 +03:30 [INF] Request starting HTTP/1.1 POST http://localhost:5005/api/test/seed/sell - application/json 82
2025-08-29 15:42:30.832 +03:30 [INF] Executing endpoint 'Api.Controllers.TestController.SeedSell (Api)'
2025-08-29 15:42:30.833 +03:30 [INF] Route matched with {action = "SeedSell", controller = "Test"}. Executing controller action with signature Microsoft.AspNetCore.Mvc.IActionResult SeedSell(SeedReq) on controller Api.Controllers.TestController (Api).
2025-08-29 15:42:30.836 +03:30 [INF] Executing action method Api.Controllers.TestController.SeedSell (Api) - Validation state: "Valid"
2025-08-29 15:42:30.837 +03:30 [INF] Executed action method Api.Controllers.TestController.SeedSell (Api), returned result Microsoft.AspNetCore.Mvc.OkObjectResult in 0.0186ms.
2025-08-29 15:42:30.845 +03:30 [INF] Executing OkObjectResult, writing value of type '<>f__AnonymousType2`4[[System.String, System.Private.CoreLib, Version=9.0.0.0, Culture=neutral, PublicKeyToken=7cec85d7bea7798e],[System.String, System.Private.CoreLib, Version=9.0.0.0, Culture=neutral, PublicKeyToken=7cec85d7bea7798e],[System.String, System.Private.CoreLib, Version=9.0.0.0, Culture=neutral, PublicKeyToken=7cec85d7bea7798e],[System.Int32, System.Private.CoreLib, Version=9.0.0.0, Culture=neutral, PublicKeyToken=7cec85d7bea7798e]]'.
2025-08-29 15:42:30.849 +03:30 [INF] Executed action Api.Controllers.TestController.SeedSell (Api) in 13.7113ms
2025-08-29 15:42:30.883 +03:30 [INF] Executed endpoint 'Api.Controllers.TestController.SeedSell (Api)'
2025-08-29 15:42:30.885 +03:30 [INF] HTTP POST /api/test/seed/sell responded 200 in 53.5 ms
2025-08-29 15:42:30.902 +03:30 [INF] Request finished HTTP/1.1 POST http://localhost:5005/api/test/seed/sell - 200 null application/json; charset=utf-8 74.486ms
2025-08-29 15:42:31.007 +03:30 [INF] Request starting HTTP/1.1 POST http://localhost:5005/api/test/seed/sell - application/json 82
2025-08-29 15:42:31.022 +03:30 [INF] Executing endpoint 'Api.Controllers.TestController.SeedSell (Api)'
2025-08-29 15:42:31.023 +03:30 [INF] Route matched with {action = "SeedSell", controller = "Test"}. Executing controller action with signature Microsoft.AspNetCore.Mvc.IActionResult SeedSell(SeedReq) on controller Api.Controllers.TestController (Api).
2025-08-29 15:42:31.029 +03:30 [INF] Executing action method Api.Controllers.TestController.SeedSell (Api) - Validation state: "Valid"
2025-08-29 15:42:31.030 +03:30 [INF] Executed action method Api.Controllers.TestController.SeedSell (Api), returned result Microsoft.AspNetCore.Mvc.OkObjectResult in 0.0195ms.
2025-08-29 15:42:31.032 +03:30 [INF] Executing OkObjectResult, writing value of type '<>f__AnonymousType2`4[[System.String, System.Private.CoreLib, Version=9.0.0.0, Culture=neutral, PublicKeyToken=7cec85d7bea7798e],[System.String, System.Private.CoreLib, Version=9.0.0.0, Culture=neutral, PublicKeyToken=7cec85d7bea7798e],[System.String, System.Private.CoreLib, Version=9.0.0.0, Culture=neutral, PublicKeyToken=7cec85d7bea7798e],[System.Int32, System.Private.CoreLib, Version=9.0.0.0, Culture=neutral, PublicKeyToken=7cec85d7bea7798e]]'.
2025-08-29 15:42:31.035 +03:30 [INF] Executed action Api.Controllers.TestController.SeedSell (Api) in 5.9731ms
2025-08-29 15:42:31.037 +03:30 [INF] Executed endpoint 'Api.Controllers.TestController.SeedSell (Api)'
2025-08-29 15:42:31.040 +03:30 [INF] HTTP POST /api/test/seed/sell responded 200 in 17.4 ms
2025-08-29 15:42:31.044 +03:30 [INF] Request finished HTTP/1.1 POST http://localhost:5005/api/test/seed/sell - 200 null application/json; charset=utf-8 36.8875ms
2025-08-29 15:42:31.241 +03:30 [INF] Request starting HTTP/1.1 POST http://localhost:5005/api/test/seed/sell - application/json 82
2025-08-29 15:42:31.266 +03:30 [INF] Executing endpoint 'Api.Controllers.TestController.SeedSell (Api)'
2025-08-29 15:42:31.268 +03:30 [INF] Route matched with {action = "SeedSell", controller = "Test"}. Executing controller action with signature Microsoft.AspNetCore.Mvc.IActionResult SeedSell(SeedReq) on controller Api.Controllers.TestController (Api).
2025-08-29 15:42:31.271 +03:30 [INF] Executing action method Api.Controllers.TestController.SeedSell (Api) - Validation state: "Valid"
2025-08-29 15:42:31.275 +03:30 [INF] Executed action method Api.Controllers.TestController.SeedSell (Api), returned result Microsoft.AspNetCore.Mvc.OkObjectResult in 0.3104ms.
2025-08-29 15:42:31.278 +03:30 [INF] Executing OkObjectResult, writing value of type '<>f__AnonymousType2`4[[System.String, System.Private.CoreLib, Version=9.0.0.0, Culture=neutral, PublicKeyToken=7cec85d7bea7798e],[System.String, System.Private.CoreLib, Version=9.0.0.0, Culture=neutral, PublicKeyToken=7cec85d7bea7798e],[System.String, System.Private.CoreLib, Version=9.0.0.0, Culture=neutral, PublicKeyToken=7cec85d7bea7798e],[System.Int32, System.Private.CoreLib, Version=9.0.0.0, Culture=neutral, PublicKeyToken=7cec85d7bea7798e]]'.
2025-08-29 15:42:31.296 +03:30 [INF] Executed action Api.Controllers.TestController.SeedSell (Api) in 25.4668ms
2025-08-29 15:42:31.304 +03:30 [INF] Executed endpoint 'Api.Controllers.TestController.SeedSell (Api)'
2025-08-29 15:42:31.306 +03:30 [INF] HTTP POST /api/test/seed/sell responded 200 in 40.3 ms
2025-08-29 15:42:31.309 +03:30 [INF] Request finished HTTP/1.1 POST http://localhost:5005/api/test/seed/sell - 200 null application/json; charset=utf-8 67.2132ms
2025-08-29 15:42:31.430 +03:30 [INF] Request starting HTTP/1.1 POST http://localhost:5005/api/test/seed/sell - application/json 82
2025-08-29 15:42:31.447 +03:30 [INF] Executing endpoint 'Api.Controllers.TestController.SeedSell (Api)'
2025-08-29 15:42:31.458 +03:30 [INF] Route matched with {action = "SeedSell", controller = "Test"}. Executing controller action with signature Microsoft.AspNetCore.Mvc.IActionResult SeedSell(SeedReq) on controller Api.Controllers.TestController (Api).
2025-08-29 15:42:31.461 +03:30 [INF] Executing action method Api.Controllers.TestController.SeedSell (Api) - Validation state: "Valid"
2025-08-29 15:42:31.463 +03:30 [INF] Executed action method Api.Controllers.TestController.SeedSell (Api), returned result Microsoft.AspNetCore.Mvc.OkObjectResult in 0.0338ms.
2025-08-29 15:42:31.465 +03:30 [INF] Executing OkObjectResult, writing value of type '<>f__AnonymousType2`4[[System.String, System.Private.CoreLib, Version=9.0.0.0, Culture=neutral, PublicKeyToken=7cec85d7bea7798e],[System.String, System.Private.CoreLib, Version=9.0.0.0, Culture=neutral, PublicKeyToken=7cec85d7bea7798e],[System.String, System.Private.CoreLib, Version=9.0.0.0, Culture=neutral, PublicKeyToken=7cec85d7bea7798e],[System.Int32, System.Private.CoreLib, Version=9.0.0.0, Culture=neutral, PublicKeyToken=7cec85d7bea7798e]]'.
2025-08-29 15:42:31.468 +03:30 [INF] Executed action Api.Controllers.TestController.SeedSell (Api) in 7.3933ms
2025-08-29 15:42:31.484 +03:30 [INF] Executed endpoint 'Api.Controllers.TestController.SeedSell (Api)'
2025-08-29 15:42:31.486 +03:30 [INF] HTTP POST /api/test/seed/sell responded 200 in 39.2 ms
2025-08-29 15:42:31.496 +03:30 [INF] Request finished HTTP/1.1 POST http://localhost:5005/api/test/seed/sell - 200 null application/json; charset=utf-8 66.0499ms
2025-08-29 15:42:31.632 +03:30 [INF] Request starting HTTP/1.1 POST http://localhost:5005/api/test/seed/sell - application/json 82
2025-08-29 15:42:31.636 +03:30 [INF] Executing endpoint 'Api.Controllers.TestController.SeedSell (Api)'
2025-08-29 15:42:31.637 +03:30 [INF] Route matched with {action = "SeedSell", controller = "Test"}. Executing controller action with signature Microsoft.AspNetCore.Mvc.IActionResult SeedSell(SeedReq) on controller Api.Controllers.TestController (Api).
2025-08-29 15:42:31.642 +03:30 [INF] Executing action method Api.Controllers.TestController.SeedSell (Api) - Validation state: "Valid"
2025-08-29 15:42:31.645 +03:30 [INF] Executed action method Api.Controllers.TestController.SeedSell (Api), returned result Microsoft.AspNetCore.Mvc.OkObjectResult in 0.0207ms.
2025-08-29 15:42:31.647 +03:30 [INF] Executing OkObjectResult, writing value of type '<>f__AnonymousType2`4[[System.String, System.Private.CoreLib, Version=9.0.0.0, Culture=neutral, PublicKeyToken=7cec85d7bea7798e],[System.String, System.Private.CoreLib, Version=9.0.0.0, Culture=neutral, PublicKeyToken=7cec85d7bea7798e],[System.String, System.Private.CoreLib, Version=9.0.0.0, Culture=neutral, PublicKeyToken=7cec85d7bea7798e],[System.Int32, System.Private.CoreLib, Version=9.0.0.0, Culture=neutral, PublicKeyToken=7cec85d7bea7798e]]'.
2025-08-29 15:42:31.649 +03:30 [INF] Executed action Api.Controllers.TestController.SeedSell (Api) in 7.1879ms
2025-08-29 15:42:31.654 +03:30 [INF] Executed endpoint 'Api.Controllers.TestController.SeedSell (Api)'
2025-08-29 15:42:31.660 +03:30 [INF] HTTP POST /api/test/seed/sell responded 200 in 23.9 ms
2025-08-29 15:42:31.662 +03:30 [INF] Request finished HTTP/1.1 POST http://localhost:5005/api/test/seed/sell - 200 null application/json; charset=utf-8 29.9148ms
2025-08-29 15:42:31.876 +03:30 [INF] Request starting HTTP/1.1 POST http://localhost:5005/api/test/seed/sell - application/json 82
2025-08-29 15:42:31.895 +03:30 [INF] Executing endpoint 'Api.Controllers.TestController.SeedSell (Api)'
2025-08-29 15:42:31.897 +03:30 [INF] Route matched with {action = "SeedSell", controller = "Test"}. Executing controller action with signature Microsoft.AspNetCore.Mvc.IActionResult SeedSell(SeedReq) on controller Api.Controllers.TestController (Api).
2025-08-29 15:42:31.913 +03:30 [INF] Executing action method Api.Controllers.TestController.SeedSell (Api) - Validation state: "Valid"
2025-08-29 15:42:31.914 +03:30 [INF] Executed action method Api.Controllers.TestController.SeedSell (Api), returned result Microsoft.AspNetCore.Mvc.OkObjectResult in 0.0282ms.
2025-08-29 15:42:31.916 +03:30 [INF] Executing OkObjectResult, writing value of type '<>f__AnonymousType2`4[[System.String, System.Private.CoreLib, Version=9.0.0.0, Culture=neutral, PublicKeyToken=7cec85d7bea7798e],[System.String, System.Private.CoreLib, Version=9.0.0.0, Culture=neutral, PublicKeyToken=7cec85d7bea7798e],[System.String, System.Private.CoreLib, Version=9.0.0.0, Culture=neutral, PublicKeyToken=7cec85d7bea7798e],[System.Int32, System.Private.CoreLib, Version=9.0.0.0, Culture=neutral, PublicKeyToken=7cec85d7bea7798e]]'.
2025-08-29 15:42:31.918 +03:30 [INF] Executed action Api.Controllers.TestController.SeedSell (Api) in 5.9156ms
2025-08-29 15:42:31.933 +03:30 [INF] Executed endpoint 'Api.Controllers.TestController.SeedSell (Api)'
2025-08-29 15:42:31.935 +03:30 [INF] HTTP POST /api/test/seed/sell responded 200 in 40.0 ms
2025-08-29 15:42:31.937 +03:30 [INF] Request finished HTTP/1.1 POST http://localhost:5005/api/test/seed/sell - 200 null application/json; charset=utf-8 61.2489ms
2025-08-29 15:42:32.126 +03:30 [INF] Request starting HTTP/1.1 POST http://localhost:5005/api/test/seed/sell - application/json 82
2025-08-29 15:42:32.139 +03:30 [INF] Executing endpoint 'Api.Controllers.TestController.SeedSell (Api)'
2025-08-29 15:42:32.141 +03:30 [INF] Route matched with {action = "SeedSell", controller = "Test"}. Executing controller action with signature Microsoft.AspNetCore.Mvc.IActionResult SeedSell(SeedReq) on controller Api.Controllers.TestController (Api).
2025-08-29 15:42:32.143 +03:30 [INF] Executing action method Api.Controllers.TestController.SeedSell (Api) - Validation state: "Valid"
2025-08-29 15:42:32.145 +03:30 [INF] Executed action method Api.Controllers.TestController.SeedSell (Api), returned result Microsoft.AspNetCore.Mvc.OkObjectResult in 0.0281ms.
2025-08-29 15:42:32.147 +03:30 [INF] Executing OkObjectResult, writing value of type '<>f__AnonymousType2`4[[System.String, System.Private.CoreLib, Version=9.0.0.0, Culture=neutral, PublicKeyToken=7cec85d7bea7798e],[System.String, System.Private.CoreLib, Version=9.0.0.0, Culture=neutral, PublicKeyToken=7cec85d7bea7798e],[System.String, System.Private.CoreLib, Version=9.0.0.0, Culture=neutral, PublicKeyToken=7cec85d7bea7798e],[System.Int32, System.Private.CoreLib, Version=9.0.0.0, Culture=neutral, PublicKeyToken=7cec85d7bea7798e]]'.
2025-08-29 15:42:32.149 +03:30 [INF] Executed action Api.Controllers.TestController.SeedSell (Api) in 5.9459ms
2025-08-29 15:42:32.152 +03:30 [INF] Executed endpoint 'Api.Controllers.TestController.SeedSell (Api)'
2025-08-29 15:42:32.154 +03:30 [INF] HTTP POST /api/test/seed/sell responded 200 in 14.6 ms
2025-08-29 15:42:32.158 +03:30 [INF] Request finished HTTP/1.1 POST http://localhost:5005/api/test/seed/sell - 200 null application/json; charset=utf-8 31.5809ms
2025-08-29 15:42:32.345 +03:30 [INF] Request starting HTTP/1.1 POST http://localhost:5005/api/test/seed/sell - application/json 82
2025-08-29 15:42:32.352 +03:30 [INF] Executing endpoint 'Api.Controllers.TestController.SeedSell (Api)'
2025-08-29 15:42:32.353 +03:30 [INF] Route matched with {action = "SeedSell", controller = "Test"}. Executing controller action with signature Microsoft.AspNetCore.Mvc.IActionResult SeedSell(SeedReq) on controller Api.Controllers.TestController (Api).
2025-08-29 15:42:32.361 +03:30 [INF] Executing action method Api.Controllers.TestController.SeedSell (Api) - Validation state: "Valid"
2025-08-29 15:42:32.363 +03:30 [INF] Executed action method Api.Controllers.TestController.SeedSell (Api), returned result Microsoft.AspNetCore.Mvc.OkObjectResult in 0.027ms.
2025-08-29 15:42:32.366 +03:30 [INF] Executing OkObjectResult, writing value of type '<>f__AnonymousType2`4[[System.String, System.Private.CoreLib, Version=9.0.0.0, Culture=neutral, PublicKeyToken=7cec85d7bea7798e],[System.String, System.Private.CoreLib, Version=9.0.0.0, Culture=neutral, PublicKeyToken=7cec85d7bea7798e],[System.String, System.Private.CoreLib, Version=9.0.0.0, Culture=neutral, PublicKeyToken=7cec85d7bea7798e],[System.Int32, System.Private.CoreLib, Version=9.0.0.0, Culture=neutral, PublicKeyToken=7cec85d7bea7798e]]'.
2025-08-29 15:42:32.369 +03:30 [INF] Executed action Api.Controllers.TestController.SeedSell (Api) in 7.9799ms
2025-08-29 15:42:32.371 +03:30 [INF] Executed endpoint 'Api.Controllers.TestController.SeedSell (Api)'
2025-08-29 15:42:32.376 +03:30 [INF] HTTP POST /api/test/seed/sell responded 200 in 23.7 ms
2025-08-29 15:42:32.380 +03:30 [INF] Request finished HTTP/1.1 POST http://localhost:5005/api/test/seed/sell - 200 null application/json; charset=utf-8 34.9377ms
2025-08-29 15:42:32.523 +03:30 [INF] Request starting HTTP/1.1 POST http://localhost:5005/api/test/seed/sell - application/json 82
2025-08-29 15:42:32.527 +03:30 [INF] Executing endpoint 'Api.Controllers.TestController.SeedSell (Api)'
2025-08-29 15:42:32.529 +03:30 [INF] Route matched with {action = "SeedSell", controller = "Test"}. Executing controller action with signature Microsoft.AspNetCore.Mvc.IActionResult SeedSell(SeedReq) on controller Api.Controllers.TestController (Api).
2025-08-29 15:42:32.531 +03:30 [INF] Executing action method Api.Controllers.TestController.SeedSell (Api) - Validation state: "Valid"
2025-08-29 15:42:32.533 +03:30 [INF] Executed action method Api.Controllers.TestController.SeedSell (Api), returned result Microsoft.AspNetCore.Mvc.OkObjectResult in 0.021ms.
2025-08-29 15:42:32.535 +03:30 [INF] Executing OkObjectResult, writing value of type '<>f__AnonymousType2`4[[System.String, System.Private.CoreLib, Version=9.0.0.0, Culture=neutral, PublicKeyToken=7cec85d7bea7798e],[System.String, System.Private.CoreLib, Version=9.0.0.0, Culture=neutral, PublicKeyToken=7cec85d7bea7798e],[System.String, System.Private.CoreLib, Version=9.0.0.0, Culture=neutral, PublicKeyToken=7cec85d7bea7798e],[System.Int32, System.Private.CoreLib, Version=9.0.0.0, Culture=neutral, PublicKeyToken=7cec85d7bea7798e]]'.
2025-08-29 15:42:32.548 +03:30 [INF] Executed action Api.Controllers.TestController.SeedSell (Api) in 17.4247ms
2025-08-29 15:42:32.552 +03:30 [INF] Executed endpoint 'Api.Controllers.TestController.SeedSell (Api)'
2025-08-29 15:42:32.564 +03:30 [INF] HTTP POST /api/test/seed/sell responded 200 in 36.8 ms
2025-08-29 15:42:32.566 +03:30 [INF] Request finished HTTP/1.1 POST http://localhost:5005/api/test/seed/sell - 200 null application/json; charset=utf-8 42.8725ms
2025-08-29 15:42:32.725 +03:30 [INF] Request starting HTTP/1.1 POST http://localhost:5005/api/test/seed/sell - application/json 82
2025-08-29 15:42:32.733 +03:30 [INF] Executing endpoint 'Api.Controllers.TestController.SeedSell (Api)'
2025-08-29 15:42:32.734 +03:30 [INF] Route matched with {action = "SeedSell", controller = "Test"}. Executing controller action with signature Microsoft.AspNetCore.Mvc.IActionResult SeedSell(SeedReq) on controller Api.Controllers.TestController (Api).
2025-08-29 15:42:32.737 +03:30 [INF] Executing action method Api.Controllers.TestController.SeedSell (Api) - Validation state: "Valid"
2025-08-29 15:42:32.739 +03:30 [INF] Executed action method Api.Controllers.TestController.SeedSell (Api), returned result Microsoft.AspNetCore.Mvc.OkObjectResult in 0.0216ms.
2025-08-29 15:42:32.741 +03:30 [INF] Executing OkObjectResult, writing value of type '<>f__AnonymousType2`4[[System.String, System.Private.CoreLib, Version=9.0.0.0, Culture=neutral, PublicKeyToken=7cec85d7bea7798e],[System.String, System.Private.CoreLib, Version=9.0.0.0, Culture=neutral, PublicKeyToken=7cec85d7bea7798e],[System.String, System.Private.CoreLib, Version=9.0.0.0, Culture=neutral, PublicKeyToken=7cec85d7bea7798e],[System.Int32, System.Private.CoreLib, Version=9.0.0.0, Culture=neutral, PublicKeyToken=7cec85d7bea7798e]]'.
2025-08-29 15:42:32.749 +03:30 [INF] Executed action Api.Controllers.TestController.SeedSell (Api) in 12.9829ms
2025-08-29 15:42:32.752 +03:30 [INF] Executed endpoint 'Api.Controllers.TestController.SeedSell (Api)'
2025-08-29 15:42:32.754 +03:30 [INF] HTTP POST /api/test/seed/sell responded 200 in 21.8 ms
2025-08-29 15:42:32.757 +03:30 [INF] Request finished HTTP/1.1 POST http://localhost:5005/api/test/seed/sell - 200 null application/json; charset=utf-8 31.9674ms
2025-08-29 15:42:32.941 +03:30 [INF] Request starting HTTP/1.1 POST http://localhost:5005/api/test/seed/sell - application/json 82
2025-08-29 15:42:32.947 +03:30 [INF] Executing endpoint 'Api.Controllers.TestController.SeedSell (Api)'
2025-08-29 15:42:32.967 +03:30 [INF] Route matched with {action = "SeedSell", controller = "Test"}. Executing controller action with signature Microsoft.AspNetCore.Mvc.IActionResult SeedSell(SeedReq) on controller Api.Controllers.TestController (Api).
2025-08-29 15:42:32.971 +03:30 [INF] Executing action method Api.Controllers.TestController.SeedSell (Api) - Validation state: "Valid"
2025-08-29 15:42:32.973 +03:30 [INF] Executed action method Api.Controllers.TestController.SeedSell (Api), returned result Microsoft.AspNetCore.Mvc.OkObjectResult in 0.0224ms.
2025-08-29 15:42:32.975 +03:30 [INF] Executing OkObjectResult, writing value of type '<>f__AnonymousType2`4[[System.String, System.Private.CoreLib, Version=9.0.0.0, Culture=neutral, PublicKeyToken=7cec85d7bea7798e],[System.String, System.Private.CoreLib, Version=9.0.0.0, Culture=neutral, PublicKeyToken=7cec85d7bea7798e],[System.String, System.Private.CoreLib, Version=9.0.0.0, Culture=neutral, PublicKeyToken=7cec85d7bea7798e],[System.Int32, System.Private.CoreLib, Version=9.0.0.0, Culture=neutral, PublicKeyToken=7cec85d7bea7798e]]'.
2025-08-29 15:42:32.977 +03:30 [INF] Executed action Api.Controllers.TestController.SeedSell (Api) in 6.2561ms
2025-08-29 15:42:32.979 +03:30 [INF] Executed endpoint 'Api.Controllers.TestController.SeedSell (Api)'
2025-08-29 15:42:32.982 +03:30 [INF] HTTP POST /api/test/seed/sell responded 200 in 34.9 ms
2025-08-29 15:42:32.984 +03:30 [INF] Request finished HTTP/1.1 POST http://localhost:5005/api/test/seed/sell - 200 null application/json; charset=utf-8 42.2999ms
2025-08-29 15:42:33.198 +03:30 [INF] Request starting HTTP/1.1 POST http://localhost:5005/api/test/seed/sell - application/json 82
2025-08-29 15:42:33.216 +03:30 [INF] Executing endpoint 'Api.Controllers.TestController.SeedSell (Api)'
2025-08-29 15:42:33.217 +03:30 [INF] Route matched with {action = "SeedSell", controller = "Test"}. Executing controller action with signature Microsoft.AspNetCore.Mvc.IActionResult SeedSell(SeedReq) on controller Api.Controllers.TestController (Api).
2025-08-29 15:42:33.220 +03:30 [INF] Executing action method Api.Controllers.TestController.SeedSell (Api) - Validation state: "Valid"
2025-08-29 15:42:33.224 +03:30 [INF] Executed action method Api.Controllers.TestController.SeedSell (Api), returned result Microsoft.AspNetCore.Mvc.OkObjectResult in 0.0215ms.
2025-08-29 15:42:33.226 +03:30 [INF] Executing OkObjectResult, writing value of type '<>f__AnonymousType2`4[[System.String, System.Private.CoreLib, Version=9.0.0.0, Culture=neutral, PublicKeyToken=7cec85d7bea7798e],[System.String, System.Private.CoreLib, Version=9.0.0.0, Culture=neutral, PublicKeyToken=7cec85d7bea7798e],[System.String, System.Private.CoreLib, Version=9.0.0.0, Culture=neutral, PublicKeyToken=7cec85d7bea7798e],[System.Int32, System.Private.CoreLib, Version=9.0.0.0, Culture=neutral, PublicKeyToken=7cec85d7bea7798e]]'.
2025-08-29 15:42:33.228 +03:30 [INF] Executed action Api.Controllers.TestController.SeedSell (Api) in 8.7553ms
2025-08-29 15:42:33.231 +03:30 [INF] Executed endpoint 'Api.Controllers.TestController.SeedSell (Api)'
2025-08-29 15:42:33.233 +03:30 [INF] HTTP POST /api/test/seed/sell responded 200 in 17.3 ms
2025-08-29 15:42:33.236 +03:30 [INF] Request finished HTTP/1.1 POST http://localhost:5005/api/test/seed/sell - 200 null application/json; charset=utf-8 37.5669ms
2025-08-29 15:42:33.445 +03:30 [INF] Request starting HTTP/1.1 POST http://localhost:5005/api/test/seed/sell - application/json 82
2025-08-29 15:42:33.452 +03:30 [INF] Executing endpoint 'Api.Controllers.TestController.SeedSell (Api)'
2025-08-29 15:42:33.454 +03:30 [INF] Route matched with {action = "SeedSell", controller = "Test"}. Executing controller action with signature Microsoft.AspNetCore.Mvc.IActionResult SeedSell(SeedReq) on controller Api.Controllers.TestController (Api).
2025-08-29 15:42:33.468 +03:30 [INF] Executing action method Api.Controllers.TestController.SeedSell (Api) - Validation state: "Valid"
2025-08-29 15:42:33.470 +03:30 [INF] Executed action method Api.Controllers.TestController.SeedSell (Api), returned result Microsoft.AspNetCore.Mvc.OkObjectResult in 0.0198ms.
2025-08-29 15:42:33.477 +03:30 [INF] Executing OkObjectResult, writing value of type '<>f__AnonymousType2`4[[System.String, System.Private.CoreLib, Version=9.0.0.0, Culture=neutral, PublicKeyToken=7cec85d7bea7798e],[System.String, System.Private.CoreLib, Version=9.0.0.0, Culture=neutral, PublicKeyToken=7cec85d7bea7798e],[System.String, System.Private.CoreLib, Version=9.0.0.0, Culture=neutral, PublicKeyToken=7cec85d7bea7798e],[System.Int32, System.Private.CoreLib, Version=9.0.0.0, Culture=neutral, PublicKeyToken=7cec85d7bea7798e]]'.
2025-08-29 15:42:33.479 +03:30 [INF] Executed action Api.Controllers.TestController.SeedSell (Api) in 11.2403ms
2025-08-29 15:42:33.481 +03:30 [INF] Executed endpoint 'Api.Controllers.TestController.SeedSell (Api)'
2025-08-29 15:42:33.483 +03:30 [INF] HTTP POST /api/test/seed/sell responded 200 in 30.4 ms
2025-08-29 15:42:33.485 +03:30 [INF] Request finished HTTP/1.1 POST http://localhost:5005/api/test/seed/sell - 200 null application/json; charset=utf-8 40.3001ms
2025-08-29 15:42:33.683 +03:30 [INF] Request starting HTTP/1.1 POST http://localhost:5005/api/test/seed/sell - application/json 82
2025-08-29 15:42:33.694 +03:30 [INF] Executing endpoint 'Api.Controllers.TestController.SeedSell (Api)'
2025-08-29 15:42:33.697 +03:30 [INF] Route matched with {action = "SeedSell", controller = "Test"}. Executing controller action with signature Microsoft.AspNetCore.Mvc.IActionResult SeedSell(SeedReq) on controller Api.Controllers.TestController (Api).
2025-08-29 15:42:33.701 +03:30 [INF] Executing action method Api.Controllers.TestController.SeedSell (Api) - Validation state: "Valid"
2025-08-29 15:42:33.703 +03:30 [INF] Executed action method Api.Controllers.TestController.SeedSell (Api), returned result Microsoft.AspNetCore.Mvc.OkObjectResult in 0.0222ms.
2025-08-29 15:42:33.707 +03:30 [INF] Executing OkObjectResult, writing value of type '<>f__AnonymousType2`4[[System.String, System.Private.CoreLib, Version=9.0.0.0, Culture=neutral, PublicKeyToken=7cec85d7bea7798e],[System.String, System.Private.CoreLib, Version=9.0.0.0, Culture=neutral, PublicKeyToken=7cec85d7bea7798e],[System.String, System.Private.CoreLib, Version=9.0.0.0, Culture=neutral, PublicKeyToken=7cec85d7bea7798e],[System.Int32, System.Private.CoreLib, Version=9.0.0.0, Culture=neutral, PublicKeyToken=7cec85d7bea7798e]]'.
2025-08-29 15:42:33.710 +03:30 [INF] Executed action Api.Controllers.TestController.SeedSell (Api) in 9.0722ms
2025-08-29 15:42:33.714 +03:30 [INF] Executed endpoint 'Api.Controllers.TestController.SeedSell (Api)'
2025-08-29 15:42:33.716 +03:30 [INF] HTTP POST /api/test/seed/sell responded 200 in 21.8 ms
2025-08-29 15:42:33.719 +03:30 [INF] Request finished HTTP/1.1 POST http://localhost:5005/api/test/seed/sell - 200 null application/json; charset=utf-8 36.04ms
2025-08-29 15:42:33.918 +03:30 [INF] Request starting HTTP/1.1 POST http://localhost:5005/api/test/seed/sell - application/json 82
2025-08-29 15:42:33.947 +03:30 [INF] Executing endpoint 'Api.Controllers.TestController.SeedSell (Api)'
2025-08-29 15:42:33.948 +03:30 [INF] Route matched with {action = "SeedSell", controller = "Test"}. Executing controller action with signature Microsoft.AspNetCore.Mvc.IActionResult SeedSell(SeedReq) on controller Api.Controllers.TestController (Api).
2025-08-29 15:42:33.951 +03:30 [INF] Executing action method Api.Controllers.TestController.SeedSell (Api) - Validation state: "Valid"
2025-08-29 15:42:33.955 +03:30 [INF] Executed action method Api.Controllers.TestController.SeedSell (Api), returned result Microsoft.AspNetCore.Mvc.OkObjectResult in 0.0192ms.
2025-08-29 15:42:33.962 +03:30 [INF] Executing OkObjectResult, writing value of type '<>f__AnonymousType2`4[[System.String, System.Private.CoreLib, Version=9.0.0.0, Culture=neutral, PublicKeyToken=7cec85d7bea7798e],[System.String, System.Private.CoreLib, Version=9.0.0.0, Culture=neutral, PublicKeyToken=7cec85d7bea7798e],[System.String, System.Private.CoreLib, Version=9.0.0.0, Culture=neutral, PublicKeyToken=7cec85d7bea7798e],[System.Int32, System.Private.CoreLib, Version=9.0.0.0, Culture=neutral, PublicKeyToken=7cec85d7bea7798e]]'.
2025-08-29 15:42:33.965 +03:30 [INF] Executed action Api.Controllers.TestController.SeedSell (Api) in 13.8769ms
2025-08-29 15:42:33.970 +03:30 [INF] Executed endpoint 'Api.Controllers.TestController.SeedSell (Api)'
2025-08-29 15:42:33.974 +03:30 [INF] HTTP POST /api/test/seed/sell responded 200 in 27.6 ms
2025-08-29 15:42:33.982 +03:30 [INF] Request finished HTTP/1.1 POST http://localhost:5005/api/test/seed/sell - 200 null application/json; charset=utf-8 63.9431ms
2025-08-29 15:42:34.303 +03:30 [INF] Request starting HTTP/1.1 POST http://localhost:5005/api/test/seed/sell - application/json 82
2025-08-29 15:42:34.321 +03:30 [INF] Executing endpoint 'Api.Controllers.TestController.SeedSell (Api)'
2025-08-29 15:42:34.323 +03:30 [INF] Route matched with {action = "SeedSell", controller = "Test"}. Executing controller action with signature Microsoft.AspNetCore.Mvc.IActionResult SeedSell(SeedReq) on controller Api.Controllers.TestController (Api).
2025-08-29 15:42:34.326 +03:30 [INF] Executing action method Api.Controllers.TestController.SeedSell (Api) - Validation state: "Valid"
2025-08-29 15:42:34.329 +03:30 [INF] Executed action method Api.Controllers.TestController.SeedSell (Api), returned result Microsoft.AspNetCore.Mvc.OkObjectResult in 0.0313ms.
2025-08-29 15:42:34.331 +03:30 [INF] Executing OkObjectResult, writing value of type '<>f__AnonymousType2`4[[System.String, System.Private.CoreLib, Version=9.0.0.0, Culture=neutral, PublicKeyToken=7cec85d7bea7798e],[System.String, System.Private.CoreLib, Version=9.0.0.0, Culture=neutral, PublicKeyToken=7cec85d7bea7798e],[System.String, System.Private.CoreLib, Version=9.0.0.0, Culture=neutral, PublicKeyToken=7cec85d7bea7798e],[System.Int32, System.Private.CoreLib, Version=9.0.0.0, Culture=neutral, PublicKeyToken=7cec85d7bea7798e]]'.
2025-08-29 15:42:34.334 +03:30 [INF] Executed action Api.Controllers.TestController.SeedSell (Api) in 7.7248ms
2025-08-29 15:42:34.341 +03:30 [INF] Executed endpoint 'Api.Controllers.TestController.SeedSell (Api)'
2025-08-29 15:42:34.384 +03:30 [INF] HTTP POST /api/test/seed/sell responded 200 in 62.6 ms
2025-08-29 15:42:34.386 +03:30 [INF] Request finished HTTP/1.1 POST http://localhost:5005/api/test/seed/sell - 200 null application/json; charset=utf-8 82.5105ms
2025-08-29 15:42:34.544 +03:30 [INF] Request starting HTTP/1.1 POST http://localhost:5005/api/test/seed/sell - application/json 82
2025-08-29 15:42:34.548 +03:30 [INF] Executing endpoint 'Api.Controllers.TestController.SeedSell (Api)'
2025-08-29 15:42:34.550 +03:30 [INF] Route matched with {action = "SeedSell", controller = "Test"}. Executing controller action with signature Microsoft.AspNetCore.Mvc.IActionResult SeedSell(SeedReq) on controller Api.Controllers.TestController (Api).
2025-08-29 15:42:34.553 +03:30 [INF] Executing action method Api.Controllers.TestController.SeedSell (Api) - Validation state: "Valid"
2025-08-29 15:42:34.558 +03:30 [INF] Executed action method Api.Controllers.TestController.SeedSell (Api), returned result Microsoft.AspNetCore.Mvc.OkObjectResult in 0.0233ms.
2025-08-29 15:42:34.560 +03:30 [INF] Executing OkObjectResult, writing value of type '<>f__AnonymousType2`4[[System.String, System.Private.CoreLib, Version=9.0.0.0, Culture=neutral, PublicKeyToken=7cec85d7bea7798e],[System.String, System.Private.CoreLib, Version=9.0.0.0, Culture=neutral, PublicKeyToken=7cec85d7bea7798e],[System.String, System.Private.CoreLib, Version=9.0.0.0, Culture=neutral, PublicKeyToken=7cec85d7bea7798e],[System.Int32, System.Private.CoreLib, Version=9.0.0.0, Culture=neutral, PublicKeyToken=7cec85d7bea7798e]]'.
2025-08-29 15:42:34.563 +03:30 [INF] Executed action Api.Controllers.TestController.SeedSell (Api) in 10.5908ms
2025-08-29 15:42:34.568 +03:30 [INF] Executed endpoint 'Api.Controllers.TestController.SeedSell (Api)'
2025-08-29 15:42:34.569 +03:30 [INF] HTTP POST /api/test/seed/sell responded 200 in 21.1 ms
2025-08-29 15:42:34.574 +03:30 [INF] Request finished HTTP/1.1 POST http://localhost:5005/api/test/seed/sell - 200 null application/json; charset=utf-8 29.7148ms
2025-08-29 15:42:34.762 +03:30 [INF] Request starting HTTP/1.1 POST http://localhost:5005/api/test/seed/sell - application/json 82
2025-08-29 15:42:34.773 +03:30 [INF] Request finished HTTP/1.1 POST http://localhost:5005/api/test/seed/sell - 429 0 null 11.5623ms
2025-08-29 15:42:34.915 +03:30 [INF] Request starting HTTP/1.1 POST http://localhost:5005/api/test/seed/sell - application/json 82
2025-08-29 15:42:34.945 +03:30 [INF] Request finished HTTP/1.1 POST http://localhost:5005/api/test/seed/sell - 429 0 null 29.4322ms
2025-08-29 15:42:35.086 +03:30 [INF] Request starting HTTP/1.1 POST http://localhost:5005/api/test/seed/sell - application/json 82
2025-08-29 15:42:35.097 +03:30 [INF] Request finished HTTP/1.1 POST http://localhost:5005/api/test/seed/sell - 429 0 null 11.3277ms
2025-08-29 15:42:35.285 +03:30 [INF] Request starting HTTP/1.1 POST http://localhost:5005/api/test/seed/sell - application/json 82
2025-08-29 15:42:35.291 +03:30 [INF] Request finished HTTP/1.1 POST http://localhost:5005/api/test/seed/sell - 429 0 null 6.1615ms
2025-08-29 15:42:35.498 +03:30 [INF] Request starting HTTP/1.1 POST http://localhost:5005/api/test/seed/sell - application/json 82
2025-08-29 15:42:35.515 +03:30 [INF] Request finished HTTP/1.1 POST http://localhost:5005/api/test/seed/sell - 429 0 null 17.5233ms
2025-08-29 15:42:43.145 +03:30 [INF] Request starting HTTP/1.1 POST http://localhost:5005/api/test/seed/sell - application/json 82
2025-08-29 15:42:43.149 +03:30 [INF] Request finished HTTP/1.1 POST http://localhost:5005/api/test/seed/sell - 429 0 null 4.0391ms
2025-08-29 15:42:57.514 +03:30 [INF] Request starting HTTP/1.1 POST http://localhost:5005/api/test/seed/sell - application/json 82
2025-08-29 15:42:57.523 +03:30 [INF] Executing endpoint 'Api.Controllers.TestController.SeedSell (Api)'
2025-08-29 15:42:57.531 +03:30 [INF] Route matched with {action = "SeedSell", controller = "Test"}. Executing controller action with signature Microsoft.AspNetCore.Mvc.IActionResult SeedSell(SeedReq) on controller Api.Controllers.TestController (Api).
2025-08-29 15:42:57.545 +03:30 [INF] Executing action method Api.Controllers.TestController.SeedSell (Api) - Validation state: "Valid"
2025-08-29 15:42:57.547 +03:30 [INF] Executed action method Api.Controllers.TestController.SeedSell (Api), returned result Microsoft.AspNetCore.Mvc.OkObjectResult in 0.0256ms.
2025-08-29 15:42:57.553 +03:30 [INF] Executing OkObjectResult, writing value of type '<>f__AnonymousType2`4[[System.String, System.Private.CoreLib, Version=9.0.0.0, Culture=neutral, PublicKeyToken=7cec85d7bea7798e],[System.String, System.Private.CoreLib, Version=9.0.0.0, Culture=neutral, PublicKeyToken=7cec85d7bea7798e],[System.String, System.Private.CoreLib, Version=9.0.0.0, Culture=neutral, PublicKeyToken=7cec85d7bea7798e],[System.Int32, System.Private.CoreLib, Version=9.0.0.0, Culture=neutral, PublicKeyToken=7cec85d7bea7798e]]'.
2025-08-29 15:42:57.560 +03:30 [INF] Executed action Api.Controllers.TestController.SeedSell (Api) in 15.2388ms
2025-08-29 15:42:57.581 +03:30 [INF] Executed endpoint 'Api.Controllers.TestController.SeedSell (Api)'
2025-08-29 15:42:57.583 +03:30 [INF] HTTP POST /api/test/seed/sell responded 200 in 59.7 ms
2025-08-29 15:42:57.585 +03:30 [INF] Request finished HTTP/1.1 POST http://localhost:5005/api/test/seed/sell - 200 null application/json; charset=utf-8 71.7761ms
2025-08-29 15:43:00.116 +03:30 [INF] Request starting HTTP/1.1 POST http://localhost:5005/api/test/seed/sell - application/json 82
2025-08-29 15:43:00.122 +03:30 [INF] Executing endpoint 'Api.Controllers.TestController.SeedSell (Api)'
2025-08-29 15:43:00.125 +03:30 [INF] Route matched with {action = "SeedSell", controller = "Test"}. Executing controller action with signature Microsoft.AspNetCore.Mvc.IActionResult SeedSell(SeedReq) on controller Api.Controllers.TestController (Api).
2025-08-29 15:43:00.130 +03:30 [INF] Executing action method Api.Controllers.TestController.SeedSell (Api) - Validation state: "Valid"
2025-08-29 15:43:00.131 +03:30 [INF] Executed action method Api.Controllers.TestController.SeedSell (Api), returned result Microsoft.AspNetCore.Mvc.OkObjectResult in 0.0253ms.
2025-08-29 15:43:00.134 +03:30 [INF] Executing OkObjectResult, writing value of type '<>f__AnonymousType2`4[[System.String, System.Private.CoreLib, Version=9.0.0.0, Culture=neutral, PublicKeyToken=7cec85d7bea7798e],[System.String, System.Private.CoreLib, Version=9.0.0.0, Culture=neutral, PublicKeyToken=7cec85d7bea7798e],[System.String, System.Private.CoreLib, Version=9.0.0.0, Culture=neutral, PublicKeyToken=7cec85d7bea7798e],[System.Int32, System.Private.CoreLib, Version=9.0.0.0, Culture=neutral, PublicKeyToken=7cec85d7bea7798e]]'.
2025-08-29 15:43:00.136 +03:30 [INF] Executed action Api.Controllers.TestController.SeedSell (Api) in 6.0471ms
2025-08-29 15:43:00.152 +03:30 [INF] Executed endpoint 'Api.Controllers.TestController.SeedSell (Api)'
2025-08-29 15:43:00.154 +03:30 [INF] HTTP POST /api/test/seed/sell responded 200 in 32.2 ms
2025-08-29 15:43:00.158 +03:30 [INF] Request finished HTTP/1.1 POST http://localhost:5005/api/test/seed/sell - 200 null application/json; charset=utf-8 41.8597ms
2025-08-29 15:43:16.233 +03:30 [INF] Request starting HTTP/1.1 POST http://localhost:5005/api/test/seed/sell - application/json 123
2025-08-29 15:43:16.238 +03:30 [INF] Executing endpoint 'Api.Controllers.TestController.SeedSell (Api)'
2025-08-29 15:43:16.240 +03:30 [INF] Route matched with {action = "SeedSell", controller = "Test"}. Executing controller action with signature Microsoft.AspNetCore.Mvc.IActionResult SeedSell(SeedReq) on controller Api.Controllers.TestController (Api).
2025-08-29 15:43:16.247 +03:30 [INF] Executing action method Api.Controllers.TestController.SeedSell (Api) - Validation state: "Valid"
2025-08-29 15:43:16.249 +03:30 [INF] Executed action method Api.Controllers.TestController.SeedSell (Api), returned result Microsoft.AspNetCore.Mvc.OkObjectResult in 0.0273ms.
2025-08-29 15:43:16.268 +03:30 [INF] Executing OkObjectResult, writing value of type '<>f__AnonymousType2`4[[System.String, System.Private.CoreLib, Version=9.0.0.0, Culture=neutral, PublicKeyToken=7cec85d7bea7798e],[System.String, System.Private.CoreLib, Version=9.0.0.0, Culture=neutral, PublicKeyToken=7cec85d7bea7798e],[System.String, System.Private.CoreLib, Version=9.0.0.0, Culture=neutral, PublicKeyToken=7cec85d7bea7798e],[System.Int32, System.Private.CoreLib, Version=9.0.0.0, Culture=neutral, PublicKeyToken=7cec85d7bea7798e]]'.
2025-08-29 15:43:16.274 +03:30 [INF] Executed action Api.Controllers.TestController.SeedSell (Api) in 27.499ms
2025-08-29 15:43:16.298 +03:30 [INF] Executed endpoint 'Api.Controllers.TestController.SeedSell (Api)'
2025-08-29 15:43:16.300 +03:30 [INF] HTTP POST /api/test/seed/sell responded 200 in 62.0 ms
2025-08-29 15:43:16.310 +03:30 [INF] Request finished HTTP/1.1 POST http://localhost:5005/api/test/seed/sell - 200 null application/json; charset=utf-8 76.2886ms
2025-08-29 15:43:29.128 +03:30 [INF] Request starting HTTP/1.1 POST http://localhost:5005/api/test/seed/sell - application/json 123
2025-08-29 15:43:29.132 +03:30 [INF] Executing endpoint 'Api.Controllers.TestController.SeedSell (Api)'
2025-08-29 15:43:29.148 +03:30 [INF] Route matched with {action = "SeedSell", controller = "Test"}. Executing controller action with signature Microsoft.AspNetCore.Mvc.IActionResult SeedSell(SeedReq) on controller Api.Controllers.TestController (Api).
2025-08-29 15:43:29.158 +03:30 [INF] Executing action method Api.Controllers.TestController.SeedSell (Api) - Validation state: "Valid"
2025-08-29 15:43:29.163 +03:30 [INF] Executed action method Api.Controllers.TestController.SeedSell (Api), returned result Microsoft.AspNetCore.Mvc.OkObjectResult in 0.026ms.
2025-08-29 15:43:29.166 +03:30 [INF] Executing OkObjectResult, writing value of type '<>f__AnonymousType2`4[[System.String, System.Private.CoreLib, Version=9.0.0.0, Culture=neutral, PublicKeyToken=7cec85d7bea7798e],[System.String, System.Private.CoreLib, Version=9.0.0.0, Culture=neutral, PublicKeyToken=7cec85d7bea7798e],[System.String, System.Private.CoreLib, Version=9.0.0.0, Culture=neutral, PublicKeyToken=7cec85d7bea7798e],[System.Int32, System.Private.CoreLib, Version=9.0.0.0, Culture=neutral, PublicKeyToken=7cec85d7bea7798e]]'.
2025-08-29 15:43:29.170 +03:30 [INF] Executed action Api.Controllers.TestController.SeedSell (Api) in 12.2795ms
2025-08-29 15:43:29.181 +03:30 [INF] Executed endpoint 'Api.Controllers.TestController.SeedSell (Api)'
2025-08-29 15:43:29.184 +03:30 [INF] HTTP POST /api/test/seed/sell responded 200 in 52.3 ms
2025-08-29 15:43:29.197 +03:30 [INF] Request finished HTTP/1.1 POST http://localhost:5005/api/test/seed/sell - 200 null application/json; charset=utf-8 68.7313ms
2025-08-29 15:43:33.802 +03:30 [INF] Request starting HTTP/1.1 POST http://localhost:5005/api/test/seed/sell - application/json 123
2025-08-29 15:43:33.816 +03:30 [INF] Executing endpoint 'Api.Controllers.TestController.SeedSell (Api)'
2025-08-29 15:43:33.823 +03:30 [INF] Route matched with {action = "SeedSell", controller = "Test"}. Executing controller action with signature Microsoft.AspNetCore.Mvc.IActionResult SeedSell(SeedReq) on controller Api.Controllers.TestController (Api).
2025-08-29 15:43:33.840 +03:30 [INF] Executing action method Api.Controllers.TestController.SeedSell (Api) - Validation state: "Valid"
2025-08-29 15:43:33.843 +03:30 [INF] Executed action method Api.Controllers.TestController.SeedSell (Api), returned result Microsoft.AspNetCore.Mvc.OkObjectResult in 0.0243ms.
2025-08-29 15:43:33.846 +03:30 [INF] Executing OkObjectResult, writing value of type '<>f__AnonymousType2`4[[System.String, System.Private.CoreLib, Version=9.0.0.0, Culture=neutral, PublicKeyToken=7cec85d7bea7798e],[System.String, System.Private.CoreLib, Version=9.0.0.0, Culture=neutral, PublicKeyToken=7cec85d7bea7798e],[System.String, System.Private.CoreLib, Version=9.0.0.0, Culture=neutral, PublicKeyToken=7cec85d7bea7798e],[System.Int32, System.Private.CoreLib, Version=9.0.0.0, Culture=neutral, PublicKeyToken=7cec85d7bea7798e]]'.
2025-08-29 15:43:33.848 +03:30 [INF] Executed action Api.Controllers.TestController.SeedSell (Api) in 7.9289ms
2025-08-29 15:43:33.860 +03:30 [INF] Executed endpoint 'Api.Controllers.TestController.SeedSell (Api)'
2025-08-29 15:43:33.862 +03:30 [INF] HTTP POST /api/test/seed/sell responded 200 in 46.0 ms
2025-08-29 15:43:33.865 +03:30 [INF] Request finished HTTP/1.1 POST http://localhost:5005/api/test/seed/sell - 200 null application/json; charset=utf-8 63.4442ms
2025-08-29 15:44:11.462 +03:30 [INF] Request starting HTTP/1.1 POST http://localhost:5005/api/test/seed/sell - application/json 123
2025-08-29 15:44:11.470 +03:30 [INF] Executing endpoint 'Api.Controllers.TestController.SeedSell (Api)'
2025-08-29 15:44:11.473 +03:30 [INF] Route matched with {action = "SeedSell", controller = "Test"}. Executing controller action with signature Microsoft.AspNetCore.Mvc.IActionResult SeedSell(SeedReq) on controller Api.Controllers.TestController (Api).
2025-08-29 15:44:11.476 +03:30 [INF] Executing action method Api.Controllers.TestController.SeedSell (Api) - Validation state: "Valid"
2025-08-29 15:44:11.478 +03:30 [INF] Executed action method Api.Controllers.TestController.SeedSell (Api), returned result Microsoft.AspNetCore.Mvc.OkObjectResult in 0.0292ms.
2025-08-29 15:44:11.482 +03:30 [INF] Executing OkObjectResult, writing value of type '<>f__AnonymousType2`4[[System.String, System.Private.CoreLib, Version=9.0.0.0, Culture=neutral, PublicKeyToken=7cec85d7bea7798e],[System.String, System.Private.CoreLib, Version=9.0.0.0, Culture=neutral, PublicKeyToken=7cec85d7bea7798e],[System.String, System.Private.CoreLib, Version=9.0.0.0, Culture=neutral, PublicKeyToken=7cec85d7bea7798e],[System.Int32, System.Private.CoreLib, Version=9.0.0.0, Culture=neutral, PublicKeyToken=7cec85d7bea7798e]]'.
2025-08-29 15:44:11.485 +03:30 [INF] Executed action Api.Controllers.TestController.SeedSell (Api) in 9.0449ms
2025-08-29 15:44:11.496 +03:30 [INF] Executed endpoint 'Api.Controllers.TestController.SeedSell (Api)'
2025-08-29 15:44:11.498 +03:30 [INF] HTTP POST /api/test/seed/sell responded 200 in 27.9 ms
2025-08-29 15:44:11.502 +03:30 [INF] Request finished HTTP/1.1 POST http://localhost:5005/api/test/seed/sell - 200 null application/json; charset=utf-8 39.5589ms
2025-08-29 15:44:13.909 +03:30 [INF] Request starting HTTP/1.1 POST http://localhost:5005/api/test/seed/sell - application/json 123
2025-08-29 15:44:13.921 +03:30 [INF] Executing endpoint 'Api.Controllers.TestController.SeedSell (Api)'
2025-08-29 15:44:13.925 +03:30 [INF] Route matched with {action = "SeedSell", controller = "Test"}. Executing controller action with signature Microsoft.AspNetCore.Mvc.IActionResult SeedSell(SeedReq) on controller Api.Controllers.TestController (Api).
2025-08-29 15:44:13.941 +03:30 [INF] Executing action method Api.Controllers.TestController.SeedSell (Api) - Validation state: "Valid"
2025-08-29 15:44:13.950 +03:30 [INF] Executed action method Api.Controllers.TestController.SeedSell (Api), returned result Microsoft.AspNetCore.Mvc.OkObjectResult in 0.0324ms.
2025-08-29 15:44:13.965 +03:30 [INF] Executing OkObjectResult, writing value of type '<>f__AnonymousType2`4[[System.String, System.Private.CoreLib, Version=9.0.0.0, Culture=neutral, PublicKeyToken=7cec85d7bea7798e],[System.String, System.Private.CoreLib, Version=9.0.0.0, Culture=neutral, PublicKeyToken=7cec85d7bea7798e],[System.String, System.Private.CoreLib, Version=9.0.0.0, Culture=neutral, PublicKeyToken=7cec85d7bea7798e],[System.Int32, System.Private.CoreLib, Version=9.0.0.0, Culture=neutral, PublicKeyToken=7cec85d7bea7798e]]'.
2025-08-29 15:44:13.970 +03:30 [INF] Executed action Api.Controllers.TestController.SeedSell (Api) in 39.2708ms
2025-08-29 15:44:13.975 +03:30 [INF] Executed endpoint 'Api.Controllers.TestController.SeedSell (Api)'
2025-08-29 15:44:13.977 +03:30 [INF] HTTP POST /api/test/seed/sell responded 200 in 56.0 ms
2025-08-29 15:44:13.979 +03:30 [INF] Request finished HTTP/1.1 POST http://localhost:5005/api/test/seed/sell - 200 null application/json; charset=utf-8 70.5456ms
2025-08-29 15:44:14.691 +03:30 [INF] Request starting HTTP/1.1 POST http://localhost:5005/api/test/seed/sell - application/json 123
2025-08-29 15:44:14.698 +03:30 [INF] Executing endpoint 'Api.Controllers.TestController.SeedSell (Api)'
2025-08-29 15:44:14.723 +03:30 [INF] Route matched with {action = "SeedSell", controller = "Test"}. Executing controller action with signature Microsoft.AspNetCore.Mvc.IActionResult SeedSell(SeedReq) on controller Api.Controllers.TestController (Api).
2025-08-29 15:44:14.740 +03:30 [INF] Executing action method Api.Controllers.TestController.SeedSell (Api) - Validation state: "Valid"
2025-08-29 15:44:14.742 +03:30 [INF] Executed action method Api.Controllers.TestController.SeedSell (Api), returned result Microsoft.AspNetCore.Mvc.OkObjectResult in 0.0294ms.
2025-08-29 15:44:14.745 +03:30 [INF] Executing OkObjectResult, writing value of type '<>f__AnonymousType2`4[[System.String, System.Private.CoreLib, Version=9.0.0.0, Culture=neutral, PublicKeyToken=7cec85d7bea7798e],[System.String, System.Private.CoreLib, Version=9.0.0.0, Culture=neutral, PublicKeyToken=7cec85d7bea7798e],[System.String, System.Private.CoreLib, Version=9.0.0.0, Culture=neutral, PublicKeyToken=7cec85d7bea7798e],[System.Int32, System.Private.CoreLib, Version=9.0.0.0, Culture=neutral, PublicKeyToken=7cec85d7bea7798e]]'.
2025-08-29 15:44:14.747 +03:30 [INF] Executed action Api.Controllers.TestController.SeedSell (Api) in 7.7662ms
2025-08-29 15:44:14.752 +03:30 [INF] Executed endpoint 'Api.Controllers.TestController.SeedSell (Api)'
2025-08-29 15:44:14.754 +03:30 [INF] HTTP POST /api/test/seed/sell responded 200 in 56.3 ms
2025-08-29 15:44:14.757 +03:30 [INF] Request finished HTTP/1.1 POST http://localhost:5005/api/test/seed/sell - 200 null application/json; charset=utf-8 65.5701ms
2025-08-29 15:44:14.948 +03:30 [INF] Request starting HTTP/1.1 POST http://localhost:5005/api/test/seed/sell - application/json 123
2025-08-29 15:44:14.954 +03:30 [INF] Executing endpoint 'Api.Controllers.TestController.SeedSell (Api)'
2025-08-29 15:44:14.958 +03:30 [INF] Route matched with {action = "SeedSell", controller = "Test"}. Executing controller action with signature Microsoft.AspNetCore.Mvc.IActionResult SeedSell(SeedReq) on controller Api.Controllers.TestController (Api).
2025-08-29 15:44:14.974 +03:30 [INF] Executing action method Api.Controllers.TestController.SeedSell (Api) - Validation state: "Valid"
2025-08-29 15:44:14.980 +03:30 [INF] Executed action method Api.Controllers.TestController.SeedSell (Api), returned result Microsoft.AspNetCore.Mvc.OkObjectResult in 0.028ms.
2025-08-29 15:44:14.982 +03:30 [INF] Executing OkObjectResult, writing value of type '<>f__AnonymousType2`4[[System.String, System.Private.CoreLib, Version=9.0.0.0, Culture=neutral, PublicKeyToken=7cec85d7bea7798e],[System.String, System.Private.CoreLib, Version=9.0.0.0, Culture=neutral, PublicKeyToken=7cec85d7bea7798e],[System.String, System.Private.CoreLib, Version=9.0.0.0, Culture=neutral, PublicKeyToken=7cec85d7bea7798e],[System.Int32, System.Private.CoreLib, Version=9.0.0.0, Culture=neutral, PublicKeyToken=7cec85d7bea7798e]]'.
2025-08-29 15:44:14.987 +03:30 [INF] Executed action Api.Controllers.TestController.SeedSell (Api) in 12.6735ms
2025-08-29 15:44:15.007 +03:30 [INF] Executed endpoint 'Api.Controllers.TestController.SeedSell (Api)'
2025-08-29 15:44:15.009 +03:30 [INF] HTTP POST /api/test/seed/sell responded 200 in 55.2 ms
2025-08-29 15:44:15.013 +03:30 [INF] Request finished HTTP/1.1 POST http://localhost:5005/api/test/seed/sell - 200 null application/json; charset=utf-8 65.46ms
2025-08-29 15:44:15.639 +03:30 [INF] Request starting HTTP/1.1 POST http://localhost:5005/api/test/seed/sell - application/json 123
2025-08-29 15:44:15.652 +03:30 [INF] Executing endpoint 'Api.Controllers.TestController.SeedSell (Api)'
2025-08-29 15:44:15.662 +03:30 [INF] Route matched with {action = "SeedSell", controller = "Test"}. Executing controller action with signature Microsoft.AspNetCore.Mvc.IActionResult SeedSell(SeedReq) on controller Api.Controllers.TestController (Api).
2025-08-29 15:44:15.668 +03:30 [INF] Executing action method Api.Controllers.TestController.SeedSell (Api) - Validation state: "Valid"
2025-08-29 15:44:15.670 +03:30 [INF] Executed action method Api.Controllers.TestController.SeedSell (Api), returned result Microsoft.AspNetCore.Mvc.OkObjectResult in 0.0208ms.
2025-08-29 15:44:15.675 +03:30 [INF] Executing OkObjectResult, writing value of type '<>f__AnonymousType2`4[[System.String, System.Private.CoreLib, Version=9.0.0.0, Culture=neutral, PublicKeyToken=7cec85d7bea7798e],[System.String, System.Private.CoreLib, Version=9.0.0.0, Culture=neutral, PublicKeyToken=7cec85d7bea7798e],[System.String, System.Private.CoreLib, Version=9.0.0.0, Culture=neutral, PublicKeyToken=7cec85d7bea7798e],[System.Int32, System.Private.CoreLib, Version=9.0.0.0, Culture=neutral, PublicKeyToken=7cec85d7bea7798e]]'.
2025-08-29 15:44:15.679 +03:30 [INF] Executed action Api.Controllers.TestController.SeedSell (Api) in 10.5473ms
2025-08-29 15:44:15.687 +03:30 [INF] Executed endpoint 'Api.Controllers.TestController.SeedSell (Api)'
2025-08-29 15:44:15.689 +03:30 [INF] HTTP POST /api/test/seed/sell responded 200 in 37.6 ms
2025-08-29 15:44:15.696 +03:30 [INF] Request finished HTTP/1.1 POST http://localhost:5005/api/test/seed/sell - 200 null application/json; charset=utf-8 57.0606ms
2025-08-29 15:44:17.280 +03:30 [INF] Request starting HTTP/1.1 POST http://localhost:5005/api/test/seed/sell - application/json 123
2025-08-29 15:44:17.287 +03:30 [INF] Executing endpoint 'Api.Controllers.TestController.SeedSell (Api)'
2025-08-29 15:44:17.288 +03:30 [INF] Route matched with {action = "SeedSell", controller = "Test"}. Executing controller action with signature Microsoft.AspNetCore.Mvc.IActionResult SeedSell(SeedReq) on controller Api.Controllers.TestController (Api).
2025-08-29 15:44:17.292 +03:30 [INF] Executing action method Api.Controllers.TestController.SeedSell (Api) - Validation state: "Valid"
2025-08-29 15:44:17.294 +03:30 [INF] Executed action method Api.Controllers.TestController.SeedSell (Api), returned result Microsoft.AspNetCore.Mvc.OkObjectResult in 0.0275ms.
2025-08-29 15:44:17.296 +03:30 [INF] Executing OkObjectResult, writing value of type '<>f__AnonymousType2`4[[System.String, System.Private.CoreLib, Version=9.0.0.0, Culture=neutral, PublicKeyToken=7cec85d7bea7798e],[System.String, System.Private.CoreLib, Version=9.0.0.0, Culture=neutral, PublicKeyToken=7cec85d7bea7798e],[System.String, System.Private.CoreLib, Version=9.0.0.0, Culture=neutral, PublicKeyToken=7cec85d7bea7798e],[System.Int32, System.Private.CoreLib, Version=9.0.0.0, Culture=neutral, PublicKeyToken=7cec85d7bea7798e]]'.
2025-08-29 15:44:17.298 +03:30 [INF] Executed action Api.Controllers.TestController.SeedSell (Api) in 6.0833ms
2025-08-29 15:44:17.304 +03:30 [INF] Executed endpoint 'Api.Controllers.TestController.SeedSell (Api)'
2025-08-29 15:44:17.306 +03:30 [INF] HTTP POST /api/test/seed/sell responded 200 in 19.4 ms
2025-08-29 15:44:17.309 +03:30 [INF] Request finished HTTP/1.1 POST http://localhost:5005/api/test/seed/sell - 200 null application/json; charset=utf-8 28.9702ms
2025-08-29 15:44:17.463 +03:30 [INF] Request starting HTTP/1.1 POST http://localhost:5005/api/test/seed/sell - application/json 123
2025-08-29 15:44:17.485 +03:30 [INF] Executing endpoint 'Api.Controllers.TestController.SeedSell (Api)'
2025-08-29 15:44:17.487 +03:30 [INF] Route matched with {action = "SeedSell", controller = "Test"}. Executing controller action with signature Microsoft.AspNetCore.Mvc.IActionResult SeedSell(SeedReq) on controller Api.Controllers.TestController (Api).
2025-08-29 15:44:17.490 +03:30 [INF] Executing action method Api.Controllers.TestController.SeedSell (Api) - Validation state: "Valid"
2025-08-29 15:44:17.492 +03:30 [INF] Executed action method Api.Controllers.TestController.SeedSell (Api), returned result Microsoft.AspNetCore.Mvc.OkObjectResult in 0.0234ms.
2025-08-29 15:44:17.495 +03:30 [INF] Executing OkObjectResult, writing value of type '<>f__AnonymousType2`4[[System.String, System.Private.CoreLib, Version=9.0.0.0, Culture=neutral, PublicKeyToken=7cec85d7bea7798e],[System.String, System.Private.CoreLib, Version=9.0.0.0, Culture=neutral, PublicKeyToken=7cec85d7bea7798e],[System.String, System.Private.CoreLib, Version=9.0.0.0, Culture=neutral, PublicKeyToken=7cec85d7bea7798e],[System.Int32, System.Private.CoreLib, Version=9.0.0.0, Culture=neutral, PublicKeyToken=7cec85d7bea7798e]]'.
2025-08-29 15:44:17.496 +03:30 [INF] Executed action Api.Controllers.TestController.SeedSell (Api) in 6.7273ms
2025-08-29 15:44:17.504 +03:30 [INF] Executed endpoint 'Api.Controllers.TestController.SeedSell (Api)'
2025-08-29 15:44:17.506 +03:30 [INF] HTTP POST /api/test/seed/sell responded 200 in 20.8 ms
2025-08-29 15:44:17.509 +03:30 [INF] Request finished HTTP/1.1 POST http://localhost:5005/api/test/seed/sell - 200 null application/json; charset=utf-8 45.3297ms
2025-08-29 15:44:17.627 +03:30 [INF] Request starting HTTP/1.1 POST http://localhost:5005/api/test/seed/sell - application/json 123
2025-08-29 15:44:17.633 +03:30 [INF] Executing endpoint 'Api.Controllers.TestController.SeedSell (Api)'
2025-08-29 15:44:17.636 +03:30 [INF] Route matched with {action = "SeedSell", controller = "Test"}. Executing controller action with signature Microsoft.AspNetCore.Mvc.IActionResult SeedSell(SeedReq) on controller Api.Controllers.TestController (Api).
2025-08-29 15:44:17.639 +03:30 [INF] Executing action method Api.Controllers.TestController.SeedSell (Api) - Validation state: "Valid"
2025-08-29 15:44:17.640 +03:30 [INF] Executed action method Api.Controllers.TestController.SeedSell (Api), returned result Microsoft.AspNetCore.Mvc.OkObjectResult in 0.0223ms.
2025-08-29 15:44:17.642 +03:30 [INF] Executing OkObjectResult, writing value of type '<>f__AnonymousType2`4[[System.String, System.Private.CoreLib, Version=9.0.0.0, Culture=neutral, PublicKeyToken=7cec85d7bea7798e],[System.String, System.Private.CoreLib, Version=9.0.0.0, Culture=neutral, PublicKeyToken=7cec85d7bea7798e],[System.String, System.Private.CoreLib, Version=9.0.0.0, Culture=neutral, PublicKeyToken=7cec85d7bea7798e],[System.Int32, System.Private.CoreLib, Version=9.0.0.0, Culture=neutral, PublicKeyToken=7cec85d7bea7798e]]'.
2025-08-29 15:44:17.646 +03:30 [INF] Executed action Api.Controllers.TestController.SeedSell (Api) in 7.0626ms
2025-08-29 15:44:17.648 +03:30 [INF] Executed endpoint 'Api.Controllers.TestController.SeedSell (Api)'
2025-08-29 15:44:17.653 +03:30 [INF] HTTP POST /api/test/seed/sell responded 200 in 20.0 ms
2025-08-29 15:44:17.664 +03:30 [INF] Request finished HTTP/1.1 POST http://localhost:5005/api/test/seed/sell - 200 null application/json; charset=utf-8 37.0858ms
2025-08-29 15:44:30.801 +03:30 [INF] Request starting HTTP/1.1 POST http://localhost:5005/api/test/seed/buy - application/json 82
2025-08-29 15:44:30.805 +03:30 [INF] Executing endpoint 'Api.Controllers.TestController.SeedBuy (Api)'
2025-08-29 15:44:30.819 +03:30 [INF] Route matched with {action = "SeedBuy", controller = "Test"}. Executing controller action with signature Microsoft.AspNetCore.Mvc.IActionResult SeedBuy(SeedReq) on controller Api.Controllers.TestController (Api).
2025-08-29 15:44:30.832 +03:30 [INF] Executing action method Api.Controllers.TestController.SeedBuy (Api) - Validation state: "Valid"
2025-08-29 15:44:30.863 +03:30 [INF] Executed action method Api.Controllers.TestController.SeedBuy (Api), returned result Microsoft.AspNetCore.Mvc.OkObjectResult in 0.9201ms.
2025-08-29 15:44:30.873 +03:30 [INF] Executing OkObjectResult, writing value of type '<>f__AnonymousType2`4[[System.String, System.Private.CoreLib, Version=9.0.0.0, Culture=neutral, PublicKeyToken=7cec85d7bea7798e],[System.String, System.Private.CoreLib, Version=9.0.0.0, Culture=neutral, PublicKeyToken=7cec85d7bea7798e],[System.String, System.Private.CoreLib, Version=9.0.0.0, Culture=neutral, PublicKeyToken=7cec85d7bea7798e],[System.Int32, System.Private.CoreLib, Version=9.0.0.0, Culture=neutral, PublicKeyToken=7cec85d7bea7798e]]'.
2025-08-29 15:44:30.876 +03:30 [INF] Executed action Api.Controllers.TestController.SeedBuy (Api) in 44.8849ms
2025-08-29 15:44:30.890 +03:30 [INF] Executed endpoint 'Api.Controllers.TestController.SeedBuy (Api)'
2025-08-29 15:44:30.895 +03:30 [INF] HTTP POST /api/test/seed/buy responded 200 in 90.2 ms
2025-08-29 15:44:30.898 +03:30 [INF] Request finished HTTP/1.1 POST http://localhost:5005/api/test/seed/buy - 200 null application/json; charset=utf-8 97.4946ms
2025-08-29 15:44:36.293 +03:30 [INF] Request starting HTTP/1.1 POST http://localhost:5005/api/test/seed/buy - application/json 82
2025-08-29 15:44:36.297 +03:30 [INF] Executing endpoint 'Api.Controllers.TestController.SeedBuy (Api)'
2025-08-29 15:44:36.299 +03:30 [INF] Route matched with {action = "SeedBuy", controller = "Test"}. Executing controller action with signature Microsoft.AspNetCore.Mvc.IActionResult SeedBuy(SeedReq) on controller Api.Controllers.TestController (Api).
2025-08-29 15:44:36.306 +03:30 [INF] Executing action method Api.Controllers.TestController.SeedBuy (Api) - Validation state: "Valid"
2025-08-29 15:44:36.311 +03:30 [INF] Executed action method Api.Controllers.TestController.SeedBuy (Api), returned result Microsoft.AspNetCore.Mvc.OkObjectResult in 0.0218ms.
2025-08-29 15:44:36.313 +03:30 [INF] Executing OkObjectResult, writing value of type '<>f__AnonymousType2`4[[System.String, System.Private.CoreLib, Version=9.0.0.0, Culture=neutral, PublicKeyToken=7cec85d7bea7798e],[System.String, System.Private.CoreLib, Version=9.0.0.0, Culture=neutral, PublicKeyToken=7cec85d7bea7798e],[System.String, System.Private.CoreLib, Version=9.0.0.0, Culture=neutral, PublicKeyToken=7cec85d7bea7798e],[System.Int32, System.Private.CoreLib, Version=9.0.0.0, Culture=neutral, PublicKeyToken=7cec85d7bea7798e]]'.
2025-08-29 15:44:36.315 +03:30 [INF] Executed action Api.Controllers.TestController.SeedBuy (Api) in 9.4743ms
2025-08-29 15:44:36.322 +03:30 [INF] Executed endpoint 'Api.Controllers.TestController.SeedBuy (Api)'
2025-08-29 15:44:36.323 +03:30 [INF] HTTP POST /api/test/seed/buy responded 200 in 25.6 ms
2025-08-29 15:44:36.325 +03:30 [INF] Request finished HTTP/1.1 POST http://localhost:5005/api/test/seed/buy - 200 null application/json; charset=utf-8 32.5053ms
2025-08-29 15:44:47.752 +03:30 [INF] Application is shutting down...
2025-08-29 15:44:55.769 +03:30 [INF] User profile is available. Using 'C:\Users\20\AppData\Local\ASP.NET\DataProtection-Keys' as key repository and Windows DPAPI to encrypt keys at rest.
2025-08-29 15:44:55.968 +03:30 [WRN] The WebRootPath was not found: D:\Trader\Trader\Api\wwwroot. Static files may be unavailable.
2025-08-29 15:44:56.115 +03:30 [INF] Now listening on: http://localhost:5005
2025-08-29 15:44:56.131 +03:30 [INF] Application started. Press Ctrl+C to shut down.
2025-08-29 15:44:56.133 +03:30 [INF] Hosting environment: Development
2025-08-29 15:44:56.135 +03:30 [INF] Content root path: D:\Trader\Trader\Api
2025-08-29 15:45:08.221 +03:30 [INF] Request starting HTTP/1.1 POST http://localhost:5005/api/test/seed/buy - application/json 127
2025-08-29 15:45:08.391 +03:30 [INF] Executing endpoint 'Api.Controllers.TestController.SeedBuy (Api)'
2025-08-29 15:45:08.510 +03:30 [INF] Route matched with {action = "SeedBuy", controller = "Test"}. Executing controller action with signature Microsoft.AspNetCore.Mvc.IActionResult SeedBuy(SeedReq) on controller Api.Controllers.TestController (Api).
2025-08-29 15:45:08.659 +03:30 [INF] Executing action method Api.Controllers.TestController.SeedBuy (Api) - Validation state: "Valid"
2025-08-29 15:45:08.673 +03:30 [INF] Executed action method Api.Controllers.TestController.SeedBuy (Api), returned result Microsoft.AspNetCore.Mvc.OkObjectResult in 4.732ms.
2025-08-29 15:45:08.713 +03:30 [INF] Executing OkObjectResult, writing value of type '<>f__AnonymousType2`4[[System.String, System.Private.CoreLib, Version=9.0.0.0, Culture=neutral, PublicKeyToken=7cec85d7bea7798e],[System.String, System.Private.CoreLib, Version=9.0.0.0, Culture=neutral, PublicKeyToken=7cec85d7bea7798e],[System.String, System.Private.CoreLib, Version=9.0.0.0, Culture=neutral, PublicKeyToken=7cec85d7bea7798e],[System.Int32, System.Private.CoreLib, Version=9.0.0.0, Culture=neutral, PublicKeyToken=7cec85d7bea7798e]]'.
2025-08-29 15:45:08.750 +03:30 [INF] Executed action Api.Controllers.TestController.SeedBuy (Api) in 211.3372ms
2025-08-29 15:45:08.760 +03:30 [INF] Executed endpoint 'Api.Controllers.TestController.SeedBuy (Api)'
2025-08-29 15:45:08.772 +03:30 [INF] HTTP POST /api/test/seed/buy responded 200 in 380.6 ms
2025-08-29 15:45:08.792 +03:30 [INF] Request finished HTTP/1.1 POST http://localhost:5005/api/test/seed/buy - 200 null application/json; charset=utf-8 575.7737ms
2025-08-29 15:45:21.413 +03:30 [INF] Request starting HTTP/1.1 POST http://localhost:5005/api/test/seed/buy - application/json 127
2025-08-29 15:45:21.426 +03:30 [INF] Executing endpoint 'Api.Controllers.TestController.SeedBuy (Api)'
2025-08-29 15:45:21.444 +03:30 [INF] Route matched with {action = "SeedBuy", controller = "Test"}. Executing controller action with signature Microsoft.AspNetCore.Mvc.IActionResult SeedBuy(SeedReq) on controller Api.Controllers.TestController (Api).
2025-08-29 15:45:21.451 +03:30 [INF] Executing action method Api.Controllers.TestController.SeedBuy (Api) - Validation state: "Valid"
2025-08-29 15:45:21.453 +03:30 [INF] Executed action method Api.Controllers.TestController.SeedBuy (Api), returned result Microsoft.AspNetCore.Mvc.OkObjectResult in 0.1558ms.
2025-08-29 15:45:21.456 +03:30 [INF] Executing OkObjectResult, writing value of type '<>f__AnonymousType2`4[[System.String, System.Private.CoreLib, Version=9.0.0.0, Culture=neutral, PublicKeyToken=7cec85d7bea7798e],[System.String, System.Private.CoreLib, Version=9.0.0.0, Culture=neutral, PublicKeyToken=7cec85d7bea7798e],[System.String, System.Private.CoreLib, Version=9.0.0.0, Culture=neutral, PublicKeyToken=7cec85d7bea7798e],[System.Int32, System.Private.CoreLib, Version=9.0.0.0, Culture=neutral, PublicKeyToken=7cec85d7bea7798e]]'.
2025-08-29 15:45:21.458 +03:30 [INF] Executed action Api.Controllers.TestController.SeedBuy (Api) in 8.796ms
2025-08-29 15:45:21.487 +03:30 [INF] Executed endpoint 'Api.Controllers.TestController.SeedBuy (Api)'
2025-08-29 15:45:21.489 +03:30 [INF] HTTP POST /api/test/seed/buy responded 200 in 62.6 ms
2025-08-29 15:45:21.493 +03:30 [INF] Request finished HTTP/1.1 POST http://localhost:5005/api/test/seed/buy - 200 null application/json; charset=utf-8 83.2486ms
2025-08-29 15:47:24.144 +03:30 [INF] Application is shutting down...
2025-08-29 16:01:00.459 +03:30 [INF] User profile is available. Using 'C:\Users\20\AppData\Local\ASP.NET\DataProtection-Keys' as key repository and Windows DPAPI to encrypt keys at rest.
2025-08-29 16:01:00.859 +03:30 [WRN] The WebRootPath was not found: D:\Trader\Trader\Api\wwwroot. Static files may be unavailable.
2025-08-29 16:01:01.255 +03:30 [INF] Now listening on: http://localhost:5005
2025-08-29 16:01:01.325 +03:30 [INF] Application started. Press Ctrl+C to shut down.
2025-08-29 16:01:01.452 +03:30 [INF] Hosting environment: Development
2025-08-29 16:01:01.468 +03:30 [INF] Content root path: D:\Trader\Trader\Api
2025-08-29 16:01:20.548 +03:30 [INF] Request starting HTTP/1.1 GET http://localhost:5005/Scalar/docs - null null
2025-08-29 16:01:20.734 +03:30 [INF] Executing endpoint 'HTTP: GET /scalar/{documentName?}'
2025-08-29 16:01:21.200 +03:30 [INF] Write content with HTTP Response ContentType of text/html
2025-08-29 16:01:21.210 +03:30 [INF] Executed endpoint 'HTTP: GET /scalar/{documentName?}'
2025-08-29 16:01:21.221 +03:30 [INF] HTTP GET /Scalar/docs responded 200 in 484.4 ms
2025-08-29 16:01:21.278 +03:30 [INF] Request finished HTTP/1.1 GET http://localhost:5005/Scalar/docs - 200 905 text/html 734.4354ms
2025-08-29 16:01:21.474 +03:30 [INF] Request starting HTTP/1.1 GET http://localhost:5005/Scalar/scalar.js - null null
2025-08-29 16:01:21.477 +03:30 [INF] Request starting HTTP/1.1 GET http://localhost:5005/Scalar/scalar.aspnetcore.js - null null
2025-08-29 16:01:21.529 +03:30 [INF] Executing endpoint 'HTTP: GET /scalar/scalar.js'
2025-08-29 16:01:21.546 +03:30 [INF] Executing endpoint 'HTTP: GET /scalar/scalar.aspnetcore.js'
2025-08-29 16:01:21.560 +03:30 [INF] Sending file with download name ''.
2025-08-29 16:01:21.564 +03:30 [INF] Setting HTTP status code 304.
2025-08-29 16:01:21.577 +03:30 [INF] Executed endpoint 'HTTP: GET /scalar/scalar.js'
2025-08-29 16:01:21.579 +03:30 [INF] Executed endpoint 'HTTP: GET /scalar/scalar.aspnetcore.js'
2025-08-29 16:01:21.594 +03:30 [INF] HTTP GET /Scalar/scalar.js responded 304 in 64.1 ms
2025-08-29 16:01:21.595 +03:30 [INF] HTTP GET /Scalar/scalar.aspnetcore.js responded 200 in 49.3 ms
2025-08-29 16:01:21.598 +03:30 [INF] Request finished HTTP/1.1 GET http://localhost:5005/Scalar/scalar.js - 304 null null 126.3031ms
2025-08-29 16:01:21.600 +03:30 [INF] Request finished HTTP/1.1 GET http://localhost:5005/Scalar/scalar.aspnetcore.js - 200 1046 text/javascript 124.8029ms
2025-08-29 16:01:22.256 +03:30 [INF] Request starting HTTP/1.1 GET http://localhost:5005/favicon.ico - null null
2025-08-29 16:01:22.268 +03:30 [INF] HTTP GET /favicon.ico responded 404 in 0.1 ms
2025-08-29 16:01:22.272 +03:30 [INF] Request finished HTTP/1.1 GET http://localhost:5005/favicon.ico - 499 null null 15.3454ms
2025-08-29 16:01:22.287 +03:30 [INF] Request reached the end of the middleware pipeline without being handled by application code. Request path: GET http://localhost:5005/favicon.ico, Response status code: 499
2025-08-29 16:01:28.016 +03:30 [INF] Request starting HTTP/1.1 GET http://localhost:5005/openapi/docs.json - null null
2025-08-29 16:01:28.046 +03:30 [INF] Request starting HTTP/1.1 GET http://localhost:5005/openapi/docs.json - null null
2025-08-29 16:01:28.096 +03:30 [INF] Executing endpoint 'HTTP: GET /openapi/{documentName}.json'
2025-08-29 16:01:28.107 +03:30 [INF] Executing endpoint 'HTTP: GET /openapi/{documentName}.json'
2025-08-29 16:01:28.939 +03:30 [INF] Executed endpoint 'HTTP: GET /openapi/{documentName}.json'
2025-08-29 16:01:28.948 +03:30 [INF] Executed endpoint 'HTTP: GET /openapi/{documentName}.json'
2025-08-29 16:01:28.951 +03:30 [INF] HTTP GET /openapi/docs.json responded 200 in 844.6 ms
2025-08-29 16:01:28.959 +03:30 [INF] HTTP GET /openapi/docs.json responded 200 in 862.1 ms
2025-08-29 16:01:28.960 +03:30 [INF] Request finished HTTP/1.1 GET http://localhost:5005/openapi/docs.json - 200 null application/json;charset=utf-8 913.9899ms
2025-08-29 16:01:28.962 +03:30 [INF] Request finished HTTP/1.1 GET http://localhost:5005/openapi/docs.json - 200 null application/json;charset=utf-8 949.7128ms
2025-08-29 16:01:41.457 +03:30 [INF] Request starting HTTP/1.1 POST http://localhost:5005/api/admin/telegram/test - text/plain;charset=UTF-8 0
2025-08-29 16:01:41.465 +03:30 [INF] Executing endpoint 'Api.Controllers.AdminController.TelegramTest (Api)'
2025-08-29 16:01:41.546 +03:30 [INF] Route matched with {action = "TelegramTest", controller = "Admin"}. Executing controller action with signature System.Threading.Tasks.Task`1[Microsoft.AspNetCore.Mvc.IActionResult] TelegramTest(Microsoft.Extensions.Configuration.IConfiguration) on controller Api.Controllers.AdminController (Api).
2025-08-29 16:01:41.592 +03:30 [INF] Executing action method Api.Controllers.AdminController.TelegramTest (Api) - Validation state: "Valid"
2025-08-29 16:01:43.578 +03:30 [INF] Executed action method Api.Controllers.AdminController.TelegramTest (Api), returned result Microsoft.AspNetCore.Mvc.OkObjectResult in 1972.0269ms.
2025-08-29 16:01:43.625 +03:30 [INF] Executing OkObjectResult, writing value of type '<>f__AnonymousType1`3[[System.Int32, System.Private.CoreLib, Version=9.0.0.0, Culture=neutral, PublicKeyToken=7cec85d7bea7798e],[System.Int64, System.Private.CoreLib, Version=9.0.0.0, Culture=neutral, PublicKeyToken=7cec85d7bea7798e],[System.DateTime, System.Private.CoreLib, Version=9.0.0.0, Culture=neutral, PublicKeyToken=7cec85d7bea7798e]]'.
2025-08-29 16:01:43.684 +03:30 [INF] Executed action Api.Controllers.AdminController.TelegramTest (Api) in 2115.1001ms
2025-08-29 16:01:43.699 +03:30 [INF] Executed endpoint 'Api.Controllers.AdminController.TelegramTest (Api)'
2025-08-29 16:01:43.717 +03:30 [INF] HTTP POST /api/admin/telegram/test responded 200 in 2251.7 ms
2025-08-29 16:01:43.763 +03:30 [INF] Request finished HTTP/1.1 POST http://localhost:5005/api/admin/telegram/test - 200 null application/json; charset=utf-8 2306.2093ms
2025-08-29 16:02:07.493 +03:30 [INF] Request starting HTTP/1.1 POST http://localhost:5005/api/admin/telegram/test - text/plain;charset=UTF-8 0
2025-08-29 16:02:07.516 +03:30 [INF] Executing endpoint 'Api.Controllers.AdminController.TelegramTest (Api)'
2025-08-29 16:02:07.525 +03:30 [INF] Route matched with {action = "TelegramTest", controller = "Admin"}. Executing controller action with signature System.Threading.Tasks.Task`1[Microsoft.AspNetCore.Mvc.IActionResult] TelegramTest(Microsoft.Extensions.Configuration.IConfiguration) on controller Api.Controllers.AdminController (Api).
2025-08-29 16:02:07.529 +03:30 [INF] Executing action method Api.Controllers.AdminController.TelegramTest (Api) - Validation state: "Valid"
2025-08-29 16:02:08.378 +03:30 [INF] Executed action method Api.Controllers.AdminController.TelegramTest (Api), returned result Microsoft.AspNetCore.Mvc.OkObjectResult in 846.5872ms.
2025-08-29 16:02:08.382 +03:30 [INF] Executing OkObjectResult, writing value of type '<>f__AnonymousType1`3[[System.Int32, System.Private.CoreLib, Version=9.0.0.0, Culture=neutral, PublicKeyToken=7cec85d7bea7798e],[System.Int64, System.Private.CoreLib, Version=9.0.0.0, Culture=neutral, PublicKeyToken=7cec85d7bea7798e],[System.DateTime, System.Private.CoreLib, Version=9.0.0.0, Culture=neutral, PublicKeyToken=7cec85d7bea7798e]]'.
2025-08-29 16:02:08.397 +03:30 [INF] Executed action Api.Controllers.AdminController.TelegramTest (Api) in 868.4784ms
2025-08-29 16:02:08.430 +03:30 [INF] Executed endpoint 'Api.Controllers.AdminController.TelegramTest (Api)'
2025-08-29 16:02:08.432 +03:30 [INF] HTTP POST /api/admin/telegram/test responded 200 in 916.1 ms
2025-08-29 16:02:08.459 +03:30 [INF] Request finished HTTP/1.1 POST http://localhost:5005/api/admin/telegram/test - 200 null application/json; charset=utf-8 966.1478ms
2025-08-29 16:02:09.928 +03:30 [INF] Request starting HTTP/1.1 POST http://localhost:5005/api/admin/telegram/test - text/plain;charset=UTF-8 0
2025-08-29 16:02:09.943 +03:30 [INF] Executing endpoint 'Api.Controllers.AdminController.TelegramTest (Api)'
2025-08-29 16:02:09.948 +03:30 [INF] Route matched with {action = "TelegramTest", controller = "Admin"}. Executing controller action with signature System.Threading.Tasks.Task`1[Microsoft.AspNetCore.Mvc.IActionResult] TelegramTest(Microsoft.Extensions.Configuration.IConfiguration) on controller Api.Controllers.AdminController (Api).
2025-08-29 16:02:09.957 +03:30 [INF] Executing action method Api.Controllers.AdminController.TelegramTest (Api) - Validation state: "Valid"
2025-08-29 16:02:11.130 +03:30 [INF] Executed action method Api.Controllers.AdminController.TelegramTest (Api), returned result Microsoft.AspNetCore.Mvc.OkObjectResult in 1168.6388ms.
2025-08-29 16:02:11.197 +03:30 [INF] Executing OkObjectResult, writing value of type '<>f__AnonymousType1`3[[System.Int32, System.Private.CoreLib, Version=9.0.0.0, Culture=neutral, PublicKeyToken=7cec85d7bea7798e],[System.Int64, System.Private.CoreLib, Version=9.0.0.0, Culture=neutral, PublicKeyToken=7cec85d7bea7798e],[System.DateTime, System.Private.CoreLib, Version=9.0.0.0, Culture=neutral, PublicKeyToken=7cec85d7bea7798e]]'.
2025-08-29 16:02:11.260 +03:30 [INF] Executed action Api.Controllers.AdminController.TelegramTest (Api) in 1303.4556ms
2025-08-29 16:02:11.332 +03:30 [INF] Executed endpoint 'Api.Controllers.AdminController.TelegramTest (Api)'
2025-08-29 16:02:11.396 +03:30 [INF] HTTP POST /api/admin/telegram/test responded 200 in 1452.3 ms
2025-08-29 16:02:11.401 +03:30 [INF] Request finished HTTP/1.1 POST http://localhost:5005/api/admin/telegram/test - 200 null application/json; charset=utf-8 1472.11ms
2025-08-29 16:02:11.876 +03:30 [INF] Request starting HTTP/1.1 POST http://localhost:5005/api/admin/telegram/test - text/plain;charset=UTF-8 0
2025-08-29 16:02:11.886 +03:30 [INF] Executing endpoint 'Api.Controllers.AdminController.TelegramTest (Api)'
2025-08-29 16:02:11.901 +03:30 [INF] Route matched with {action = "TelegramTest", controller = "Admin"}. Executing controller action with signature System.Threading.Tasks.Task`1[Microsoft.AspNetCore.Mvc.IActionResult] TelegramTest(Microsoft.Extensions.Configuration.IConfiguration) on controller Api.Controllers.AdminController (Api).
2025-08-29 16:02:11.909 +03:30 [INF] Executing action method Api.Controllers.AdminController.TelegramTest (Api) - Validation state: "Valid"
2025-08-29 16:02:13.080 +03:30 [INF] Executed action method Api.Controllers.AdminController.TelegramTest (Api), returned result Microsoft.AspNetCore.Mvc.OkObjectResult in 1169.441ms.
2025-08-29 16:02:13.083 +03:30 [INF] Executing OkObjectResult, writing value of type '<>f__AnonymousType1`3[[System.Int32, System.Private.CoreLib, Version=9.0.0.0, Culture=neutral, PublicKeyToken=7cec85d7bea7798e],[System.Int64, System.Private.CoreLib, Version=9.0.0.0, Culture=neutral, PublicKeyToken=7cec85d7bea7798e],[System.DateTime, System.Private.CoreLib, Version=9.0.0.0, Culture=neutral, PublicKeyToken=7cec85d7bea7798e]]'.
2025-08-29 16:02:13.096 +03:30 [INF] Executed action Api.Controllers.AdminController.TelegramTest (Api) in 1187.4188ms
2025-08-29 16:02:13.112 +03:30 [INF] Executed endpoint 'Api.Controllers.AdminController.TelegramTest (Api)'
2025-08-29 16:02:13.115 +03:30 [INF] HTTP POST /api/admin/telegram/test responded 200 in 1229.0 ms
2025-08-29 16:02:13.128 +03:30 [INF] Request finished HTTP/1.1 POST http://localhost:5005/api/admin/telegram/test - 200 null application/json; charset=utf-8 1252.014ms
2025-08-29 16:02:13.359 +03:30 [INF] Request starting HTTP/1.1 POST http://localhost:5005/api/admin/telegram/test - text/plain;charset=UTF-8 0
2025-08-29 16:02:13.362 +03:30 [INF] Executing endpoint 'Api.Controllers.AdminController.TelegramTest (Api)'
2025-08-29 16:02:13.363 +03:30 [INF] Route matched with {action = "TelegramTest", controller = "Admin"}. Executing controller action with signature System.Threading.Tasks.Task`1[Microsoft.AspNetCore.Mvc.IActionResult] TelegramTest(Microsoft.Extensions.Configuration.IConfiguration) on controller Api.Controllers.AdminController (Api).
2025-08-29 16:02:13.371 +03:30 [INF] Executing action method Api.Controllers.AdminController.TelegramTest (Api) - Validation state: "Valid"
2025-08-29 16:02:14.587 +03:30 [INF] Executed action method Api.Controllers.AdminController.TelegramTest (Api), returned result Microsoft.AspNetCore.Mvc.OkObjectResult in 1215.1436ms.
2025-08-29 16:02:14.591 +03:30 [INF] Executing OkObjectResult, writing value of type '<>f__AnonymousType1`3[[System.Int32, System.Private.CoreLib, Version=9.0.0.0, Culture=neutral, PublicKeyToken=7cec85d7bea7798e],[System.Int64, System.Private.CoreLib, Version=9.0.0.0, Culture=neutral, PublicKeyToken=7cec85d7bea7798e],[System.DateTime, System.Private.CoreLib, Version=9.0.0.0, Culture=neutral, PublicKeyToken=7cec85d7bea7798e]]'.
2025-08-29 16:02:14.595 +03:30 [INF] Executed action Api.Controllers.AdminController.TelegramTest (Api) in 1224.3295ms
2025-08-29 16:02:14.598 +03:30 [INF] Executed endpoint 'Api.Controllers.AdminController.TelegramTest (Api)'
2025-08-29 16:02:14.616 +03:30 [INF] HTTP POST /api/admin/telegram/test responded 200 in 1253.9 ms
2025-08-29 16:02:14.628 +03:30 [INF] Request finished HTTP/1.1 POST http://localhost:5005/api/admin/telegram/test - 200 null application/json; charset=utf-8 1269.4141ms
2025-08-29 16:02:22.356 +03:30 [INF] Request starting HTTP/1.1 POST http://localhost:5005/api/test/seed/sell - application/json 82
2025-08-29 16:02:22.361 +03:30 [INF] Executing endpoint 'Api.Controllers.TestController.SeedSell (Api)'
2025-08-29 16:02:22.374 +03:30 [INF] Route matched with {action = "SeedSell", controller = "Test"}. Executing controller action with signature Microsoft.AspNetCore.Mvc.IActionResult SeedSell(SeedReq) on controller Api.Controllers.TestController (Api).
2025-08-29 16:02:22.444 +03:30 [INF] Executing action method Api.Controllers.TestController.SeedSell (Api) - Validation state: "Valid"
2025-08-29 16:02:22.461 +03:30 [INF] Executed action method Api.Controllers.TestController.SeedSell (Api), returned result Microsoft.AspNetCore.Mvc.OkObjectResult in 15.2297ms.
2025-08-29 16:02:22.477 +03:30 [INF] Executing OkObjectResult, writing value of type '<>f__AnonymousType2`4[[System.String, System.Private.CoreLib, Version=9.0.0.0, Culture=neutral, PublicKeyToken=7cec85d7bea7798e],[System.String, System.Private.CoreLib, Version=9.0.0.0, Culture=neutral, PublicKeyToken=7cec85d7bea7798e],[System.String, System.Private.CoreLib, Version=9.0.0.0, Culture=neutral, PublicKeyToken=7cec85d7bea7798e],[System.Int32, System.Private.CoreLib, Version=9.0.0.0, Culture=neutral, PublicKeyToken=7cec85d7bea7798e]]'.
2025-08-29 16:02:22.522 +03:30 [INF] Executed action Api.Controllers.TestController.SeedSell (Api) in 144.8123ms
2025-08-29 16:02:22.615 +03:30 [INF] Executed endpoint 'Api.Controllers.TestController.SeedSell (Api)'
2025-08-29 16:02:22.622 +03:30 [INF] HTTP POST /api/test/seed/sell responded 200 in 261.6 ms
2025-08-29 16:02:22.624 +03:30 [INF] Request finished HTTP/1.1 POST http://localhost:5005/api/test/seed/sell - 200 null application/json; charset=utf-8 268.0461ms
2025-08-29 16:02:26.709 +03:30 [INF] Request starting HTTP/1.1 POST http://localhost:5005/api/test/seed/sell - application/json 82
2025-08-29 16:02:26.715 +03:30 [INF] Executing endpoint 'Api.Controllers.TestController.SeedSell (Api)'
2025-08-29 16:02:26.717 +03:30 [INF] Route matched with {action = "SeedSell", controller = "Test"}. Executing controller action with signature Microsoft.AspNetCore.Mvc.IActionResult SeedSell(SeedReq) on controller Api.Controllers.TestController (Api).
2025-08-29 16:02:26.723 +03:30 [INF] Executing action method Api.Controllers.TestController.SeedSell (Api) - Validation state: "Valid"
2025-08-29 16:02:26.726 +03:30 [INF] Executed action method Api.Controllers.TestController.SeedSell (Api), returned result Microsoft.AspNetCore.Mvc.OkObjectResult in 0.1052ms.
2025-08-29 16:02:26.728 +03:30 [INF] Executing OkObjectResult, writing value of type '<>f__AnonymousType2`4[[System.String, System.Private.CoreLib, Version=9.0.0.0, Culture=neutral, PublicKeyToken=7cec85d7bea7798e],[System.String, System.Private.CoreLib, Version=9.0.0.0, Culture=neutral, PublicKeyToken=7cec85d7bea7798e],[System.String, System.Private.CoreLib, Version=9.0.0.0, Culture=neutral, PublicKeyToken=7cec85d7bea7798e],[System.Int32, System.Private.CoreLib, Version=9.0.0.0, Culture=neutral, PublicKeyToken=7cec85d7bea7798e]]'.
2025-08-29 16:02:26.730 +03:30 [INF] Executed action Api.Controllers.TestController.SeedSell (Api) in 7.882ms
2025-08-29 16:02:26.735 +03:30 [INF] Executed endpoint 'Api.Controllers.TestController.SeedSell (Api)'
2025-08-29 16:02:26.742 +03:30 [INF] HTTP POST /api/test/seed/sell responded 200 in 27.5 ms
2025-08-29 16:02:26.744 +03:30 [INF] Request finished HTTP/1.1 POST http://localhost:5005/api/test/seed/sell - 200 null application/json; charset=utf-8 35.0714ms
2025-08-29 16:02:41.181 +03:30 [INF] Request starting HTTP/1.1 POST http://localhost:5005/api/traed/evaluate - application/json 155
2025-08-29 16:02:41.187 +03:30 [INF] Executing endpoint 'Api.Controllers.TradeController.Evaluate (Api)'
2025-08-29 16:02:41.207 +03:30 [INF] Route matched with {action = "Evaluate", controller = "Trade"}. Executing controller action with signature System.Threading.Tasks.Task`1[Microsoft.AspNetCore.Mvc.IActionResult] Evaluate(Application.Command.EvaluateCommand) on controller Api.Controllers.TradeController (Api).
2025-08-29 16:02:41.222 +03:30 [WRN] You do not have a valid license key for the Lucky Penny software MediatR. This is allowed for development and testing scenarios. If you are running in production you are required to have a licensed version. Please visit https://luckypennysoftware.com to obtain a valid license.
2025-08-29 16:02:41.316 +03:30 [INF] Executing action method Api.Controllers.TradeController.Evaluate (Api) - Validation state: "Valid"
2025-08-29 16:02:41.419 +03:30 [INF] Handling EvaluateCommand {"Symbol":"","Timeframe":"","Open":1,"High":1,"Low":1,"Close":1,"Atr":1,"Bid":1,"Ask":1,"Equity":1,"OpenTrades":1,"$type":"EvaluateCommand"}
2025-08-29 16:02:41.448 +03:30 [INF] 📊 EVALUATE / -> "Hold" Size=0 SL=null TP=null
2025-08-29 16:02:41.463 +03:30 [INF] Handled EvaluateCommand => {"Action":"Hold","Size":0,"Sl":0,"Tp":0,"Note":"bad market","$type":"DecisionDto"}
2025-08-29 16:02:41.476 +03:30 [INF] Executed action method Api.Controllers.TradeController.Evaluate (Api), returned result Microsoft.AspNetCore.Mvc.ContentResult in 157.6465ms.
2025-08-29 16:02:41.480 +03:30 [INF] Executing ContentResult with HTTP Response ContentType of text/plain
2025-08-29 16:02:41.488 +03:30 [INF] Executed action Api.Controllers.TradeController.Evaluate (Api) in 276.4277ms
2025-08-29 16:02:41.489 +03:30 [INF] Executed endpoint 'Api.Controllers.TradeController.Evaluate (Api)'
2025-08-29 16:02:41.491 +03:30 [INF] HTTP POST /api/traed/evaluate responded 200 in 303.7 ms
2025-08-29 16:02:41.494 +03:30 [INF] Request finished HTTP/1.1 POST http://localhost:5005/api/traed/evaluate - 200 21 text/plain 313.5858ms
2025-08-29 16:03:12.388 +03:30 [INF] Request starting HTTP/1.1 POST http://localhost:5005/api/traed/evaluate - application/json 155
2025-08-29 16:03:12.409 +03:30 [INF] Executing endpoint 'Api.Controllers.TradeController.Evaluate (Api)'
2025-08-29 16:03:12.424 +03:30 [INF] Route matched with {action = "Evaluate", controller = "Trade"}. Executing controller action with signature System.Threading.Tasks.Task`1[Microsoft.AspNetCore.Mvc.IActionResult] Evaluate(Application.Command.EvaluateCommand) on controller Api.Controllers.TradeController (Api).
2025-08-29 16:03:12.447 +03:30 [INF] Executing action method Api.Controllers.TradeController.Evaluate (Api) - Validation state: "Valid"
2025-08-29 16:03:12.476 +03:30 [INF] Handling EvaluateCommand {"Symbol":"","Timeframe":"","Open":1,"High":1,"Low":1,"Close":1,"Atr":1,"Bid":1,"Ask":1,"Equity":1,"OpenTrades":1,"$type":"EvaluateCommand"}
2025-08-29 16:03:12.495 +03:30 [INF] 📊 EVALUATE / -> "Hold" Size=0 SL=null TP=null
2025-08-29 16:03:12.503 +03:30 [INF] Handled EvaluateCommand => {"Action":"Hold","Size":0,"Sl":0,"Tp":0,"Note":"bad market","$type":"DecisionDto"}
2025-08-29 16:03:12.510 +03:30 [INF] Executed action method Api.Controllers.TradeController.Evaluate (Api), returned result Microsoft.AspNetCore.Mvc.ContentResult in 41.239ms.
2025-08-29 16:03:12.513 +03:30 [INF] Executing ContentResult with HTTP Response ContentType of text/plain
2025-08-29 16:03:12.527 +03:30 [INF] Executed action Api.Controllers.TradeController.Evaluate (Api) in 83.7623ms
2025-08-29 16:03:12.555 +03:30 [INF] Executed endpoint 'Api.Controllers.TradeController.Evaluate (Api)'
2025-08-29 16:03:12.558 +03:30 [INF] HTTP POST /api/traed/evaluate responded 200 in 149.2 ms
2025-08-29 16:03:12.562 +03:30 [INF] Request finished HTTP/1.1 POST http://localhost:5005/api/traed/evaluate - 200 21 text/plain 173.1376ms
2025-08-29 16:03:32.280 +03:30 [INF] Request starting HTTP/1.1 POST http://localhost:5005/api/test/seed/buy - application/json 82
2025-08-29 16:03:32.286 +03:30 [INF] Executing endpoint 'Api.Controllers.TestController.SeedBuy (Api)'
2025-08-29 16:03:32.295 +03:30 [INF] Route matched with {action = "SeedBuy", controller = "Test"}. Executing controller action with signature Microsoft.AspNetCore.Mvc.IActionResult SeedBuy(SeedReq) on controller Api.Controllers.TestController (Api).
2025-08-29 16:03:32.299 +03:30 [INF] Executing action method Api.Controllers.TestController.SeedBuy (Api) - Validation state: "Valid"
2025-08-29 16:03:32.302 +03:30 [INF] Executed action method Api.Controllers.TestController.SeedBuy (Api), returned result Microsoft.AspNetCore.Mvc.OkObjectResult in 1.6153ms.
2025-08-29 16:03:32.307 +03:30 [INF] Executing OkObjectResult, writing value of type '<>f__AnonymousType2`4[[System.String, System.Private.CoreLib, Version=9.0.0.0, Culture=neutral, PublicKeyToken=7cec85d7bea7798e],[System.String, System.Private.CoreLib, Version=9.0.0.0, Culture=neutral, PublicKeyToken=7cec85d7bea7798e],[System.String, System.Private.CoreLib, Version=9.0.0.0, Culture=neutral, PublicKeyToken=7cec85d7bea7798e],[System.Int32, System.Private.CoreLib, Version=9.0.0.0, Culture=neutral, PublicKeyToken=7cec85d7bea7798e]]'.
2025-08-29 16:03:32.309 +03:30 [INF] Executed action Api.Controllers.TestController.SeedBuy (Api) in 10.8136ms
2025-08-29 16:03:32.320 +03:30 [INF] Executed endpoint 'Api.Controllers.TestController.SeedBuy (Api)'
2025-08-29 16:03:32.322 +03:30 [INF] HTTP POST /api/test/seed/buy responded 200 in 36.0 ms
2025-08-29 16:03:32.325 +03:30 [INF] Request finished HTTP/1.1 POST http://localhost:5005/api/test/seed/buy - 200 null application/json; charset=utf-8 44.6423ms
2025-08-29 16:03:43.532 +03:30 [INF] Request starting HTTP/1.1 POST http://localhost:5005/api/admin/policy/reset - text/plain;charset=UTF-8 0
2025-08-29 16:03:43.543 +03:30 [INF] Executing endpoint 'Api.Controllers.AdminController.Reset (Api)'
2025-08-29 16:03:43.566 +03:30 [INF] Route matched with {action = "Reset", controller = "Admin"}. Executing controller action with signature Microsoft.AspNetCore.Mvc.IActionResult Reset(Domain.Polisy.DailyTradePolicy) on controller Api.Controllers.AdminController (Api).
2025-08-29 16:03:43.570 +03:30 [INF] Executing action method Api.Controllers.AdminController.Reset (Api) - Validation state: "Valid"
2025-08-29 16:03:43.573 +03:30 [INF] Executed action method Api.Controllers.AdminController.Reset (Api), returned result Microsoft.AspNetCore.Mvc.OkObjectResult in 1.3744ms.
2025-08-29 16:03:43.575 +03:30 [INF] Executing OkObjectResult, writing value of type '<>f__AnonymousType0`2[[System.Boolean, System.Private.CoreLib, Version=9.0.0.0, Culture=neutral, PublicKeyToken=7cec85d7bea7798e],[System.Boolean, System.Private.CoreLib, Version=9.0.0.0, Culture=neutral, PublicKeyToken=7cec85d7bea7798e]]'.
2025-08-29 16:03:43.585 +03:30 [INF] Executed action Api.Controllers.AdminController.Reset (Api) in 15.7032ms
2025-08-29 16:03:43.593 +03:30 [INF] Executed endpoint 'Api.Controllers.AdminController.Reset (Api)'
2025-08-29 16:03:43.594 +03:30 [INF] HTTP POST /api/admin/policy/reset responded 200 in 50.8 ms
2025-08-29 16:03:43.598 +03:30 [INF] Request finished HTTP/1.1 POST http://localhost:5005/api/admin/policy/reset - 200 null application/json; charset=utf-8 66.2145ms
2025-08-29 16:03:54.375 +03:30 [INF] Request starting HTTP/1.1 POST http://localhost:5005/api/traed/evaluate - application/json 155
2025-08-29 16:03:54.381 +03:30 [INF] Executing endpoint 'Api.Controllers.TradeController.Evaluate (Api)'
2025-08-29 16:03:54.403 +03:30 [INF] Route matched with {action = "Evaluate", controller = "Trade"}. Executing controller action with signature System.Threading.Tasks.Task`1[Microsoft.AspNetCore.Mvc.IActionResult] Evaluate(Application.Command.EvaluateCommand) on controller Api.Controllers.TradeController (Api).
2025-08-29 16:03:54.411 +03:30 [INF] Executing action method Api.Controllers.TradeController.Evaluate (Api) - Validation state: "Valid"
2025-08-29 16:03:54.420 +03:30 [INF] Handling EvaluateCommand {"Symbol":"","Timeframe":"","Open":1,"High":1,"Low":1,"Close":1,"Atr":1,"Bid":1,"Ask":1,"Equity":1,"OpenTrades":1,"$type":"EvaluateCommand"}
2025-08-29 16:03:54.433 +03:30 [INF] 📊 EVALUATE / -> "Hold" Size=0 SL=null TP=null
2025-08-29 16:03:54.436 +03:30 [INF] Handled EvaluateCommand => {"Action":"Hold","Size":0,"Sl":0,"Tp":0,"Note":"bad market","$type":"DecisionDto"}
2025-08-29 16:03:54.442 +03:30 [INF] Executed action method Api.Controllers.TradeController.Evaluate (Api), returned result Microsoft.AspNetCore.Mvc.ContentResult in 22.5165ms.
2025-08-29 16:03:54.444 +03:30 [INF] Executing ContentResult with HTTP Response ContentType of text/plain
2025-08-29 16:03:54.447 +03:30 [INF] Executed action Api.Controllers.TradeController.Evaluate (Api) in 40.3094ms
2025-08-29 16:03:54.450 +03:30 [INF] Executed endpoint 'Api.Controllers.TradeController.Evaluate (Api)'
2025-08-29 16:03:54.454 +03:30 [INF] HTTP POST /api/traed/evaluate responded 200 in 72.6 ms
2025-08-29 16:03:54.456 +03:30 [INF] Request finished HTTP/1.1 POST http://localhost:5005/api/traed/evaluate - 200 21 text/plain 80.3567ms
2025-08-29 16:03:55.659 +03:30 [INF] Request starting HTTP/1.1 POST http://localhost:5005/api/traed/evaluate - application/json 155
2025-08-29 16:03:55.670 +03:30 [INF] Executing endpoint 'Api.Controllers.TradeController.Evaluate (Api)'
2025-08-29 16:03:55.686 +03:30 [INF] Route matched with {action = "Evaluate", controller = "Trade"}. Executing controller action with signature System.Threading.Tasks.Task`1[Microsoft.AspNetCore.Mvc.IActionResult] Evaluate(Application.Command.EvaluateCommand) on controller Api.Controllers.TradeController (Api).
2025-08-29 16:03:55.698 +03:30 [INF] Executing action method Api.Controllers.TradeController.Evaluate (Api) - Validation state: "Valid"
2025-08-29 16:03:55.704 +03:30 [INF] Handling EvaluateCommand {"Symbol":"","Timeframe":"","Open":1,"High":1,"Low":1,"Close":1,"Atr":1,"Bid":1,"Ask":1,"Equity":1,"OpenTrades":1,"$type":"EvaluateCommand"}
2025-08-29 16:03:55.716 +03:30 [INF] 📊 EVALUATE / -> "Hold" Size=0 SL=null TP=null
2025-08-29 16:03:55.719 +03:30 [INF] Handled EvaluateCommand => {"Action":"Hold","Size":0,"Sl":0,"Tp":0,"Note":"bad market","$type":"DecisionDto"}
2025-08-29 16:03:55.725 +03:30 [INF] Executed action method Api.Controllers.TradeController.Evaluate (Api), returned result Microsoft.AspNetCore.Mvc.ContentResult in 21.458ms.
2025-08-29 16:03:55.727 +03:30 [INF] Executing ContentResult with HTTP Response ContentType of text/plain
2025-08-29 16:03:55.730 +03:30 [INF] Executed action Api.Controllers.TradeController.Evaluate (Api) in 34.989ms
2025-08-29 16:03:55.733 +03:30 [INF] Executed endpoint 'Api.Controllers.TradeController.Evaluate (Api)'
2025-08-29 16:03:55.736 +03:30 [INF] HTTP POST /api/traed/evaluate responded 200 in 65.4 ms
2025-08-29 16:03:55.738 +03:30 [INF] Request finished HTTP/1.1 POST http://localhost:5005/api/traed/evaluate - 200 21 text/plain 78.9995ms
2025-08-29 16:03:56.583 +03:30 [INF] Request starting HTTP/1.1 POST http://localhost:5005/api/traed/evaluate - application/json 155
2025-08-29 16:03:56.590 +03:30 [INF] Executing endpoint 'Api.Controllers.TradeController.Evaluate (Api)'
2025-08-29 16:03:56.602 +03:30 [INF] Route matched with {action = "Evaluate", controller = "Trade"}. Executing controller action with signature System.Threading.Tasks.Task`1[Microsoft.AspNetCore.Mvc.IActionResult] Evaluate(Application.Command.EvaluateCommand) on controller Api.Controllers.TradeController (Api).
2025-08-29 16:03:56.622 +03:30 [INF] Executing action method Api.Controllers.TradeController.Evaluate (Api) - Validation state: "Valid"
2025-08-29 16:03:56.624 +03:30 [INF] Handling EvaluateCommand {"Symbol":"","Timeframe":"","Open":1,"High":1,"Low":1,"Close":1,"Atr":1,"Bid":1,"Ask":1,"Equity":1,"OpenTrades":1,"$type":"EvaluateCommand"}
2025-08-29 16:03:56.675 +03:30 [INF] 📊 EVALUATE / -> "Hold" Size=0 SL=null TP=null
2025-08-29 16:03:56.684 +03:30 [INF] Handled EvaluateCommand => {"Action":"Hold","Size":0,"Sl":0,"Tp":0,"Note":"bad market","$type":"DecisionDto"}
2025-08-29 16:03:56.700 +03:30 [INF] Executed action method Api.Controllers.TradeController.Evaluate (Api), returned result Microsoft.AspNetCore.Mvc.ContentResult in 75.6758ms.
2025-08-29 16:03:56.702 +03:30 [INF] Executing ContentResult with HTTP Response ContentType of text/plain
2025-08-29 16:03:56.704 +03:30 [INF] Executed action Api.Controllers.TradeController.Evaluate (Api) in 82.5807ms
2025-08-29 16:03:56.718 +03:30 [INF] Executed endpoint 'Api.Controllers.TradeController.Evaluate (Api)'
2025-08-29 16:03:56.724 +03:30 [INF] HTTP POST /api/traed/evaluate responded 200 in 134.1 ms
2025-08-29 16:03:56.733 +03:30 [INF] Request finished HTTP/1.1 POST http://localhost:5005/api/traed/evaluate - 200 21 text/plain 149.8889ms
2025-08-29 16:03:59.163 +03:30 [INF] Request starting HTTP/1.1 POST http://localhost:5005/api/traed/evaluate - application/json 155
2025-08-29 16:03:59.168 +03:30 [INF] Executing endpoint 'Api.Controllers.TradeController.Evaluate (Api)'
2025-08-29 16:03:59.171 +03:30 [INF] Route matched with {action = "Evaluate", controller = "Trade"}. Executing controller action with signature System.Threading.Tasks.Task`1[Microsoft.AspNetCore.Mvc.IActionResult] Evaluate(Application.Command.EvaluateCommand) on controller Api.Controllers.TradeController (Api).
2025-08-29 16:03:59.177 +03:30 [INF] Executing action method Api.Controllers.TradeController.Evaluate (Api) - Validation state: "Valid"
2025-08-29 16:03:59.182 +03:30 [INF] Handling EvaluateCommand {"Symbol":"","Timeframe":"","Open":1,"High":1,"Low":1,"Close":1,"Atr":1,"Bid":1,"Ask":1,"Equity":1,"OpenTrades":1,"$type":"EvaluateCommand"}
2025-08-29 16:03:59.209 +03:30 [INF] 📊 EVALUATE / -> "Hold" Size=0 SL=null TP=null
2025-08-29 16:03:59.213 +03:30 [INF] Handled EvaluateCommand => {"Action":"Hold","Size":0,"Sl":0,"Tp":0,"Note":"bad market","$type":"DecisionDto"}
2025-08-29 16:03:59.221 +03:30 [INF] Executed action method Api.Controllers.TradeController.Evaluate (Api), returned result Microsoft.AspNetCore.Mvc.ContentResult in 39.3973ms.
2025-08-29 16:03:59.225 +03:30 [INF] Executing ContentResult with HTTP Response ContentType of text/plain
2025-08-29 16:03:59.227 +03:30 [INF] Executed action Api.Controllers.TradeController.Evaluate (Api) in 50.4756ms
2025-08-29 16:03:59.237 +03:30 [INF] Executed endpoint 'Api.Controllers.TradeController.Evaluate (Api)'
2025-08-29 16:03:59.238 +03:30 [INF] HTTP POST /api/traed/evaluate responded 200 in 70.0 ms
2025-08-29 16:03:59.240 +03:30 [INF] Request finished HTTP/1.1 POST http://localhost:5005/api/traed/evaluate - 200 21 text/plain 76.6956ms
2025-08-29 16:04:00.773 +03:30 [INF] Request starting HTTP/1.1 POST http://localhost:5005/api/traed/evaluate - application/json 155
2025-08-29 16:04:00.779 +03:30 [INF] Executing endpoint 'Api.Controllers.TradeController.Evaluate (Api)'
2025-08-29 16:04:00.781 +03:30 [INF] Route matched with {action = "Evaluate", controller = "Trade"}. Executing controller action with signature System.Threading.Tasks.Task`1[Microsoft.AspNetCore.Mvc.IActionResult] Evaluate(Application.Command.EvaluateCommand) on controller Api.Controllers.TradeController (Api).
2025-08-29 16:04:00.785 +03:30 [INF] Executing action method Api.Controllers.TradeController.Evaluate (Api) - Validation state: "Valid"
2025-08-29 16:04:00.786 +03:30 [INF] Handling EvaluateCommand {"Symbol":"","Timeframe":"","Open":1,"High":1,"Low":1,"Close":1,"Atr":1,"Bid":1,"Ask":1,"Equity":1,"OpenTrades":1,"$type":"EvaluateCommand"}
2025-08-29 16:04:00.802 +03:30 [INF] 📊 EVALUATE / -> "Hold" Size=0 SL=null TP=null
2025-08-29 16:04:00.804 +03:30 [INF] Handled EvaluateCommand => {"Action":"Hold","Size":0,"Sl":0,"Tp":0,"Note":"bad market","$type":"DecisionDto"}
2025-08-29 16:04:00.808 +03:30 [INF] Executed action method Api.Controllers.TradeController.Evaluate (Api), returned result Microsoft.AspNetCore.Mvc.ContentResult in 21.965ms.
2025-08-29 16:04:00.810 +03:30 [INF] Executing ContentResult with HTTP Response ContentType of text/plain
2025-08-29 16:04:00.815 +03:30 [INF] Executed action Api.Controllers.TradeController.Evaluate (Api) in 30.7557ms
2025-08-29 16:04:00.836 +03:30 [INF] Executed endpoint 'Api.Controllers.TradeController.Evaluate (Api)'
2025-08-29 16:04:00.837 +03:30 [INF] HTTP POST /api/traed/evaluate responded 200 in 58.1 ms
2025-08-29 16:04:00.847 +03:30 [INF] Request finished HTTP/1.1 POST http://localhost:5005/api/traed/evaluate - 200 21 text/plain 73.8316ms
2025-08-29 16:04:04.325 +03:30 [INF] Request starting HTTP/1.1 POST http://localhost:5005/api/traed/evaluate - application/json 155
2025-08-29 16:04:04.329 +03:30 [INF] Executing endpoint 'Api.Controllers.TradeController.Evaluate (Api)'
2025-08-29 16:04:04.331 +03:30 [INF] Route matched with {action = "Evaluate", controller = "Trade"}. Executing controller action with signature System.Threading.Tasks.Task`1[Microsoft.AspNetCore.Mvc.IActionResult] Evaluate(Application.Command.EvaluateCommand) on controller Api.Controllers.TradeController (Api).
2025-08-29 16:04:04.337 +03:30 [INF] Executing action method Api.Controllers.TradeController.Evaluate (Api) - Validation state: "Valid"
2025-08-29 16:04:04.339 +03:30 [INF] Handling EvaluateCommand {"Symbol":"","Timeframe":"","Open":1,"High":1,"Low":1,"Close":1,"Atr":1,"Bid":1,"Ask":1,"Equity":1,"OpenTrades":1,"$type":"EvaluateCommand"}
2025-08-29 16:04:04.350 +03:30 [INF] 📊 EVALUATE / -> "Hold" Size=0 SL=null TP=null
2025-08-29 16:04:04.352 +03:30 [INF] Handled EvaluateCommand => {"Action":"Hold","Size":0,"Sl":0,"Tp":0,"Note":"bad market","$type":"DecisionDto"}
2025-08-29 16:04:04.356 +03:30 [INF] Executed action method Api.Controllers.TradeController.Evaluate (Api), returned result Microsoft.AspNetCore.Mvc.ContentResult in 17.2402ms.
2025-08-29 16:04:04.358 +03:30 [INF] Executing ContentResult with HTTP Response ContentType of text/plain
2025-08-29 16:04:04.359 +03:30 [INF] Executed action Api.Controllers.TradeController.Evaluate (Api) in 22.928ms
2025-08-29 16:04:04.377 +03:30 [INF] Executed endpoint 'Api.Controllers.TradeController.Evaluate (Api)'
2025-08-29 16:04:04.381 +03:30 [INF] HTTP POST /api/traed/evaluate responded 200 in 51.8 ms
2025-08-29 16:04:04.383 +03:30 [INF] Request finished HTTP/1.1 POST http://localhost:5005/api/traed/evaluate - 200 21 text/plain 58.0511ms
2025-08-29 16:04:05.873 +03:30 [INF] Request starting HTTP/1.1 POST http://localhost:5005/api/traed/evaluate - application/json 155
2025-08-29 16:04:05.885 +03:30 [INF] Executing endpoint 'Api.Controllers.TradeController.Evaluate (Api)'
2025-08-29 16:04:05.889 +03:30 [INF] Route matched with {action = "Evaluate", controller = "Trade"}. Executing controller action with signature System.Threading.Tasks.Task`1[Microsoft.AspNetCore.Mvc.IActionResult] Evaluate(Application.Command.EvaluateCommand) on controller Api.Controllers.TradeController (Api).
2025-08-29 16:04:05.893 +03:30 [INF] Executing action method Api.Controllers.TradeController.Evaluate (Api) - Validation state: "Valid"
2025-08-29 16:04:05.906 +03:30 [INF] Handling EvaluateCommand {"Symbol":"","Timeframe":"","Open":1,"High":1,"Low":1,"Close":1,"Atr":1,"Bid":1,"Ask":1,"Equity":1,"OpenTrades":1,"$type":"EvaluateCommand"}
2025-08-29 16:04:05.928 +03:30 [INF] 📊 EVALUATE / -> "Hold" Size=0 SL=null TP=null
2025-08-29 16:04:05.932 +03:30 [INF] Handled EvaluateCommand => {"Action":"Hold","Size":0,"Sl":0,"Tp":0,"Note":"bad market","$type":"DecisionDto"}
2025-08-29 16:04:05.936 +03:30 [INF] Executed action method Api.Controllers.TradeController.Evaluate (Api), returned result Microsoft.AspNetCore.Mvc.ContentResult in 30.6751ms.
2025-08-29 16:04:05.939 +03:30 [INF] Executing ContentResult with HTTP Response ContentType of text/plain
2025-08-29 16:04:05.940 +03:30 [INF] Executed action Api.Controllers.TradeController.Evaluate (Api) in 47.7148ms
2025-08-29 16:04:05.942 +03:30 [INF] Executed endpoint 'Api.Controllers.TradeController.Evaluate (Api)'
2025-08-29 16:04:05.949 +03:30 [INF] HTTP POST /api/traed/evaluate responded 200 in 64.0 ms
2025-08-29 16:04:05.951 +03:30 [INF] Request finished HTTP/1.1 POST http://localhost:5005/api/traed/evaluate - 200 21 text/plain 78.2919ms
2025-08-29 16:04:07.807 +03:30 [INF] Request starting HTTP/1.1 POST http://localhost:5005/api/traed/evaluate - application/json 155
2025-08-29 16:04:07.814 +03:30 [INF] Executing endpoint 'Api.Controllers.TradeController.Evaluate (Api)'
2025-08-29 16:04:07.818 +03:30 [INF] Route matched with {action = "Evaluate", controller = "Trade"}. Executing controller action with signature System.Threading.Tasks.Task`1[Microsoft.AspNetCore.Mvc.IActionResult] Evaluate(Application.Command.EvaluateCommand) on controller Api.Controllers.TradeController (Api).
2025-08-29 16:04:07.838 +03:30 [INF] Executing action method Api.Controllers.TradeController.Evaluate (Api) - Validation state: "Valid"
2025-08-29 16:04:07.840 +03:30 [INF] Handling EvaluateCommand {"Symbol":"","Timeframe":"","Open":1,"High":1,"Low":1,"Close":1,"Atr":1,"Bid":1,"Ask":1,"Equity":1,"OpenTrades":1,"$type":"EvaluateCommand"}
2025-08-29 16:04:07.867 +03:30 [INF] 📊 EVALUATE / -> "Hold" Size=0 SL=null TP=null
2025-08-29 16:04:07.871 +03:30 [INF] Handled EvaluateCommand => {"Action":"Hold","Size":0,"Sl":0,"Tp":0,"Note":"bad market","$type":"DecisionDto"}
2025-08-29 16:04:07.878 +03:30 [INF] Executed action method Api.Controllers.TradeController.Evaluate (Api), returned result Microsoft.AspNetCore.Mvc.ContentResult in 38.4136ms.
2025-08-29 16:04:07.882 +03:30 [INF] Executing ContentResult with HTTP Response ContentType of text/plain
2025-08-29 16:04:07.886 +03:30 [INF] Executed action Api.Controllers.TradeController.Evaluate (Api) in 48.6974ms
2025-08-29 16:04:07.905 +03:30 [INF] Executed endpoint 'Api.Controllers.TradeController.Evaluate (Api)'
2025-08-29 16:04:07.910 +03:30 [INF] HTTP POST /api/traed/evaluate responded 200 in 96.8 ms
2025-08-29 16:04:07.922 +03:30 [INF] Request finished HTTP/1.1 POST http://localhost:5005/api/traed/evaluate - 200 21 text/plain 114.933ms
2025-08-29 16:04:09.376 +03:30 [INF] Request starting HTTP/1.1 POST http://localhost:5005/api/traed/evaluate - application/json 155
2025-08-29 16:04:09.382 +03:30 [INF] Executing endpoint 'Api.Controllers.TradeController.Evaluate (Api)'
2025-08-29 16:04:09.395 +03:30 [INF] Route matched with {action = "Evaluate", controller = "Trade"}. Executing controller action with signature System.Threading.Tasks.Task`1[Microsoft.AspNetCore.Mvc.IActionResult] Evaluate(Application.Command.EvaluateCommand) on controller Api.Controllers.TradeController (Api).
2025-08-29 16:04:09.398 +03:30 [INF] Executing action method Api.Controllers.TradeController.Evaluate (Api) - Validation state: "Valid"
2025-08-29 16:04:09.401 +03:30 [INF] Handling EvaluateCommand {"Symbol":"","Timeframe":"","Open":1,"High":1,"Low":1,"Close":1,"Atr":1,"Bid":1,"Ask":1,"Equity":1,"OpenTrades":1,"$type":"EvaluateCommand"}
2025-08-29 16:04:09.409 +03:30 [INF] 📊 EVALUATE / -> "Hold" Size=0 SL=null TP=null
2025-08-29 16:04:09.411 +03:30 [INF] Handled EvaluateCommand => {"Action":"Hold","Size":0,"Sl":0,"Tp":0,"Note":"bad market","$type":"DecisionDto"}
2025-08-29 16:04:09.419 +03:30 [INF] Executed action method Api.Controllers.TradeController.Evaluate (Api), returned result Microsoft.AspNetCore.Mvc.ContentResult in 18.2292ms.
2025-08-29 16:04:09.422 +03:30 [INF] Executing ContentResult with HTTP Response ContentType of text/plain
2025-08-29 16:04:09.423 +03:30 [INF] Executed action Api.Controllers.TradeController.Evaluate (Api) in 25.3275ms
2025-08-29 16:04:09.460 +03:30 [INF] Executed endpoint 'Api.Controllers.TradeController.Evaluate (Api)'
2025-08-29 16:04:09.468 +03:30 [INF] HTTP POST /api/traed/evaluate responded 200 in 86.3 ms
2025-08-29 16:04:09.470 +03:30 [INF] Request finished HTTP/1.1 POST http://localhost:5005/api/traed/evaluate - 200 21 text/plain 93.2246ms
2025-08-29 16:04:13.160 +03:30 [INF] Request starting HTTP/1.1 POST http://localhost:5005/api/traed/evaluate - application/json 155
2025-08-29 16:04:13.166 +03:30 [INF] Executing endpoint 'Api.Controllers.TradeController.Evaluate (Api)'
2025-08-29 16:04:13.169 +03:30 [INF] Route matched with {action = "Evaluate", controller = "Trade"}. Executing controller action with signature System.Threading.Tasks.Task`1[Microsoft.AspNetCore.Mvc.IActionResult] Evaluate(Application.Command.EvaluateCommand) on controller Api.Controllers.TradeController (Api).
2025-08-29 16:04:13.172 +03:30 [INF] Executing action method Api.Controllers.TradeController.Evaluate (Api) - Validation state: "Valid"
2025-08-29 16:04:13.173 +03:30 [INF] Handling EvaluateCommand {"Symbol":"","Timeframe":"","Open":1,"High":1,"Low":1,"Close":1,"Atr":1,"Bid":1,"Ask":1,"Equity":1,"OpenTrades":1,"$type":"EvaluateCommand"}
2025-08-29 16:04:13.194 +03:30 [INF] 📊 EVALUATE / -> "Hold" Size=0 SL=null TP=null
2025-08-29 16:04:13.197 +03:30 [INF] Handled EvaluateCommand => {"Action":"Hold","Size":0,"Sl":0,"Tp":0,"Note":"bad market","$type":"DecisionDto"}
2025-08-29 16:04:13.205 +03:30 [INF] Executed action method Api.Controllers.TradeController.Evaluate (Api), returned result Microsoft.AspNetCore.Mvc.ContentResult in 31.9789ms.
2025-08-29 16:04:13.208 +03:30 [INF] Executing ContentResult with HTTP Response ContentType of text/plain
2025-08-29 16:04:13.210 +03:30 [INF] Executed action Api.Controllers.TradeController.Evaluate (Api) in 38.5285ms
2025-08-29 16:04:13.218 +03:30 [INF] Executed endpoint 'Api.Controllers.TradeController.Evaluate (Api)'
2025-08-29 16:04:13.220 +03:30 [INF] HTTP POST /api/traed/evaluate responded 200 in 54.4 ms
2025-08-29 16:04:13.222 +03:30 [INF] Request finished HTTP/1.1 POST http://localhost:5005/api/traed/evaluate - 200 21 text/plain 61.7273ms
2025-08-29 16:04:13.317 +03:30 [INF] Request starting HTTP/1.1 POST http://localhost:5005/api/traed/evaluate - application/json 155
2025-08-29 16:04:13.323 +03:30 [INF] Executing endpoint 'Api.Controllers.TradeController.Evaluate (Api)'
2025-08-29 16:04:13.325 +03:30 [INF] Route matched with {action = "Evaluate", controller = "Trade"}. Executing controller action with signature System.Threading.Tasks.Task`1[Microsoft.AspNetCore.Mvc.IActionResult] Evaluate(Application.Command.EvaluateCommand) on controller Api.Controllers.TradeController (Api).
2025-08-29 16:04:13.330 +03:30 [INF] Executing action method Api.Controllers.TradeController.Evaluate (Api) - Validation state: "Valid"
2025-08-29 16:04:13.334 +03:30 [INF] Handling EvaluateCommand {"Symbol":"","Timeframe":"","Open":1,"High":1,"Low":1,"Close":1,"Atr":1,"Bid":1,"Ask":1,"Equity":1,"OpenTrades":1,"$type":"EvaluateCommand"}
2025-08-29 16:04:13.369 +03:30 [INF] 📊 EVALUATE / -> "Hold" Size=0 SL=null TP=null
2025-08-29 16:04:13.372 +03:30 [INF] Handled EvaluateCommand => {"Action":"Hold","Size":0,"Sl":0,"Tp":0,"Note":"bad market","$type":"DecisionDto"}
2025-08-29 16:04:13.384 +03:30 [INF] Executed action method Api.Controllers.TradeController.Evaluate (Api), returned result Microsoft.AspNetCore.Mvc.ContentResult in 50.6482ms.
2025-08-29 16:04:13.391 +03:30 [INF] Executing ContentResult with HTTP Response ContentType of text/plain
2025-08-29 16:04:13.393 +03:30 [INF] Executed action Api.Controllers.TradeController.Evaluate (Api) in 63.3031ms
2025-08-29 16:04:13.419 +03:30 [INF] Executed endpoint 'Api.Controllers.TradeController.Evaluate (Api)'
2025-08-29 16:04:13.420 +03:30 [INF] HTTP POST /api/traed/evaluate responded 200 in 96.6 ms
2025-08-29 16:04:13.422 +03:30 [INF] Request finished HTTP/1.1 POST http://localhost:5005/api/traed/evaluate - 200 21 text/plain 104.7669ms
2025-08-29 16:04:13.471 +03:30 [INF] Request starting HTTP/1.1 POST http://localhost:5005/api/traed/evaluate - application/json 155
2025-08-29 16:04:13.476 +03:30 [INF] Executing endpoint 'Api.Controllers.TradeController.Evaluate (Api)'
2025-08-29 16:04:13.480 +03:30 [INF] Route matched with {action = "Evaluate", controller = "Trade"}. Executing controller action with signature System.Threading.Tasks.Task`1[Microsoft.AspNetCore.Mvc.IActionResult] Evaluate(Application.Command.EvaluateCommand) on controller Api.Controllers.TradeController (Api).
2025-08-29 16:04:13.482 +03:30 [INF] Executing action method Api.Controllers.TradeController.Evaluate (Api) - Validation state: "Valid"
2025-08-29 16:04:13.484 +03:30 [INF] Handling EvaluateCommand {"Symbol":"","Timeframe":"","Open":1,"High":1,"Low":1,"Close":1,"Atr":1,"Bid":1,"Ask":1,"Equity":1,"OpenTrades":1,"$type":"EvaluateCommand"}
2025-08-29 16:04:13.496 +03:30 [INF] 📊 EVALUATE / -> "Hold" Size=0 SL=null TP=null
2025-08-29 16:04:13.498 +03:30 [INF] Handled EvaluateCommand => {"Action":"Hold","Size":0,"Sl":0,"Tp":0,"Note":"bad market","$type":"DecisionDto"}
2025-08-29 16:04:13.505 +03:30 [INF] Executed action method Api.Controllers.TradeController.Evaluate (Api), returned result Microsoft.AspNetCore.Mvc.ContentResult in 21.3039ms.
2025-08-29 16:04:13.508 +03:30 [INF] Executing ContentResult with HTTP Response ContentType of text/plain
2025-08-29 16:04:13.510 +03:30 [INF] Executed action Api.Controllers.TradeController.Evaluate (Api) in 28.1389ms
2025-08-29 16:04:13.534 +03:30 [INF] Executed endpoint 'Api.Controllers.TradeController.Evaluate (Api)'
2025-08-29 16:04:13.537 +03:30 [INF] HTTP POST /api/traed/evaluate responded 200 in 60.8 ms
2025-08-29 16:04:13.539 +03:30 [INF] Request finished HTTP/1.1 POST http://localhost:5005/api/traed/evaluate - 200 21 text/plain 68.5842ms
2025-08-29 16:04:13.616 +03:30 [INF] Request starting HTTP/1.1 POST http://localhost:5005/api/traed/evaluate - application/json 155
2025-08-29 16:04:13.623 +03:30 [INF] Executing endpoint 'Api.Controllers.TradeController.Evaluate (Api)'
2025-08-29 16:04:13.626 +03:30 [INF] Route matched with {action = "Evaluate", controller = "Trade"}. Executing controller action with signature System.Threading.Tasks.Task`1[Microsoft.AspNetCore.Mvc.IActionResult] Evaluate(Application.Command.EvaluateCommand) on controller Api.Controllers.TradeController (Api).
2025-08-29 16:04:13.632 +03:30 [INF] Executing action method Api.Controllers.TradeController.Evaluate (Api) - Validation state: "Valid"
2025-08-29 16:04:13.634 +03:30 [INF] Handling EvaluateCommand {"Symbol":"","Timeframe":"","Open":1,"High":1,"Low":1,"Close":1,"Atr":1,"Bid":1,"Ask":1,"Equity":1,"OpenTrades":1,"$type":"EvaluateCommand"}
2025-08-29 16:04:13.656 +03:30 [INF] 📊 EVALUATE / -> "Hold" Size=0 SL=null TP=null
2025-08-29 16:04:13.659 +03:30 [INF] Handled EvaluateCommand => {"Action":"Hold","Size":0,"Sl":0,"Tp":0,"Note":"bad market","$type":"DecisionDto"}
2025-08-29 16:04:13.666 +03:30 [INF] Executed action method Api.Controllers.TradeController.Evaluate (Api), returned result Microsoft.AspNetCore.Mvc.ContentResult in 32.2254ms.
2025-08-29 16:04:13.669 +03:30 [INF] Executing ContentResult with HTTP Response ContentType of text/plain
2025-08-29 16:04:13.671 +03:30 [INF] Executed action Api.Controllers.TradeController.Evaluate (Api) in 40.9673ms
2025-08-29 16:04:13.680 +03:30 [INF] Executed endpoint 'Api.Controllers.TradeController.Evaluate (Api)'
2025-08-29 16:04:13.686 +03:30 [INF] HTTP POST /api/traed/evaluate responded 200 in 62.8 ms
2025-08-29 16:04:13.688 +03:30 [INF] Request finished HTTP/1.1 POST http://localhost:5005/api/traed/evaluate - 200 21 text/plain 72.4261ms
2025-08-29 16:04:13.756 +03:30 [INF] Request starting HTTP/1.1 POST http://localhost:5005/api/traed/evaluate - application/json 155
2025-08-29 16:04:13.766 +03:30 [INF] Executing endpoint 'Api.Controllers.TradeController.Evaluate (Api)'
2025-08-29 16:04:13.768 +03:30 [INF] Route matched with {action = "Evaluate", controller = "Trade"}. Executing controller action with signature System.Threading.Tasks.Task`1[Microsoft.AspNetCore.Mvc.IActionResult] Evaluate(Application.Command.EvaluateCommand) on controller Api.Controllers.TradeController (Api).
2025-08-29 16:04:13.773 +03:30 [INF] Executing action method Api.Controllers.TradeController.Evaluate (Api) - Validation state: "Valid"
2025-08-29 16:04:13.774 +03:30 [INF] Handling EvaluateCommand {"Symbol":"","Timeframe":"","Open":1,"High":1,"Low":1,"Close":1,"Atr":1,"Bid":1,"Ask":1,"Equity":1,"OpenTrades":1,"$type":"EvaluateCommand"}
2025-08-29 16:04:13.786 +03:30 [INF] 📊 EVALUATE / -> "Hold" Size=0 SL=null TP=null
2025-08-29 16:04:13.788 +03:30 [INF] Handled EvaluateCommand => {"Action":"Hold","Size":0,"Sl":0,"Tp":0,"Note":"bad market","$type":"DecisionDto"}
2025-08-29 16:04:13.796 +03:30 [INF] Executed action method Api.Controllers.TradeController.Evaluate (Api), returned result Microsoft.AspNetCore.Mvc.ContentResult in 21.7521ms.
2025-08-29 16:04:13.797 +03:30 [INF] Executing ContentResult with HTTP Response ContentType of text/plain
2025-08-29 16:04:13.799 +03:30 [INF] Executed action Api.Controllers.TradeController.Evaluate (Api) in 27.2948ms
2025-08-29 16:04:13.802 +03:30 [INF] Executed endpoint 'Api.Controllers.TradeController.Evaluate (Api)'
2025-08-29 16:04:13.810 +03:30 [INF] HTTP POST /api/traed/evaluate responded 200 in 43.7 ms
2025-08-29 16:04:13.816 +03:30 [INF] Request finished HTTP/1.1 POST http://localhost:5005/api/traed/evaluate - 200 21 text/plain 60.3828ms
2025-08-29 16:04:13.900 +03:30 [INF] Request starting HTTP/1.1 POST http://localhost:5005/api/traed/evaluate - application/json 155
2025-08-29 16:04:13.904 +03:30 [INF] Executing endpoint 'Api.Controllers.TradeController.Evaluate (Api)'
2025-08-29 16:04:13.906 +03:30 [INF] Route matched with {action = "Evaluate", controller = "Trade"}. Executing controller action with signature System.Threading.Tasks.Task`1[Microsoft.AspNetCore.Mvc.IActionResult] Evaluate(Application.Command.EvaluateCommand) on controller Api.Controllers.TradeController (Api).
2025-08-29 16:04:13.911 +03:30 [INF] Executing action method Api.Controllers.TradeController.Evaluate (Api) - Validation state: "Valid"
2025-08-29 16:04:13.913 +03:30 [INF] Handling EvaluateCommand {"Symbol":"","Timeframe":"","Open":1,"High":1,"Low":1,"Close":1,"Atr":1,"Bid":1,"Ask":1,"Equity":1,"OpenTrades":1,"$type":"EvaluateCommand"}
2025-08-29 16:04:13.942 +03:30 [INF] 📊 EVALUATE / -> "Hold" Size=0 SL=null TP=null
2025-08-29 16:04:13.960 +03:30 [INF] Handled EvaluateCommand => {"Action":"Hold","Size":0,"Sl":0,"Tp":0,"Note":"bad market","$type":"DecisionDto"}
2025-08-29 16:04:13.989 +03:30 [INF] Executed action method Api.Controllers.TradeController.Evaluate (Api), returned result Microsoft.AspNetCore.Mvc.ContentResult in 76.9028ms.
2025-08-29 16:04:13.992 +03:30 [INF] Executing ContentResult with HTTP Response ContentType of text/plain
2025-08-29 16:04:13.993 +03:30 [INF] Executed action Api.Controllers.TradeController.Evaluate (Api) in 83.2206ms
2025-08-29 16:04:14.010 +03:30 [INF] Executed endpoint 'Api.Controllers.TradeController.Evaluate (Api)'
2025-08-29 16:04:14.026 +03:30 [INF] Request starting HTTP/1.1 POST http://localhost:5005/api/traed/evaluate - application/json 155
2025-08-29 16:04:14.028 +03:30 [INF] HTTP POST /api/traed/evaluate responded 200 in 124.2 ms
2025-08-29 16:04:14.035 +03:30 [INF] Executing endpoint 'Api.Controllers.TradeController.Evaluate (Api)'
2025-08-29 16:04:14.036 +03:30 [INF] Request finished HTTP/1.1 POST http://localhost:5005/api/traed/evaluate - 200 21 text/plain 136.6594ms
2025-08-29 16:04:14.037 +03:30 [INF] Route matched with {action = "Evaluate", controller = "Trade"}. Executing controller action with signature System.Threading.Tasks.Task`1[Microsoft.AspNetCore.Mvc.IActionResult] Evaluate(Application.Command.EvaluateCommand) on controller Api.Controllers.TradeController (Api).
2025-08-29 16:04:14.045 +03:30 [INF] Executing action method Api.Controllers.TradeController.Evaluate (Api) - Validation state: "Valid"
2025-08-29 16:04:14.048 +03:30 [INF] Handling EvaluateCommand {"Symbol":"","Timeframe":"","Open":1,"High":1,"Low":1,"Close":1,"Atr":1,"Bid":1,"Ask":1,"Equity":1,"OpenTrades":1,"$type":"EvaluateCommand"}
2025-08-29 16:04:14.057 +03:30 [INF] 📊 EVALUATE / -> "Hold" Size=0 SL=null TP=null
2025-08-29 16:04:14.061 +03:30 [INF] Handled EvaluateCommand => {"Action":"Hold","Size":0,"Sl":0,"Tp":0,"Note":"bad market","$type":"DecisionDto"}
2025-08-29 16:04:14.066 +03:30 [INF] Executed action method Api.Controllers.TradeController.Evaluate (Api), returned result Microsoft.AspNetCore.Mvc.ContentResult in 18.2527ms.
2025-08-29 16:04:14.072 +03:30 [INF] Executing ContentResult with HTTP Response ContentType of text/plain
2025-08-29 16:04:14.074 +03:30 [INF] Executed action Api.Controllers.TradeController.Evaluate (Api) in 30.0069ms
2025-08-29 16:04:14.076 +03:30 [INF] Executed endpoint 'Api.Controllers.TradeController.Evaluate (Api)'
2025-08-29 16:04:14.081 +03:30 [INF] HTTP POST /api/traed/evaluate responded 200 in 46.1 ms
2025-08-29 16:04:14.083 +03:30 [INF] Request finished HTTP/1.1 POST http://localhost:5005/api/traed/evaluate - 200 21 text/plain 57.0413ms
2025-08-29 16:04:14.195 +03:30 [INF] Request starting HTTP/1.1 POST http://localhost:5005/api/traed/evaluate - application/json 155
2025-08-29 16:04:14.203 +03:30 [INF] Executing endpoint 'Api.Controllers.TradeController.Evaluate (Api)'
2025-08-29 16:04:14.205 +03:30 [INF] Route matched with {action = "Evaluate", controller = "Trade"}. Executing controller action with signature System.Threading.Tasks.Task`1[Microsoft.AspNetCore.Mvc.IActionResult] Evaluate(Application.Command.EvaluateCommand) on controller Api.Controllers.TradeController (Api).
2025-08-29 16:04:14.208 +03:30 [INF] Executing action method Api.Controllers.TradeController.Evaluate (Api) - Validation state: "Valid"
2025-08-29 16:04:14.210 +03:30 [INF] Handling EvaluateCommand {"Symbol":"","Timeframe":"","Open":1,"High":1,"Low":1,"Close":1,"Atr":1,"Bid":1,"Ask":1,"Equity":1,"OpenTrades":1,"$type":"EvaluateCommand"}
2025-08-29 16:04:14.222 +03:30 [INF] 📊 EVALUATE / -> "Hold" Size=0 SL=null TP=null
2025-08-29 16:04:14.224 +03:30 [INF] Handled EvaluateCommand => {"Action":"Hold","Size":0,"Sl":0,"Tp":0,"Note":"bad market","$type":"DecisionDto"}
2025-08-29 16:04:14.234 +03:30 [INF] Executed action method Api.Controllers.TradeController.Evaluate (Api), returned result Microsoft.AspNetCore.Mvc.ContentResult in 24.6922ms.
2025-08-29 16:04:14.242 +03:30 [INF] Executing ContentResult with HTTP Response ContentType of text/plain
2025-08-29 16:04:14.243 +03:30 [INF] Executed action Api.Controllers.TradeController.Evaluate (Api) in 36.1657ms
2025-08-29 16:04:14.297 +03:30 [INF] Executed endpoint 'Api.Controllers.TradeController.Evaluate (Api)'
2025-08-29 16:04:14.300 +03:30 [INF] HTTP POST /api/traed/evaluate responded 200 in 97.3 ms
2025-08-29 16:04:14.303 +03:30 [INF] Request finished HTTP/1.1 POST http://localhost:5005/api/traed/evaluate - 200 21 text/plain 108.0369ms
2025-08-29 16:04:14.339 +03:30 [INF] Request starting HTTP/1.1 POST http://localhost:5005/api/traed/evaluate - application/json 155
2025-08-29 16:04:14.343 +03:30 [INF] Executing endpoint 'Api.Controllers.TradeController.Evaluate (Api)'
2025-08-29 16:04:14.345 +03:30 [INF] Route matched with {action = "Evaluate", controller = "Trade"}. Executing controller action with signature System.Threading.Tasks.Task`1[Microsoft.AspNetCore.Mvc.IActionResult] Evaluate(Application.Command.EvaluateCommand) on controller Api.Controllers.TradeController (Api).
2025-08-29 16:04:14.348 +03:30 [INF] Executing action method Api.Controllers.TradeController.Evaluate (Api) - Validation state: "Valid"
2025-08-29 16:04:14.350 +03:30 [INF] Handling EvaluateCommand {"Symbol":"","Timeframe":"","Open":1,"High":1,"Low":1,"Close":1,"Atr":1,"Bid":1,"Ask":1,"Equity":1,"OpenTrades":1,"$type":"EvaluateCommand"}
2025-08-29 16:04:14.358 +03:30 [INF] 📊 EVALUATE / -> "Hold" Size=0 SL=null TP=null
2025-08-29 16:04:14.364 +03:30 [INF] Handled EvaluateCommand => {"Action":"Hold","Size":0,"Sl":0,"Tp":0,"Note":"bad market","$type":"DecisionDto"}
2025-08-29 16:04:14.373 +03:30 [INF] Executed action method Api.Controllers.TradeController.Evaluate (Api), returned result Microsoft.AspNetCore.Mvc.ContentResult in 24.083ms.
2025-08-29 16:04:14.375 +03:30 [INF] Executing ContentResult with HTTP Response ContentType of text/plain
2025-08-29 16:04:14.388 +03:30 [INF] Executed action Api.Controllers.TradeController.Evaluate (Api) in 40.4007ms
2025-08-29 16:04:14.457 +03:30 [INF] Executed endpoint 'Api.Controllers.TradeController.Evaluate (Api)'
2025-08-29 16:04:14.458 +03:30 [INF] HTTP POST /api/traed/evaluate responded 200 in 115.5 ms
2025-08-29 16:04:14.460 +03:30 [INF] Request finished HTTP/1.1 POST http://localhost:5005/api/traed/evaluate - 200 21 text/plain 121.0849ms
2025-08-29 16:04:14.502 +03:30 [INF] Request starting HTTP/1.1 POST http://localhost:5005/api/traed/evaluate - application/json 155
2025-08-29 16:04:14.507 +03:30 [INF] Executing endpoint 'Api.Controllers.TradeController.Evaluate (Api)'
2025-08-29 16:04:14.508 +03:30 [INF] Route matched with {action = "Evaluate", controller = "Trade"}. Executing controller action with signature System.Threading.Tasks.Task`1[Microsoft.AspNetCore.Mvc.IActionResult] Evaluate(Application.Command.EvaluateCommand) on controller Api.Controllers.TradeController (Api).
2025-08-29 16:04:14.512 +03:30 [INF] Executing action method Api.Controllers.TradeController.Evaluate (Api) - Validation state: "Valid"
2025-08-29 16:04:14.515 +03:30 [INF] Handling EvaluateCommand {"Symbol":"","Timeframe":"","Open":1,"High":1,"Low":1,"Close":1,"Atr":1,"Bid":1,"Ask":1,"Equity":1,"OpenTrades":1,"$type":"EvaluateCommand"}
2025-08-29 16:04:14.526 +03:30 [INF] 📊 EVALUATE / -> "Hold" Size=0 SL=null TP=null
2025-08-29 16:04:14.530 +03:30 [INF] Handled EvaluateCommand => {"Action":"Hold","Size":0,"Sl":0,"Tp":0,"Note":"bad market","$type":"DecisionDto"}
2025-08-29 16:04:14.541 +03:30 [INF] Executed action method Api.Controllers.TradeController.Evaluate (Api), returned result Microsoft.AspNetCore.Mvc.ContentResult in 27.0218ms.
2025-08-29 16:04:14.543 +03:30 [INF] Executing ContentResult with HTTP Response ContentType of text/plain
2025-08-29 16:04:14.547 +03:30 [INF] Executed action Api.Controllers.TradeController.Evaluate (Api) in 35.466ms
2025-08-29 16:04:14.571 +03:30 [INF] Executed endpoint 'Api.Controllers.TradeController.Evaluate (Api)'
2025-08-29 16:04:14.577 +03:30 [INF] HTTP POST /api/traed/evaluate responded 200 in 70.2 ms
2025-08-29 16:04:14.583 +03:30 [INF] Request finished HTTP/1.1 POST http://localhost:5005/api/traed/evaluate - 200 21 text/plain 80.4678ms
2025-08-29 16:04:14.636 +03:30 [INF] Request starting HTTP/1.1 POST http://localhost:5005/api/traed/evaluate - application/json 155
2025-08-29 16:04:14.638 +03:30 [INF] Executing endpoint 'Api.Controllers.TradeController.Evaluate (Api)'
2025-08-29 16:04:14.640 +03:30 [INF] Route matched with {action = "Evaluate", controller = "Trade"}. Executing controller action with signature System.Threading.Tasks.Task`1[Microsoft.AspNetCore.Mvc.IActionResult] Evaluate(Application.Command.EvaluateCommand) on controller Api.Controllers.TradeController (Api).
2025-08-29 16:04:14.671 +03:30 [INF] Executing action method Api.Controllers.TradeController.Evaluate (Api) - Validation state: "Valid"
2025-08-29 16:04:14.674 +03:30 [INF] Handling EvaluateCommand {"Symbol":"","Timeframe":"","Open":1,"High":1,"Low":1,"Close":1,"Atr":1,"Bid":1,"Ask":1,"Equity":1,"OpenTrades":1,"$type":"EvaluateCommand"}
2025-08-29 16:04:14.688 +03:30 [INF] 📊 EVALUATE / -> "Hold" Size=0 SL=null TP=null
2025-08-29 16:04:14.692 +03:30 [INF] Handled EvaluateCommand => {"Action":"Hold","Size":0,"Sl":0,"Tp":0,"Note":"bad market","$type":"DecisionDto"}
2025-08-29 16:04:14.704 +03:30 [INF] Executed action method Api.Controllers.TradeController.Evaluate (Api), returned result Microsoft.AspNetCore.Mvc.ContentResult in 29.9246ms.
2025-08-29 16:04:14.706 +03:30 [INF] Executing ContentResult with HTTP Response ContentType of text/plain
2025-08-29 16:04:14.710 +03:30 [INF] Executed action Api.Controllers.TradeController.Evaluate (Api) in 39.7293ms
2025-08-29 16:04:14.736 +03:30 [INF] Executed endpoint 'Api.Controllers.TradeController.Evaluate (Api)'
2025-08-29 16:04:14.738 +03:30 [INF] HTTP POST /api/traed/evaluate responded 200 in 100.2 ms
2025-08-29 16:04:14.753 +03:30 [INF] Request finished HTTP/1.1 POST http://localhost:5005/api/traed/evaluate - 200 21 text/plain 117.4089ms
2025-08-29 16:04:14.890 +03:30 [INF] Request starting HTTP/1.1 POST http://localhost:5005/api/traed/evaluate - application/json 155
2025-08-29 16:04:14.898 +03:30 [INF] Executing endpoint 'Api.Controllers.TradeController.Evaluate (Api)'
2025-08-29 16:04:14.900 +03:30 [INF] Route matched with {action = "Evaluate", controller = "Trade"}. Executing controller action with signature System.Threading.Tasks.Task`1[Microsoft.AspNetCore.Mvc.IActionResult] Evaluate(Application.Command.EvaluateCommand) on controller Api.Controllers.TradeController (Api).
2025-08-29 16:04:14.903 +03:30 [INF] Executing action method Api.Controllers.TradeController.Evaluate (Api) - Validation state: "Valid"
2025-08-29 16:04:14.904 +03:30 [INF] Handling EvaluateCommand {"Symbol":"","Timeframe":"","Open":1,"High":1,"Low":1,"Close":1,"Atr":1,"Bid":1,"Ask":1,"Equity":1,"OpenTrades":1,"$type":"EvaluateCommand"}
2025-08-29 16:04:14.934 +03:30 [INF] 📊 EVALUATE / -> "Hold" Size=0 SL=null TP=null
2025-08-29 16:04:14.937 +03:30 [INF] Handled EvaluateCommand => {"Action":"Hold","Size":0,"Sl":0,"Tp":0,"Note":"bad market","$type":"DecisionDto"}
2025-08-29 16:04:14.943 +03:30 [INF] Executed action method Api.Controllers.TradeController.Evaluate (Api), returned result Microsoft.AspNetCore.Mvc.ContentResult in 39.1833ms.
2025-08-29 16:04:14.950 +03:30 [INF] Executing ContentResult with HTTP Response ContentType of text/plain
2025-08-29 16:04:14.951 +03:30 [INF] Executed action Api.Controllers.TradeController.Evaluate (Api) in 49.557ms
2025-08-29 16:04:14.956 +03:30 [INF] Executed endpoint 'Api.Controllers.TradeController.Evaluate (Api)'
2025-08-29 16:04:14.958 +03:30 [INF] HTTP POST /api/traed/evaluate responded 200 in 59.9 ms
2025-08-29 16:04:14.960 +03:30 [INF] Request finished HTTP/1.1 POST http://localhost:5005/api/traed/evaluate - 200 21 text/plain 70.6504ms
2025-08-29 16:04:15.057 +03:30 [INF] Request starting HTTP/1.1 POST http://localhost:5005/api/traed/evaluate - application/json 155
2025-08-29 16:04:15.062 +03:30 [INF] Executing endpoint 'Api.Controllers.TradeController.Evaluate (Api)'
2025-08-29 16:04:15.064 +03:30 [INF] Route matched with {action = "Evaluate", controller = "Trade"}. Executing controller action with signature System.Threading.Tasks.Task`1[Microsoft.AspNetCore.Mvc.IActionResult] Evaluate(Application.Command.EvaluateCommand) on controller Api.Controllers.TradeController (Api).
2025-08-29 16:04:15.069 +03:30 [INF] Executing action method Api.Controllers.TradeController.Evaluate (Api) - Validation state: "Valid"
2025-08-29 16:04:15.072 +03:30 [INF] Handling EvaluateCommand {"Symbol":"","Timeframe":"","Open":1,"High":1,"Low":1,"Close":1,"Atr":1,"Bid":1,"Ask":1,"Equity":1,"OpenTrades":1,"$type":"EvaluateCommand"}
2025-08-29 16:04:15.083 +03:30 [INF] 📊 EVALUATE / -> "Hold" Size=0 SL=null TP=null
2025-08-29 16:04:15.085 +03:30 [INF] Handled EvaluateCommand => {"Action":"Hold","Size":0,"Sl":0,"Tp":0,"Note":"bad market","$type":"DecisionDto"}
2025-08-29 16:04:15.095 +03:30 [INF] Executed action method Api.Controllers.TradeController.Evaluate (Api), returned result Microsoft.AspNetCore.Mvc.ContentResult in 23.4583ms.
2025-08-29 16:04:15.097 +03:30 [INF] Executing ContentResult with HTTP Response ContentType of text/plain
2025-08-29 16:04:15.099 +03:30 [INF] Executed action Api.Controllers.TradeController.Evaluate (Api) in 30.5247ms
2025-08-29 16:04:15.109 +03:30 [INF] Executed endpoint 'Api.Controllers.TradeController.Evaluate (Api)'
2025-08-29 16:04:15.112 +03:30 [INF] HTTP POST /api/traed/evaluate responded 200 in 49.6 ms
2025-08-29 16:04:15.121 +03:30 [INF] Request finished HTTP/1.1 POST http://localhost:5005/api/traed/evaluate - 200 21 text/plain 63.1318ms
2025-08-29 16:04:15.218 +03:30 [INF] Request starting HTTP/1.1 POST http://localhost:5005/api/traed/evaluate - application/json 155
2025-08-29 16:04:15.255 +03:30 [INF] Executing endpoint 'Api.Controllers.TradeController.Evaluate (Api)'
2025-08-29 16:04:15.259 +03:30 [INF] Route matched with {action = "Evaluate", controller = "Trade"}. Executing controller action with signature System.Threading.Tasks.Task`1[Microsoft.AspNetCore.Mvc.IActionResult] Evaluate(Application.Command.EvaluateCommand) on controller Api.Controllers.TradeController (Api).
2025-08-29 16:04:15.269 +03:30 [INF] Executing action method Api.Controllers.TradeController.Evaluate (Api) - Validation state: "Valid"
2025-08-29 16:04:15.271 +03:30 [INF] Handling EvaluateCommand {"Symbol":"","Timeframe":"","Open":1,"High":1,"Low":1,"Close":1,"Atr":1,"Bid":1,"Ask":1,"Equity":1,"OpenTrades":1,"$type":"EvaluateCommand"}
2025-08-29 16:04:15.294 +03:30 [INF] 📊 EVALUATE / -> "Hold" Size=0 SL=null TP=null
2025-08-29 16:04:15.302 +03:30 [INF] Handled EvaluateCommand => {"Action":"Hold","Size":0,"Sl":0,"Tp":0,"Note":"bad market","$type":"DecisionDto"}
2025-08-29 16:04:15.310 +03:30 [INF] Executed action method Api.Controllers.TradeController.Evaluate (Api), returned result Microsoft.AspNetCore.Mvc.ContentResult in 39.5114ms.
2025-08-29 16:04:15.315 +03:30 [INF] Executing ContentResult with HTTP Response ContentType of text/plain
2025-08-29 16:04:15.316 +03:30 [INF] Executed action Api.Controllers.TradeController.Evaluate (Api) in 47.7609ms
2025-08-29 16:04:15.320 +03:30 [INF] Executed endpoint 'Api.Controllers.TradeController.Evaluate (Api)'
2025-08-29 16:04:15.330 +03:30 [INF] HTTP POST /api/traed/evaluate responded 200 in 74.7 ms
2025-08-29 16:04:15.333 +03:30 [INF] Request finished HTTP/1.1 POST http://localhost:5005/api/traed/evaluate - 200 21 text/plain 115.1742ms
2025-08-29 16:04:15.350 +03:30 [INF] Request starting HTTP/1.1 POST http://localhost:5005/api/traed/evaluate - application/json 155
2025-08-29 16:04:15.357 +03:30 [INF] Executing endpoint 'Api.Controllers.TradeController.Evaluate (Api)'
2025-08-29 16:04:15.358 +03:30 [INF] Route matched with {action = "Evaluate", controller = "Trade"}. Executing controller action with signature System.Threading.Tasks.Task`1[Microsoft.AspNetCore.Mvc.IActionResult] Evaluate(Application.Command.EvaluateCommand) on controller Api.Controllers.TradeController (Api).
2025-08-29 16:04:15.363 +03:30 [INF] Executing action method Api.Controllers.TradeController.Evaluate (Api) - Validation state: "Valid"
2025-08-29 16:04:15.365 +03:30 [INF] Handling EvaluateCommand {"Symbol":"","Timeframe":"","Open":1,"High":1,"Low":1,"Close":1,"Atr":1,"Bid":1,"Ask":1,"Equity":1,"OpenTrades":1,"$type":"EvaluateCommand"}
2025-08-29 16:04:15.380 +03:30 [INF] 📊 EVALUATE / -> "Hold" Size=0 SL=null TP=null
2025-08-29 16:04:15.386 +03:30 [INF] Handled EvaluateCommand => {"Action":"Hold","Size":0,"Sl":0,"Tp":0,"Note":"bad market","$type":"DecisionDto"}
2025-08-29 16:04:15.401 +03:30 [INF] Executed action method Api.Controllers.TradeController.Evaluate (Api), returned result Microsoft.AspNetCore.Mvc.ContentResult in 35.9285ms.
2025-08-29 16:04:15.403 +03:30 [INF] Executing ContentResult with HTTP Response ContentType of text/plain
2025-08-29 16:04:15.406 +03:30 [INF] Executed action Api.Controllers.TradeController.Evaluate (Api) in 44.4947ms
2025-08-29 16:04:15.472 +03:30 [INF] Executed endpoint 'Api.Controllers.TradeController.Evaluate (Api)'
2025-08-29 16:04:15.474 +03:30 [INF] HTTP POST /api/traed/evaluate responded 200 in 117.0 ms
2025-08-29 16:04:15.485 +03:30 [INF] Request finished HTTP/1.1 POST http://localhost:5005/api/traed/evaluate - 200 21 text/plain 134.4225ms
2025-08-29 16:04:15.635 +03:30 [INF] Request starting HTTP/1.1 POST http://localhost:5005/api/traed/evaluate - application/json 155
2025-08-29 16:04:15.649 +03:30 [INF] Executing endpoint 'Api.Controllers.TradeController.Evaluate (Api)'
2025-08-29 16:04:15.670 +03:30 [INF] Route matched with {action = "Evaluate", controller = "Trade"}. Executing controller action with signature System.Threading.Tasks.Task`1[Microsoft.AspNetCore.Mvc.IActionResult] Evaluate(Application.Command.EvaluateCommand) on controller Api.Controllers.TradeController (Api).
2025-08-29 16:04:15.673 +03:30 [INF] Executing action method Api.Controllers.TradeController.Evaluate (Api) - Validation state: "Valid"
2025-08-29 16:04:15.675 +03:30 [INF] Handling EvaluateCommand {"Symbol":"","Timeframe":"","Open":1,"High":1,"Low":1,"Close":1,"Atr":1,"Bid":1,"Ask":1,"Equity":1,"OpenTrades":1,"$type":"EvaluateCommand"}
2025-08-29 16:04:15.713 +03:30 [INF] 📊 EVALUATE / -> "Hold" Size=0 SL=null TP=null
2025-08-29 16:04:15.723 +03:30 [INF] Handled EvaluateCommand => {"Action":"Hold","Size":0,"Sl":0,"Tp":0,"Note":"bad market","$type":"DecisionDto"}
2025-08-29 16:04:15.741 +03:30 [INF] Executed action method Api.Controllers.TradeController.Evaluate (Api), returned result Microsoft.AspNetCore.Mvc.ContentResult in 66.0354ms.
2025-08-29 16:04:15.743 +03:30 [INF] Executing ContentResult with HTTP Response ContentType of text/plain
2025-08-29 16:04:15.750 +03:30 [INF] Executed action Api.Controllers.TradeController.Evaluate (Api) in 77.6008ms
2025-08-29 16:04:15.774 +03:30 [INF] Request starting HTTP/1.1 POST http://localhost:5005/api/traed/evaluate - application/json 155
2025-08-29 16:04:15.814 +03:30 [INF] Executed endpoint 'Api.Controllers.TradeController.Evaluate (Api)'
2025-08-29 16:04:15.816 +03:30 [INF] Executing endpoint 'Api.Controllers.TradeController.Evaluate (Api)'
2025-08-29 16:04:15.817 +03:30 [INF] HTTP POST /api/traed/evaluate responded 200 in 168.4 ms
2025-08-29 16:04:15.818 +03:30 [INF] Route matched with {action = "Evaluate", controller = "Trade"}. Executing controller action with signature System.Threading.Tasks.Task`1[Microsoft.AspNetCore.Mvc.IActionResult] Evaluate(Application.Command.EvaluateCommand) on controller Api.Controllers.TradeController (Api).
2025-08-29 16:04:15.820 +03:30 [INF] Request finished HTTP/1.1 POST http://localhost:5005/api/traed/evaluate - 200 21 text/plain 184.3908ms
2025-08-29 16:04:15.823 +03:30 [INF] Executing action method Api.Controllers.TradeController.Evaluate (Api) - Validation state: "Valid"
2025-08-29 16:04:15.829 +03:30 [INF] Handling EvaluateCommand {"Symbol":"","Timeframe":"","Open":1,"High":1,"Low":1,"Close":1,"Atr":1,"Bid":1,"Ask":1,"Equity":1,"OpenTrades":1,"$type":"EvaluateCommand"}
2025-08-29 16:04:15.849 +03:30 [INF] 📊 EVALUATE / -> "Hold" Size=0 SL=null TP=null
2025-08-29 16:04:15.852 +03:30 [INF] Handled EvaluateCommand => {"Action":"Hold","Size":0,"Sl":0,"Tp":0,"Note":"bad market","$type":"DecisionDto"}
2025-08-29 16:04:15.860 +03:30 [INF] Executed action method Api.Controllers.TradeController.Evaluate (Api), returned result Microsoft.AspNetCore.Mvc.ContentResult in 31.2857ms.
2025-08-29 16:04:15.864 +03:30 [INF] Executing ContentResult with HTTP Response ContentType of text/plain
2025-08-29 16:04:15.866 +03:30 [INF] Executed action Api.Controllers.TradeController.Evaluate (Api) in 43.5059ms
2025-08-29 16:04:15.868 +03:30 [INF] Executed endpoint 'Api.Controllers.TradeController.Evaluate (Api)'
2025-08-29 16:04:15.870 +03:30 [INF] HTTP POST /api/traed/evaluate responded 200 in 53.2 ms
2025-08-29 16:04:15.873 +03:30 [INF] Request finished HTTP/1.1 POST http://localhost:5005/api/traed/evaluate - 200 21 text/plain 98.4326ms
2025-08-29 16:04:15.959 +03:30 [INF] Request starting HTTP/1.1 POST http://localhost:5005/api/traed/evaluate - application/json 155
2025-08-29 16:04:15.970 +03:30 [INF] Executing endpoint 'Api.Controllers.TradeController.Evaluate (Api)'
2025-08-29 16:04:15.972 +03:30 [INF] Route matched with {action = "Evaluate", controller = "Trade"}. Executing controller action with signature System.Threading.Tasks.Task`1[Microsoft.AspNetCore.Mvc.IActionResult] Evaluate(Application.Command.EvaluateCommand) on controller Api.Controllers.TradeController (Api).
2025-08-29 16:04:15.974 +03:30 [INF] Executing action method Api.Controllers.TradeController.Evaluate (Api) - Validation state: "Valid"
2025-08-29 16:04:15.976 +03:30 [INF] Handling EvaluateCommand {"Symbol":"","Timeframe":"","Open":1,"High":1,"Low":1,"Close":1,"Atr":1,"Bid":1,"Ask":1,"Equity":1,"OpenTrades":1,"$type":"EvaluateCommand"}
2025-08-29 16:04:15.993 +03:30 [INF] 📊 EVALUATE / -> "Hold" Size=0 SL=null TP=null
2025-08-29 16:04:16.005 +03:30 [INF] Handled EvaluateCommand => {"Action":"Hold","Size":0,"Sl":0,"Tp":0,"Note":"bad market","$type":"DecisionDto"}
2025-08-29 16:04:16.021 +03:30 [INF] Executed action method Api.Controllers.TradeController.Evaluate (Api), returned result Microsoft.AspNetCore.Mvc.ContentResult in 44.9488ms.
2025-08-29 16:04:16.023 +03:30 [INF] Executing ContentResult with HTTP Response ContentType of text/plain
2025-08-29 16:04:16.025 +03:30 [INF] Executed action Api.Controllers.TradeController.Evaluate (Api) in 50.6927ms
2025-08-29 16:04:16.051 +03:30 [INF] Executed endpoint 'Api.Controllers.TradeController.Evaluate (Api)'
2025-08-29 16:04:16.087 +03:30 [INF] HTTP POST /api/traed/evaluate responded 200 in 116.4 ms
2025-08-29 16:04:16.089 +03:30 [INF] Request finished HTTP/1.1 POST http://localhost:5005/api/traed/evaluate - 200 21 text/plain 130.1645ms
2025-08-29 16:04:16.114 +03:30 [INF] Request starting HTTP/1.1 POST http://localhost:5005/api/traed/evaluate - application/json 155
2025-08-29 16:04:16.118 +03:30 [INF] Executing endpoint 'Api.Controllers.TradeController.Evaluate (Api)'
2025-08-29 16:04:16.120 +03:30 [INF] Route matched with {action = "Evaluate", controller = "Trade"}. Executing controller action with signature System.Threading.Tasks.Task`1[Microsoft.AspNetCore.Mvc.IActionResult] Evaluate(Application.Command.EvaluateCommand) on controller Api.Controllers.TradeController (Api).
2025-08-29 16:04:16.123 +03:30 [INF] Executing action method Api.Controllers.TradeController.Evaluate (Api) - Validation state: "Valid"
2025-08-29 16:04:16.125 +03:30 [INF] Handling EvaluateCommand {"Symbol":"","Timeframe":"","Open":1,"High":1,"Low":1,"Close":1,"Atr":1,"Bid":1,"Ask":1,"Equity":1,"OpenTrades":1,"$type":"EvaluateCommand"}
2025-08-29 16:04:16.138 +03:30 [INF] 📊 EVALUATE / -> "Hold" Size=0 SL=null TP=null
2025-08-29 16:04:16.141 +03:30 [INF] Handled EvaluateCommand => {"Action":"Hold","Size":0,"Sl":0,"Tp":0,"Note":"bad market","$type":"DecisionDto"}
2025-08-29 16:04:16.149 +03:30 [INF] Executed action method Api.Controllers.TradeController.Evaluate (Api), returned result Microsoft.AspNetCore.Mvc.ContentResult in 24.0397ms.
2025-08-29 16:04:16.151 +03:30 [INF] Executing ContentResult with HTTP Response ContentType of text/plain
2025-08-29 16:04:16.154 +03:30 [INF] Executed action Api.Controllers.TradeController.Evaluate (Api) in 31.9484ms
2025-08-29 16:04:16.170 +03:30 [INF] Executed endpoint 'Api.Controllers.TradeController.Evaluate (Api)'
2025-08-29 16:04:16.172 +03:30 [INF] HTTP POST /api/traed/evaluate responded 200 in 53.4 ms
2025-08-29 16:04:16.185 +03:30 [INF] Request finished HTTP/1.1 POST http://localhost:5005/api/traed/evaluate - 200 21 text/plain 71.4658ms
2025-08-29 16:04:16.238 +03:30 [INF] Request starting HTTP/1.1 POST http://localhost:5005/api/traed/evaluate - application/json 155
2025-08-29 16:04:16.241 +03:30 [INF] Executing endpoint 'Api.Controllers.TradeController.Evaluate (Api)'
2025-08-29 16:04:16.242 +03:30 [INF] Route matched with {action = "Evaluate", controller = "Trade"}. Executing controller action with signature System.Threading.Tasks.Task`1[Microsoft.AspNetCore.Mvc.IActionResult] Evaluate(Application.Command.EvaluateCommand) on controller Api.Controllers.TradeController (Api).
2025-08-29 16:04:16.248 +03:30 [INF] Executing action method Api.Controllers.TradeController.Evaluate (Api) - Validation state: "Valid"
2025-08-29 16:04:16.251 +03:30 [INF] Handling EvaluateCommand {"Symbol":"","Timeframe":"","Open":1,"High":1,"Low":1,"Close":1,"Atr":1,"Bid":1,"Ask":1,"Equity":1,"OpenTrades":1,"$type":"EvaluateCommand"}
2025-08-29 16:04:16.275 +03:30 [INF] 📊 EVALUATE / -> "Hold" Size=0 SL=null TP=null
2025-08-29 16:04:16.277 +03:30 [INF] Handled EvaluateCommand => {"Action":"Hold","Size":0,"Sl":0,"Tp":0,"Note":"bad market","$type":"DecisionDto"}
2025-08-29 16:04:16.304 +03:30 [INF] Executed action method Api.Controllers.TradeController.Evaluate (Api), returned result Microsoft.AspNetCore.Mvc.ContentResult in 53.4283ms.
2025-08-29 16:04:16.306 +03:30 [INF] Executing ContentResult with HTTP Response ContentType of text/plain
2025-08-29 16:04:16.307 +03:30 [INF] Executed action Api.Controllers.TradeController.Evaluate (Api) in 59.929ms
2025-08-29 16:04:16.341 +03:30 [INF] Executed endpoint 'Api.Controllers.TradeController.Evaluate (Api)'
2025-08-29 16:04:16.342 +03:30 [INF] HTTP POST /api/traed/evaluate responded 200 in 101.3 ms
2025-08-29 16:04:16.344 +03:30 [INF] Request finished HTTP/1.1 POST http://localhost:5005/api/traed/evaluate - 200 21 text/plain 105.915ms
2025-08-29 16:04:16.397 +03:30 [INF] Request starting HTTP/1.1 POST http://localhost:5005/api/traed/evaluate - application/json 155
2025-08-29 16:04:16.400 +03:30 [INF] Executing endpoint 'Api.Controllers.TradeController.Evaluate (Api)'
2025-08-29 16:04:16.402 +03:30 [INF] Route matched with {action = "Evaluate", controller = "Trade"}. Executing controller action with signature System.Threading.Tasks.Task`1[Microsoft.AspNetCore.Mvc.IActionResult] Evaluate(Application.Command.EvaluateCommand) on controller Api.Controllers.TradeController (Api).
2025-08-29 16:04:16.405 +03:30 [INF] Executing action method Api.Controllers.TradeController.Evaluate (Api) - Validation state: "Valid"
2025-08-29 16:04:16.407 +03:30 [INF] Handling EvaluateCommand {"Symbol":"","Timeframe":"","Open":1,"High":1,"Low":1,"Close":1,"Atr":1,"Bid":1,"Ask":1,"Equity":1,"OpenTrades":1,"$type":"EvaluateCommand"}
2025-08-29 16:04:16.417 +03:30 [INF] 📊 EVALUATE / -> "Hold" Size=0 SL=null TP=null
2025-08-29 16:04:16.420 +03:30 [INF] Handled EvaluateCommand => {"Action":"Hold","Size":0,"Sl":0,"Tp":0,"Note":"bad market","$type":"DecisionDto"}
2025-08-29 16:04:16.449 +03:30 [INF] Executed action method Api.Controllers.TradeController.Evaluate (Api), returned result Microsoft.AspNetCore.Mvc.ContentResult in 42.6651ms.
2025-08-29 16:04:16.452 +03:30 [INF] Executing ContentResult with HTTP Response ContentType of text/plain
2025-08-29 16:04:16.453 +03:30 [INF] Executed action Api.Controllers.TradeController.Evaluate (Api) in 49.4103ms
2025-08-29 16:04:16.468 +03:30 [INF] Executed endpoint 'Api.Controllers.TradeController.Evaluate (Api)'
2025-08-29 16:04:16.469 +03:30 [INF] HTTP POST /api/traed/evaluate responded 200 in 68.7 ms
2025-08-29 16:04:16.473 +03:30 [INF] Request finished HTTP/1.1 POST http://localhost:5005/api/traed/evaluate - 200 21 text/plain 75.6189ms
2025-08-29 16:04:16.577 +03:30 [INF] Request starting HTTP/1.1 POST http://localhost:5005/api/traed/evaluate - application/json 155
2025-08-29 16:04:16.619 +03:30 [INF] Executing endpoint 'Api.Controllers.TradeController.Evaluate (Api)'
2025-08-29 16:04:16.629 +03:30 [INF] Route matched with {action = "Evaluate", controller = "Trade"}. Executing controller action with signature System.Threading.Tasks.Task`1[Microsoft.AspNetCore.Mvc.IActionResult] Evaluate(Application.Command.EvaluateCommand) on controller Api.Controllers.TradeController (Api).
2025-08-29 16:04:16.632 +03:30 [INF] Executing action method Api.Controllers.TradeController.Evaluate (Api) - Validation state: "Valid"
2025-08-29 16:04:16.634 +03:30 [INF] Handling EvaluateCommand {"Symbol":"","Timeframe":"","Open":1,"High":1,"Low":1,"Close":1,"Atr":1,"Bid":1,"Ask":1,"Equity":1,"OpenTrades":1,"$type":"EvaluateCommand"}
2025-08-29 16:04:16.643 +03:30 [INF] 📊 EVALUATE / -> "Hold" Size=0 SL=null TP=null
2025-08-29 16:04:16.650 +03:30 [INF] Handled EvaluateCommand => {"Action":"Hold","Size":0,"Sl":0,"Tp":0,"Note":"bad market","$type":"DecisionDto"}
2025-08-29 16:04:16.660 +03:30 [INF] Executed action method Api.Controllers.TradeController.Evaluate (Api), returned result Microsoft.AspNetCore.Mvc.ContentResult in 26.1471ms.
2025-08-29 16:04:16.662 +03:30 [INF] Executing ContentResult with HTTP Response ContentType of text/plain
2025-08-29 16:04:16.664 +03:30 [INF] Executed action Api.Controllers.TradeController.Evaluate (Api) in 32.4957ms
2025-08-29 16:04:16.666 +03:30 [INF] Executed endpoint 'Api.Controllers.TradeController.Evaluate (Api)'
2025-08-29 16:04:16.670 +03:30 [INF] HTTP POST /api/traed/evaluate responded 200 in 51.7 ms
2025-08-29 16:04:16.672 +03:30 [INF] Request finished HTTP/1.1 POST http://localhost:5005/api/traed/evaluate - 200 21 text/plain 95.9082ms
2025-08-29 16:04:16.757 +03:30 [INF] Request starting HTTP/1.1 POST http://localhost:5005/api/traed/evaluate - application/json 155
2025-08-29 16:04:16.763 +03:30 [INF] Executing endpoint 'Api.Controllers.TradeController.Evaluate (Api)'
2025-08-29 16:04:16.765 +03:30 [INF] Route matched with {action = "Evaluate", controller = "Trade"}. Executing controller action with signature System.Threading.Tasks.Task`1[Microsoft.AspNetCore.Mvc.IActionResult] Evaluate(Application.Command.EvaluateCommand) on controller Api.Controllers.TradeController (Api).
2025-08-29 16:04:16.767 +03:30 [INF] Executing action method Api.Controllers.TradeController.Evaluate (Api) - Validation state: "Valid"
2025-08-29 16:04:16.769 +03:30 [INF] Handling EvaluateCommand {"Symbol":"","Timeframe":"","Open":1,"High":1,"Low":1,"Close":1,"Atr":1,"Bid":1,"Ask":1,"Equity":1,"OpenTrades":1,"$type":"EvaluateCommand"}
2025-08-29 16:04:16.779 +03:30 [INF] 📊 EVALUATE / -> "Hold" Size=0 SL=null TP=null
2025-08-29 16:04:16.782 +03:30 [INF] Handled EvaluateCommand => {"Action":"Hold","Size":0,"Sl":0,"Tp":0,"Note":"bad market","$type":"DecisionDto"}
2025-08-29 16:04:16.787 +03:30 [INF] Executed action method Api.Controllers.TradeController.Evaluate (Api), returned result Microsoft.AspNetCore.Mvc.ContentResult in 17.8003ms.
2025-08-29 16:04:16.789 +03:30 [INF] Executing ContentResult with HTTP Response ContentType of text/plain
2025-08-29 16:04:16.818 +03:30 [INF] Executed action Api.Controllers.TradeController.Evaluate (Api) in 51.9783ms
2025-08-29 16:04:16.860 +03:30 [INF] Request starting HTTP/1.1 POST http://localhost:5005/api/traed/evaluate - application/json 155
2025-08-29 16:04:16.876 +03:30 [INF] Executed endpoint 'Api.Controllers.TradeController.Evaluate (Api)'
2025-08-29 16:04:16.884 +03:30 [INF] Executing endpoint 'Api.Controllers.TradeController.Evaluate (Api)'
2025-08-29 16:04:16.885 +03:30 [INF] HTTP POST /api/traed/evaluate responded 200 in 121.8 ms
2025-08-29 16:04:16.886 +03:30 [INF] Route matched with {action = "Evaluate", controller = "Trade"}. Executing controller action with signature System.Threading.Tasks.Task`1[Microsoft.AspNetCore.Mvc.IActionResult] Evaluate(Application.Command.EvaluateCommand) on controller Api.Controllers.TradeController (Api).
2025-08-29 16:04:16.889 +03:30 [INF] Request finished HTTP/1.1 POST http://localhost:5005/api/traed/evaluate - 200 21 text/plain 132.4126ms
2025-08-29 16:04:16.892 +03:30 [INF] Executing action method Api.Controllers.TradeController.Evaluate (Api) - Validation state: "Valid"
2025-08-29 16:04:16.897 +03:30 [INF] Handling EvaluateCommand {"Symbol":"","Timeframe":"","Open":1,"High":1,"Low":1,"Close":1,"Atr":1,"Bid":1,"Ask":1,"Equity":1,"OpenTrades":1,"$type":"EvaluateCommand"}
2025-08-29 16:04:16.906 +03:30 [INF] 📊 EVALUATE / -> "Hold" Size=0 SL=null TP=null
2025-08-29 16:04:16.909 +03:30 [INF] Handled EvaluateCommand => {"Action":"Hold","Size":0,"Sl":0,"Tp":0,"Note":"bad market","$type":"DecisionDto"}
2025-08-29 16:04:16.915 +03:30 [INF] Executed action method Api.Controllers.TradeController.Evaluate (Api), returned result Microsoft.AspNetCore.Mvc.ContentResult in 18.2134ms.
2025-08-29 16:04:16.917 +03:30 [INF] Executing ContentResult with HTTP Response ContentType of text/plain
2025-08-29 16:04:16.918 +03:30 [INF] Executed action Api.Controllers.TradeController.Evaluate (Api) in 26.7048ms
2025-08-29 16:04:16.919 +03:30 [INF] Executed endpoint 'Api.Controllers.TradeController.Evaluate (Api)'
2025-08-29 16:04:16.921 +03:30 [INF] HTTP POST /api/traed/evaluate responded 200 in 37.3 ms
2025-08-29 16:04:16.924 +03:30 [INF] Request finished HTTP/1.1 POST http://localhost:5005/api/traed/evaluate - 200 21 text/plain 63.7223ms
2025-08-29 16:04:17.029 +03:30 [INF] Request starting HTTP/1.1 POST http://localhost:5005/api/traed/evaluate - application/json 155
2025-08-29 16:04:17.037 +03:30 [INF] Executing endpoint 'Api.Controllers.TradeController.Evaluate (Api)'
2025-08-29 16:04:17.039 +03:30 [INF] Route matched with {action = "Evaluate", controller = "Trade"}. Executing controller action with signature System.Threading.Tasks.Task`1[Microsoft.AspNetCore.Mvc.IActionResult] Evaluate(Application.Command.EvaluateCommand) on controller Api.Controllers.TradeController (Api).
2025-08-29 16:04:17.051 +03:30 [INF] Executing action method Api.Controllers.TradeController.Evaluate (Api) - Validation state: "Valid"
2025-08-29 16:04:17.053 +03:30 [INF] Handling EvaluateCommand {"Symbol":"","Timeframe":"","Open":1,"High":1,"Low":1,"Close":1,"Atr":1,"Bid":1,"Ask":1,"Equity":1,"OpenTrades":1,"$type":"EvaluateCommand"}
2025-08-29 16:04:17.076 +03:30 [INF] 📊 EVALUATE / -> "Hold" Size=0 SL=null TP=null
2025-08-29 16:04:17.079 +03:30 [INF] Handled EvaluateCommand => {"Action":"Hold","Size":0,"Sl":0,"Tp":0,"Note":"bad market","$type":"DecisionDto"}
2025-08-29 16:04:17.085 +03:30 [INF] Executed action method Api.Controllers.TradeController.Evaluate (Api), returned result Microsoft.AspNetCore.Mvc.ContentResult in 31.3079ms.
2025-08-29 16:04:17.087 +03:30 [INF] Executing ContentResult with HTTP Response ContentType of text/plain
2025-08-29 16:04:17.088 +03:30 [INF] Executed action Api.Controllers.TradeController.Evaluate (Api) in 37.5513ms
2025-08-29 16:04:17.099 +03:30 [INF] Executed endpoint 'Api.Controllers.TradeController.Evaluate (Api)'
2025-08-29 16:04:17.101 +03:30 [INF] HTTP POST /api/traed/evaluate responded 200 in 63.4 ms
2025-08-29 16:04:17.103 +03:30 [INF] Request finished HTTP/1.1 POST http://localhost:5005/api/traed/evaluate - 200 21 text/plain 74.0475ms
2025-08-29 16:04:17.242 +03:30 [INF] Request starting HTTP/1.1 POST http://localhost:5005/api/traed/evaluate - application/json 155
2025-08-29 16:04:17.258 +03:30 [INF] Executing endpoint 'Api.Controllers.TradeController.Evaluate (Api)'
2025-08-29 16:04:17.259 +03:30 [INF] Route matched with {action = "Evaluate", controller = "Trade"}. Executing controller action with signature System.Threading.Tasks.Task`1[Microsoft.AspNetCore.Mvc.IActionResult] Evaluate(Application.Command.EvaluateCommand) on controller Api.Controllers.TradeController (Api).
2025-08-29 16:04:17.271 +03:30 [INF] Executing action method Api.Controllers.TradeController.Evaluate (Api) - Validation state: "Valid"
2025-08-29 16:04:17.273 +03:30 [INF] Handling EvaluateCommand {"Symbol":"","Timeframe":"","Open":1,"High":1,"Low":1,"Close":1,"Atr":1,"Bid":1,"Ask":1,"Equity":1,"OpenTrades":1,"$type":"EvaluateCommand"}
2025-08-29 16:04:17.291 +03:30 [INF] 📊 EVALUATE / -> "Hold" Size=0 SL=null TP=null
2025-08-29 16:04:17.304 +03:30 [INF] Handled EvaluateCommand => {"Action":"Hold","Size":0,"Sl":0,"Tp":0,"Note":"bad market","$type":"DecisionDto"}
2025-08-29 16:04:17.327 +03:30 [INF] Executed action method Api.Controllers.TradeController.Evaluate (Api), returned result Microsoft.AspNetCore.Mvc.ContentResult in 53.4401ms.
2025-08-29 16:04:17.332 +03:30 [INF] Executing ContentResult with HTTP Response ContentType of text/plain
2025-08-29 16:04:17.333 +03:30 [INF] Executed action Api.Controllers.TradeController.Evaluate (Api) in 62.7488ms
2025-08-29 16:04:17.353 +03:30 [INF] Executed endpoint 'Api.Controllers.TradeController.Evaluate (Api)'
2025-08-29 16:04:17.354 +03:30 [INF] HTTP POST /api/traed/evaluate responded 200 in 96.2 ms
2025-08-29 16:04:17.357 +03:30 [INF] Request finished HTTP/1.1 POST http://localhost:5005/api/traed/evaluate - 200 21 text/plain 115.4026ms
2025-08-29 16:04:17.490 +03:30 [INF] Request starting HTTP/1.1 POST http://localhost:5005/api/traed/evaluate - application/json 155
2025-08-29 16:04:17.500 +03:30 [INF] Executing endpoint 'Api.Controllers.TradeController.Evaluate (Api)'
2025-08-29 16:04:17.502 +03:30 [INF] Route matched with {action = "Evaluate", controller = "Trade"}. Executing controller action with signature System.Threading.Tasks.Task`1[Microsoft.AspNetCore.Mvc.IActionResult] Evaluate(Application.Command.EvaluateCommand) on controller Api.Controllers.TradeController (Api).
2025-08-29 16:04:17.508 +03:30 [INF] Executing action method Api.Controllers.TradeController.Evaluate (Api) - Validation state: "Valid"
2025-08-29 16:04:17.510 +03:30 [INF] Handling EvaluateCommand {"Symbol":"","Timeframe":"","Open":1,"High":1,"Low":1,"Close":1,"Atr":1,"Bid":1,"Ask":1,"Equity":1,"OpenTrades":1,"$type":"EvaluateCommand"}
2025-08-29 16:04:17.526 +03:30 [INF] 📊 EVALUATE / -> "Hold" Size=0 SL=null TP=null
2025-08-29 16:04:17.543 +03:30 [INF] Handled EvaluateCommand => {"Action":"Hold","Size":0,"Sl":0,"Tp":0,"Note":"bad market","$type":"DecisionDto"}
2025-08-29 16:04:17.557 +03:30 [INF] Executed action method Api.Controllers.TradeController.Evaluate (Api), returned result Microsoft.AspNetCore.Mvc.ContentResult in 47.9189ms.
2025-08-29 16:04:17.560 +03:30 [INF] Executing ContentResult with HTTP Response ContentType of text/plain
2025-08-29 16:04:17.567 +03:30 [INF] Executed action Api.Controllers.TradeController.Evaluate (Api) in 59.4473ms
2025-08-29 16:04:17.592 +03:30 [INF] Executed endpoint 'Api.Controllers.TradeController.Evaluate (Api)'
2025-08-29 16:04:17.597 +03:30 [INF] HTTP POST /api/traed/evaluate responded 200 in 96.4 ms
2025-08-29 16:04:17.600 +03:30 [INF] Request finished HTTP/1.1 POST http://localhost:5005/api/traed/evaluate - 200 21 text/plain 109.7835ms
2025-08-29 16:04:17.648 +03:30 [INF] Request starting HTTP/1.1 POST http://localhost:5005/api/traed/evaluate - application/json 155
2025-08-29 16:04:17.653 +03:30 [INF] Executing endpoint 'Api.Controllers.TradeController.Evaluate (Api)'
2025-08-29 16:04:17.655 +03:30 [INF] Route matched with {action = "Evaluate", controller = "Trade"}. Executing controller action with signature System.Threading.Tasks.Task`1[Microsoft.AspNetCore.Mvc.IActionResult] Evaluate(Application.Command.EvaluateCommand) on controller Api.Controllers.TradeController (Api).
2025-08-29 16:04:17.658 +03:30 [INF] Executing action method Api.Controllers.TradeController.Evaluate (Api) - Validation state: "Valid"
2025-08-29 16:04:17.659 +03:30 [INF] Handling EvaluateCommand {"Symbol":"","Timeframe":"","Open":1,"High":1,"Low":1,"Close":1,"Atr":1,"Bid":1,"Ask":1,"Equity":1,"OpenTrades":1,"$type":"EvaluateCommand"}
2025-08-29 16:04:17.670 +03:30 [INF] 📊 EVALUATE / -> "Hold" Size=0 SL=null TP=null
2025-08-29 16:04:17.673 +03:30 [INF] Handled EvaluateCommand => {"Action":"Hold","Size":0,"Sl":0,"Tp":0,"Note":"bad market","$type":"DecisionDto"}
2025-08-29 16:04:17.679 +03:30 [INF] Executed action method Api.Controllers.TradeController.Evaluate (Api), returned result Microsoft.AspNetCore.Mvc.ContentResult in 20.1048ms.
2025-08-29 16:04:17.687 +03:30 [INF] Executing ContentResult with HTTP Response ContentType of text/plain
2025-08-29 16:04:17.689 +03:30 [INF] Executed action Api.Controllers.TradeController.Evaluate (Api) in 31.1283ms
2025-08-29 16:04:17.691 +03:30 [INF] Executed endpoint 'Api.Controllers.TradeController.Evaluate (Api)'
2025-08-29 16:04:17.701 +03:30 [INF] HTTP POST /api/traed/evaluate responded 200 in 47.9 ms
2025-08-29 16:04:17.709 +03:30 [INF] Request finished HTTP/1.1 POST http://localhost:5005/api/traed/evaluate - 200 21 text/plain 60.9632ms
2025-08-29 16:04:17.802 +03:30 [INF] Request starting HTTP/1.1 POST http://localhost:5005/api/traed/evaluate - application/json 155
2025-08-29 16:04:17.810 +03:30 [INF] Executing endpoint 'Api.Controllers.TradeController.Evaluate (Api)'
2025-08-29 16:04:17.816 +03:30 [INF] Route matched with {action = "Evaluate", controller = "Trade"}. Executing controller action with signature System.Threading.Tasks.Task`1[Microsoft.AspNetCore.Mvc.IActionResult] Evaluate(Application.Command.EvaluateCommand) on controller Api.Controllers.TradeController (Api).
2025-08-29 16:04:17.820 +03:30 [INF] Executing action method Api.Controllers.TradeController.Evaluate (Api) - Validation state: "Valid"
2025-08-29 16:04:17.850 +03:30 [INF] Handling EvaluateCommand {"Symbol":"","Timeframe":"","Open":1,"High":1,"Low":1,"Close":1,"Atr":1,"Bid":1,"Ask":1,"Equity":1,"OpenTrades":1,"$type":"EvaluateCommand"}
2025-08-29 16:04:17.870 +03:30 [INF] 📊 EVALUATE / -> "Hold" Size=0 SL=null TP=null
2025-08-29 16:04:17.873 +03:30 [INF] Handled EvaluateCommand => {"Action":"Hold","Size":0,"Sl":0,"Tp":0,"Note":"bad market","$type":"DecisionDto"}
2025-08-29 16:04:17.886 +03:30 [INF] Executed action method Api.Controllers.TradeController.Evaluate (Api), returned result Microsoft.AspNetCore.Mvc.ContentResult in 36.4183ms.
2025-08-29 16:04:17.889 +03:30 [INF] Executing ContentResult with HTTP Response ContentType of text/plain
2025-08-29 16:04:17.890 +03:30 [INF] Executed action Api.Controllers.TradeController.Evaluate (Api) in 70.6634ms
2025-08-29 16:04:17.898 +03:30 [INF] Executed endpoint 'Api.Controllers.TradeController.Evaluate (Api)'
2025-08-29 16:04:17.899 +03:30 [INF] HTTP POST /api/traed/evaluate responded 200 in 89.0 ms
2025-08-29 16:04:17.901 +03:30 [INF] Request finished HTTP/1.1 POST http://localhost:5005/api/traed/evaluate - 200 21 text/plain 99.9334ms
2025-08-29 16:04:17.960 +03:30 [INF] Request starting HTTP/1.1 POST http://localhost:5005/api/traed/evaluate - application/json 155
2025-08-29 16:04:17.965 +03:30 [INF] Executing endpoint 'Api.Controllers.TradeController.Evaluate (Api)'
2025-08-29 16:04:17.966 +03:30 [INF] Route matched with {action = "Evaluate", controller = "Trade"}. Executing controller action with signature System.Threading.Tasks.Task`1[Microsoft.AspNetCore.Mvc.IActionResult] Evaluate(Application.Command.EvaluateCommand) on controller Api.Controllers.TradeController (Api).
2025-08-29 16:04:17.969 +03:30 [INF] Executing action method Api.Controllers.TradeController.Evaluate (Api) - Validation state: "Valid"
2025-08-29 16:04:17.972 +03:30 [INF] Handling EvaluateCommand {"Symbol":"","Timeframe":"","Open":1,"High":1,"Low":1,"Close":1,"Atr":1,"Bid":1,"Ask":1,"Equity":1,"OpenTrades":1,"$type":"EvaluateCommand"}
2025-08-29 16:04:17.986 +03:30 [INF] 📊 EVALUATE / -> "Hold" Size=0 SL=null TP=null
2025-08-29 16:04:17.989 +03:30 [INF] Handled EvaluateCommand => {"Action":"Hold","Size":0,"Sl":0,"Tp":0,"Note":"bad market","$type":"DecisionDto"}
2025-08-29 16:04:17.995 +03:30 [INF] Executed action method Api.Controllers.TradeController.Evaluate (Api), returned result Microsoft.AspNetCore.Mvc.ContentResult in 23.3064ms.
2025-08-29 16:04:17.998 +03:30 [INF] Executing ContentResult with HTTP Response ContentType of text/plain
2025-08-29 16:04:17.999 +03:30 [INF] Executed action Api.Controllers.TradeController.Evaluate (Api) in 30.5749ms
2025-08-29 16:04:18.018 +03:30 [INF] Executed endpoint 'Api.Controllers.TradeController.Evaluate (Api)'
2025-08-29 16:04:18.020 +03:30 [INF] HTTP POST /api/traed/evaluate responded 200 in 55.2 ms
2025-08-29 16:04:18.023 +03:30 [INF] Request finished HTTP/1.1 POST http://localhost:5005/api/traed/evaluate - 200 21 text/plain 63.2877ms
2025-08-29 16:04:18.142 +03:30 [INF] Request starting HTTP/1.1 POST http://localhost:5005/api/traed/evaluate - application/json 155
2025-08-29 16:04:18.172 +03:30 [INF] Executing endpoint 'Api.Controllers.TradeController.Evaluate (Api)'
2025-08-29 16:04:18.174 +03:30 [INF] Route matched with {action = "Evaluate", controller = "Trade"}. Executing controller action with signature System.Threading.Tasks.Task`1[Microsoft.AspNetCore.Mvc.IActionResult] Evaluate(Application.Command.EvaluateCommand) on controller Api.Controllers.TradeController (Api).
2025-08-29 16:04:18.177 +03:30 [INF] Executing action method Api.Controllers.TradeController.Evaluate (Api) - Validation state: "Valid"
2025-08-29 16:04:18.179 +03:30 [INF] Handling EvaluateCommand {"Symbol":"","Timeframe":"","Open":1,"High":1,"Low":1,"Close":1,"Atr":1,"Bid":1,"Ask":1,"Equity":1,"OpenTrades":1,"$type":"EvaluateCommand"}
2025-08-29 16:04:18.192 +03:30 [INF] 📊 EVALUATE / -> "Hold" Size=0 SL=null TP=null
2025-08-29 16:04:18.197 +03:30 [INF] Handled EvaluateCommand => {"Action":"Hold","Size":0,"Sl":0,"Tp":0,"Note":"bad market","$type":"DecisionDto"}
2025-08-29 16:04:18.203 +03:30 [INF] Executed action method Api.Controllers.TradeController.Evaluate (Api), returned result Microsoft.AspNetCore.Mvc.ContentResult in 23.8862ms.
2025-08-29 16:04:18.205 +03:30 [INF] Executing ContentResult with HTTP Response ContentType of text/plain
2025-08-29 16:04:18.213 +03:30 [INF] Executed action Api.Controllers.TradeController.Evaluate (Api) in 37.2821ms
2025-08-29 16:04:18.217 +03:30 [INF] Executed endpoint 'Api.Controllers.TradeController.Evaluate (Api)'
2025-08-29 16:04:18.221 +03:30 [INF] HTTP POST /api/traed/evaluate responded 200 in 48.6 ms
2025-08-29 16:04:18.224 +03:30 [INF] Request finished HTTP/1.1 POST http://localhost:5005/api/traed/evaluate - 200 21 text/plain 82.0841ms
2025-08-29 16:04:18.306 +03:30 [INF] Request starting HTTP/1.1 POST http://localhost:5005/api/traed/evaluate - application/json 155
2025-08-29 16:04:18.330 +03:30 [INF] Executing endpoint 'Api.Controllers.TradeController.Evaluate (Api)'
2025-08-29 16:04:18.333 +03:30 [INF] Route matched with {action = "Evaluate", controller = "Trade"}. Executing controller action with signature System.Threading.Tasks.Task`1[Microsoft.AspNetCore.Mvc.IActionResult] Evaluate(Application.Command.EvaluateCommand) on controller Api.Controllers.TradeController (Api).
2025-08-29 16:04:18.339 +03:30 [INF] Executing action method Api.Controllers.TradeController.Evaluate (Api) - Validation state: "Valid"
2025-08-29 16:04:18.355 +03:30 [INF] Handling EvaluateCommand {"Symbol":"","Timeframe":"","Open":1,"High":1,"Low":1,"Close":1,"Atr":1,"Bid":1,"Ask":1,"Equity":1,"OpenTrades":1,"$type":"EvaluateCommand"}
2025-08-29 16:04:18.410 +03:30 [INF] 📊 EVALUATE / -> "Hold" Size=0 SL=null TP=null
2025-08-29 16:04:18.419 +03:30 [INF] Handled EvaluateCommand => {"Action":"Hold","Size":0,"Sl":0,"Tp":0,"Note":"bad market","$type":"DecisionDto"}
2025-08-29 16:04:18.429 +03:30 [INF] Executed action method Api.Controllers.TradeController.Evaluate (Api), returned result Microsoft.AspNetCore.Mvc.ContentResult in 74.3583ms.
2025-08-29 16:04:18.432 +03:30 [INF] Executing ContentResult with HTTP Response ContentType of text/plain
2025-08-29 16:04:18.433 +03:30 [INF] Executed action Api.Controllers.TradeController.Evaluate (Api) in 93.9908ms
2025-08-29 16:04:18.437 +03:30 [INF] Executed endpoint 'Api.Controllers.TradeController.Evaluate (Api)'
2025-08-29 16:04:18.442 +03:30 [INF] HTTP POST /api/traed/evaluate responded 200 in 112.2 ms
2025-08-29 16:04:18.448 +03:30 [INF] Request finished HTTP/1.1 POST http://localhost:5005/api/traed/evaluate - 200 21 text/plain 141.6623ms
2025-08-29 16:04:18.592 +03:30 [INF] Request starting HTTP/1.1 POST http://localhost:5005/api/traed/evaluate - application/json 155
2025-08-29 16:04:18.613 +03:30 [INF] Executing endpoint 'Api.Controllers.TradeController.Evaluate (Api)'
2025-08-29 16:04:18.624 +03:30 [INF] Route matched with {action = "Evaluate", controller = "Trade"}. Executing controller action with signature System.Threading.Tasks.Task`1[Microsoft.AspNetCore.Mvc.IActionResult] Evaluate(Application.Command.EvaluateCommand) on controller Api.Controllers.TradeController (Api).
2025-08-29 16:04:18.631 +03:30 [INF] Executing action method Api.Controllers.TradeController.Evaluate (Api) - Validation state: "Valid"
2025-08-29 16:04:18.634 +03:30 [INF] Handling EvaluateCommand {"Symbol":"","Timeframe":"","Open":1,"High":1,"Low":1,"Close":1,"Atr":1,"Bid":1,"Ask":1,"Equity":1,"OpenTrades":1,"$type":"EvaluateCommand"}
2025-08-29 16:04:18.647 +03:30 [INF] 📊 EVALUATE / -> "Hold" Size=0 SL=null TP=null
2025-08-29 16:04:18.653 +03:30 [INF] Handled EvaluateCommand => {"Action":"Hold","Size":0,"Sl":0,"Tp":0,"Note":"bad market","$type":"DecisionDto"}
2025-08-29 16:04:18.669 +03:30 [INF] Executed action method Api.Controllers.TradeController.Evaluate (Api), returned result Microsoft.AspNetCore.Mvc.ContentResult in 35.6248ms.
2025-08-29 16:04:18.674 +03:30 [INF] Executing ContentResult with HTTP Response ContentType of text/plain
2025-08-29 16:04:18.676 +03:30 [INF] Executed action Api.Controllers.TradeController.Evaluate (Api) in 45.3489ms
2025-08-29 16:04:18.688 +03:30 [INF] Executed endpoint 'Api.Controllers.TradeController.Evaluate (Api)'
2025-08-29 16:04:18.690 +03:30 [INF] HTTP POST /api/traed/evaluate responded 200 in 76.2 ms
2025-08-29 16:04:18.699 +03:30 [INF] Request finished HTTP/1.1 POST http://localhost:5005/api/traed/evaluate - 200 21 text/plain 106.8484ms
2025-08-29 16:04:18.787 +03:30 [INF] Request starting HTTP/1.1 POST http://localhost:5005/api/traed/evaluate - application/json 155
2025-08-29 16:04:18.793 +03:30 [INF] Executing endpoint 'Api.Controllers.TradeController.Evaluate (Api)'
2025-08-29 16:04:18.800 +03:30 [INF] Route matched with {action = "Evaluate", controller = "Trade"}. Executing controller action with signature System.Threading.Tasks.Task`1[Microsoft.AspNetCore.Mvc.IActionResult] Evaluate(Application.Command.EvaluateCommand) on controller Api.Controllers.TradeController (Api).
2025-08-29 16:04:18.803 +03:30 [INF] Executing action method Api.Controllers.TradeController.Evaluate (Api) - Validation state: "Valid"
2025-08-29 16:04:18.804 +03:30 [INF] Handling EvaluateCommand {"Symbol":"","Timeframe":"","Open":1,"High":1,"Low":1,"Close":1,"Atr":1,"Bid":1,"Ask":1,"Equity":1,"OpenTrades":1,"$type":"EvaluateCommand"}
2025-08-29 16:04:18.823 +03:30 [INF] 📊 EVALUATE / -> "Hold" Size=0 SL=null TP=null
2025-08-29 16:04:18.826 +03:30 [INF] Handled EvaluateCommand => {"Action":"Hold","Size":0,"Sl":0,"Tp":0,"Note":"bad market","$type":"DecisionDto"}
2025-08-29 16:04:18.834 +03:30 [INF] Executed action method Api.Controllers.TradeController.Evaluate (Api), returned result Microsoft.AspNetCore.Mvc.ContentResult in 29.3094ms.
2025-08-29 16:04:18.836 +03:30 [INF] Executing ContentResult with HTTP Response ContentType of text/plain
2025-08-29 16:04:18.837 +03:30 [INF] Executed action Api.Controllers.TradeController.Evaluate (Api) in 34.8863ms
2025-08-29 16:04:18.855 +03:30 [INF] Executed endpoint 'Api.Controllers.TradeController.Evaluate (Api)'
2025-08-29 16:04:18.869 +03:30 [INF] HTTP POST /api/traed/evaluate responded 200 in 76.1 ms
2025-08-29 16:04:18.872 +03:30 [INF] Request finished HTTP/1.1 POST http://localhost:5005/api/traed/evaluate - 200 21 text/plain 85.4433ms
2025-08-29 16:04:18.963 +03:30 [INF] Request starting HTTP/1.1 POST http://localhost:5005/api/traed/evaluate - application/json 155
2025-08-29 16:04:18.989 +03:30 [INF] Executing endpoint 'Api.Controllers.TradeController.Evaluate (Api)'
2025-08-29 16:04:18.990 +03:30 [INF] Route matched with {action = "Evaluate", controller = "Trade"}. Executing controller action with signature System.Threading.Tasks.Task`1[Microsoft.AspNetCore.Mvc.IActionResult] Evaluate(Application.Command.EvaluateCommand) on controller Api.Controllers.TradeController (Api).
2025-08-29 16:04:18.999 +03:30 [INF] Executing action method Api.Controllers.TradeController.Evaluate (Api) - Validation state: "Valid"
2025-08-29 16:04:19.001 +03:30 [INF] Handling EvaluateCommand {"Symbol":"","Timeframe":"","Open":1,"High":1,"Low":1,"Close":1,"Atr":1,"Bid":1,"Ask":1,"Equity":1,"OpenTrades":1,"$type":"EvaluateCommand"}
2025-08-29 16:04:19.013 +03:30 [INF] 📊 EVALUATE / -> "Hold" Size=0 SL=null TP=null
2025-08-29 16:04:19.017 +03:30 [INF] Handled EvaluateCommand => {"Action":"Hold","Size":0,"Sl":0,"Tp":0,"Note":"bad market","$type":"DecisionDto"}
2025-08-29 16:04:19.022 +03:30 [INF] Executed action method Api.Controllers.TradeController.Evaluate (Api), returned result Microsoft.AspNetCore.Mvc.ContentResult in 21.4875ms.
2025-08-29 16:04:19.024 +03:30 [INF] Executing ContentResult with HTTP Response ContentType of text/plain
2025-08-29 16:04:19.026 +03:30 [INF] Executed action Api.Controllers.TradeController.Evaluate (Api) in 27.7688ms
2025-08-29 16:04:19.036 +03:30 [INF] Executed endpoint 'Api.Controllers.TradeController.Evaluate (Api)'
2025-08-29 16:04:19.038 +03:30 [INF] HTTP POST /api/traed/evaluate responded 200 in 48.9 ms
2025-08-29 16:04:19.040 +03:30 [INF] Request finished HTTP/1.1 POST http://localhost:5005/api/traed/evaluate - 200 21 text/plain 76.8097ms
2025-08-29 16:04:19.150 +03:30 [INF] Request starting HTTP/1.1 POST http://localhost:5005/api/traed/evaluate - application/json 155
2025-08-29 16:04:19.186 +03:30 [INF] Executing endpoint 'Api.Controllers.TradeController.Evaluate (Api)'
2025-08-29 16:04:19.188 +03:30 [INF] Route matched with {action = "Evaluate", controller = "Trade"}. Executing controller action with signature System.Threading.Tasks.Task`1[Microsoft.AspNetCore.Mvc.IActionResult] Evaluate(Application.Command.EvaluateCommand) on controller Api.Controllers.TradeController (Api).
2025-08-29 16:04:19.193 +03:30 [INF] Executing action method Api.Controllers.TradeController.Evaluate (Api) - Validation state: "Valid"
2025-08-29 16:04:19.208 +03:30 [INF] Handling EvaluateCommand {"Symbol":"","Timeframe":"","Open":1,"High":1,"Low":1,"Close":1,"Atr":1,"Bid":1,"Ask":1,"Equity":1,"OpenTrades":1,"$type":"EvaluateCommand"}
2025-08-29 16:04:19.233 +03:30 [INF] 📊 EVALUATE / -> "Hold" Size=0 SL=null TP=null
2025-08-29 16:04:19.247 +03:30 [INF] Handled EvaluateCommand => {"Action":"Hold","Size":0,"Sl":0,"Tp":0,"Note":"bad market","$type":"DecisionDto"}
2025-08-29 16:04:19.254 +03:30 [INF] Executed action method Api.Controllers.TradeController.Evaluate (Api), returned result Microsoft.AspNetCore.Mvc.ContentResult in 46.0619ms.
2025-08-29 16:04:19.256 +03:30 [INF] Executing ContentResult with HTTP Response ContentType of text/plain
2025-08-29 16:04:19.258 +03:30 [INF] Executed action Api.Controllers.TradeController.Evaluate (Api) in 65.5074ms
2025-08-29 16:04:19.264 +03:30 [INF] Executed endpoint 'Api.Controllers.TradeController.Evaluate (Api)'
2025-08-29 16:04:19.266 +03:30 [INF] HTTP POST /api/traed/evaluate responded 200 in 80.4 ms
2025-08-29 16:04:19.269 +03:30 [INF] Request finished HTTP/1.1 POST http://localhost:5005/api/traed/evaluate - 200 21 text/plain 119.6964ms
2025-08-29 17:03:31.353 +03:30 [INF] Application is shutting down...
2025-08-29 18:14:49.004 +03:30 [INF] User profile is available. Using 'C:\Users\20\AppData\Local\ASP.NET\DataProtection-Keys' as key repository and Windows DPAPI to encrypt keys at rest.
2025-08-29 18:14:49.249 +03:30 [WRN] The WebRootPath was not found: D:\Trader\Trader\Api\wwwroot. Static files may be unavailable.
2025-08-29 18:14:49.460 +03:30 [INF] Now listening on: http://localhost:5005
2025-08-29 18:14:49.467 +03:30 [INF] Application started. Press Ctrl+C to shut down.
2025-08-29 18:14:49.470 +03:30 [INF] Hosting environment: Development
2025-08-29 18:14:49.471 +03:30 [INF] Content root path: D:\Trader\Trader\Api
2025-08-29 18:15:27.105 +03:30 [INF] Request starting HTTP/1.1 GET http://localhost:5005/Scalar/docs - null null
2025-08-29 18:15:27.252 +03:30 [INF] Executing endpoint 'HTTP: GET /scalar/{documentName?}'
2025-08-29 18:15:27.751 +03:30 [INF] Write content with HTTP Response ContentType of text/html
2025-08-29 18:15:27.763 +03:30 [INF] Executed endpoint 'HTTP: GET /scalar/{documentName?}'
2025-08-29 18:15:27.773 +03:30 [INF] HTTP GET /Scalar/docs responded 200 in 518.7 ms
2025-08-29 18:15:27.891 +03:30 [INF] Request finished HTTP/1.1 GET http://localhost:5005/Scalar/docs - 200 905 text/html 789.7863ms
2025-08-29 18:15:28.048 +03:30 [INF] Request starting HTTP/1.1 GET http://localhost:5005/Scalar/scalar.aspnetcore.js - null null
2025-08-29 18:15:28.048 +03:30 [INF] Request starting HTTP/1.1 GET http://localhost:5005/Scalar/scalar.js - null null
2025-08-29 18:15:28.074 +03:30 [INF] Executing endpoint 'HTTP: GET /scalar/scalar.aspnetcore.js'
2025-08-29 18:15:28.074 +03:30 [INF] Executing endpoint 'HTTP: GET /scalar/scalar.js'
2025-08-29 18:15:28.096 +03:30 [INF] Sending file with download name ''.
2025-08-29 18:15:28.100 +03:30 [INF] Setting HTTP status code 304.
2025-08-29 18:15:28.102 +03:30 [INF] Executed endpoint 'HTTP: GET /scalar/scalar.js'
2025-08-29 18:15:28.104 +03:30 [INF] HTTP GET /Scalar/scalar.js responded 304 in 29.7 ms
2025-08-29 18:15:28.108 +03:30 [INF] Request finished HTTP/1.1 GET http://localhost:5005/Scalar/scalar.js - 304 null null 66.7907ms
2025-08-29 18:15:28.108 +03:30 [INF] Executed endpoint 'HTTP: GET /scalar/scalar.aspnetcore.js'
2025-08-29 18:15:28.115 +03:30 [INF] HTTP GET /Scalar/scalar.aspnetcore.js responded 200 in 40.4 ms
2025-08-29 18:15:28.136 +03:30 [INF] Request finished HTTP/1.1 GET http://localhost:5005/Scalar/scalar.aspnetcore.js - 200 1046 text/javascript 87.728ms
2025-08-29 18:15:28.768 +03:30 [INF] Request starting HTTP/1.1 GET http://localhost:5005/favicon.ico - null null
2025-08-29 18:15:28.786 +03:30 [INF] HTTP GET /favicon.ico responded 404 in 0.1 ms
2025-08-29 18:15:28.789 +03:30 [INF] Request finished HTTP/1.1 GET http://localhost:5005/favicon.ico - 499 null null 21.4286ms
2025-08-29 18:15:28.795 +03:30 [INF] Request reached the end of the middleware pipeline without being handled by application code. Request path: GET http://localhost:5005/favicon.ico, Response status code: 499
2025-08-29 18:15:34.832 +03:30 [INF] Request starting HTTP/1.1 GET http://localhost:5005/openapi/docs.json - null null
2025-08-29 18:15:34.838 +03:30 [INF] Executing endpoint 'HTTP: GET /openapi/{documentName}.json'
2025-08-29 18:15:34.862 +03:30 [INF] Request starting HTTP/1.1 GET http://localhost:5005/openapi/docs.json - null null
2025-08-29 18:15:34.889 +03:30 [INF] Executing endpoint 'HTTP: GET /openapi/{documentName}.json'
2025-08-29 18:15:35.241 +03:30 [INF] Executed endpoint 'HTTP: GET /openapi/{documentName}.json'
2025-08-29 18:15:35.241 +03:30 [INF] Executed endpoint 'HTTP: GET /openapi/{documentName}.json'
2025-08-29 18:15:35.249 +03:30 [ERR] HTTP GET /openapi/docs.json responded 500 in 359.3 ms
System.ArgumentNullException: Value cannot be null. (Parameter 'propertyName')
   at System.Text.Json.ThrowHelper.ThrowArgumentNullException(String parameterName)
   at System.Text.Json.Utf8JsonWriter.WritePropertyName(String propertyName)
   at System.Text.Json.Nodes.JsonObject.WriteTo(Utf8JsonWriter writer, JsonSerializerOptions options)
   at System.Text.Json.JsonSerializer.ReadFromNode[TValue](JsonNode node, JsonTypeInfo`1 jsonTypeInfo)
   at System.Text.Json.JsonSerializer.Deserialize[TValue](JsonNode node, JsonTypeInfo`1 jsonTypeInfo)
   at Microsoft.AspNetCore.OpenApi.OpenApiSchemaService.GetOrCreateSchemaAsync(Type type, IServiceProvider scopedServiceProvider, IOpenApiSchemaTransformer[] schemaTransformers, ApiParameterDescription parameterDescription, Boolean captureSchemaByRef, CancellationToken cancellationToken)
   at Microsoft.AspNetCore.OpenApi.OpenApiDocumentService.GetParametersAsync(ApiDescription description, IServiceProvider scopedServiceProvider, IOpenApiSchemaTransformer[] schemaTransformers, CancellationToken cancellationToken)
   at Microsoft.AspNetCore.OpenApi.OpenApiDocumentService.GetOperationAsync(ApiDescription description, HashSet`1 capturedTags, IServiceProvider scopedServiceProvider, IOpenApiSchemaTransformer[] schemaTransformers, CancellationToken cancellationToken)
   at Microsoft.AspNetCore.OpenApi.OpenApiDocumentService.GetOperationsAsync(IGrouping`2 descriptions, HashSet`1 capturedTags, IServiceProvider scopedServiceProvider, IOpenApiOperationTransformer[] operationTransformers, IOpenApiSchemaTransformer[] schemaTransformers, CancellationToken cancellationToken)
   at Microsoft.AspNetCore.OpenApi.OpenApiDocumentService.GetOpenApiPathsAsync(HashSet`1 capturedTags, IServiceProvider scopedServiceProvider, IOpenApiOperationTransformer[] operationTransformers, IOpenApiSchemaTransformer[] schemaTransformers, CancellationToken cancellationToken)
   at Microsoft.AspNetCore.OpenApi.OpenApiDocumentService.GetOpenApiDocumentAsync(IServiceProvider scopedServiceProvider, CancellationToken cancellationToken)
   at Microsoft.AspNetCore.Builder.OpenApiEndpointRouteBuilderExtensions.<>c__DisplayClass0_0.<<MapOpenApi>b__0>d.MoveNext()
--- End of stack trace from previous location ---
   at Microsoft.AspNetCore.Http.Generated.<GeneratedRouteBuilderExtensions_g>F56B68D2B55B5B7B373BA2E4796D897848BC0F04A969B1AF6260183E8B9E0BAF2__GeneratedRouteBuilderExtensionsCore.<>c__DisplayClass2_0.<<MapGet0>g__RequestHandler|5>d.MoveNext()
--- End of stack trace from previous location ---
   at Microsoft.AspNetCore.Routing.EndpointMiddleware.<Invoke>g__AwaitRequestTask|7_0(Endpoint endpoint, Task requestTask, ILogger logger)
   at Serilog.AspNetCore.RequestLoggingMiddleware.Invoke(HttpContext httpContext)
2025-08-29 18:15:35.245 +03:30 [ERR] HTTP GET /openapi/docs.json responded 500 in 406.6 ms
System.ArgumentNullException: Value cannot be null. (Parameter 'propertyName')
   at System.Text.Json.ThrowHelper.ThrowArgumentNullException(String parameterName)
   at System.Text.Json.Utf8JsonWriter.WritePropertyName(String propertyName)
   at System.Text.Json.Nodes.JsonObject.WriteTo(Utf8JsonWriter writer, JsonSerializerOptions options)
   at System.Text.Json.JsonSerializer.ReadFromNode[TValue](JsonNode node, JsonTypeInfo`1 jsonTypeInfo)
   at System.Text.Json.JsonSerializer.Deserialize[TValue](JsonNode node, JsonTypeInfo`1 jsonTypeInfo)
   at Microsoft.AspNetCore.OpenApi.OpenApiSchemaService.GetOrCreateSchemaAsync(Type type, IServiceProvider scopedServiceProvider, IOpenApiSchemaTransformer[] schemaTransformers, ApiParameterDescription parameterDescription, Boolean captureSchemaByRef, CancellationToken cancellationToken)
   at Microsoft.AspNetCore.OpenApi.OpenApiDocumentService.GetParametersAsync(ApiDescription description, IServiceProvider scopedServiceProvider, IOpenApiSchemaTransformer[] schemaTransformers, CancellationToken cancellationToken)
   at Microsoft.AspNetCore.OpenApi.OpenApiDocumentService.GetOperationAsync(ApiDescription description, HashSet`1 capturedTags, IServiceProvider scopedServiceProvider, IOpenApiSchemaTransformer[] schemaTransformers, CancellationToken cancellationToken)
   at Microsoft.AspNetCore.OpenApi.OpenApiDocumentService.GetOperationsAsync(IGrouping`2 descriptions, HashSet`1 capturedTags, IServiceProvider scopedServiceProvider, IOpenApiOperationTransformer[] operationTransformers, IOpenApiSchemaTransformer[] schemaTransformers, CancellationToken cancellationToken)
   at Microsoft.AspNetCore.OpenApi.OpenApiDocumentService.GetOpenApiPathsAsync(HashSet`1 capturedTags, IServiceProvider scopedServiceProvider, IOpenApiOperationTransformer[] operationTransformers, IOpenApiSchemaTransformer[] schemaTransformers, CancellationToken cancellationToken)
   at Microsoft.AspNetCore.OpenApi.OpenApiDocumentService.GetOpenApiDocumentAsync(IServiceProvider scopedServiceProvider, CancellationToken cancellationToken)
   at Microsoft.AspNetCore.Builder.OpenApiEndpointRouteBuilderExtensions.<>c__DisplayClass0_0.<<MapOpenApi>b__0>d.MoveNext()
--- End of stack trace from previous location ---
   at Microsoft.AspNetCore.Http.Generated.<GeneratedRouteBuilderExtensions_g>F56B68D2B55B5B7B373BA2E4796D897848BC0F04A969B1AF6260183E8B9E0BAF2__GeneratedRouteBuilderExtensionsCore.<>c__DisplayClass2_0.<<MapGet0>g__RequestHandler|5>d.MoveNext()
--- End of stack trace from previous location ---
   at Microsoft.AspNetCore.Routing.EndpointMiddleware.<Invoke>g__AwaitRequestTask|7_0(Endpoint endpoint, Task requestTask, ILogger logger)
   at Serilog.AspNetCore.RequestLoggingMiddleware.Invoke(HttpContext httpContext)
2025-08-29 18:15:35.315 +03:30 [ERR] An unhandled exception has occurred while executing the request.
System.ArgumentNullException: Value cannot be null. (Parameter 'propertyName')
   at System.Text.Json.ThrowHelper.ThrowArgumentNullException(String parameterName)
   at System.Text.Json.Utf8JsonWriter.WritePropertyName(String propertyName)
   at System.Text.Json.Nodes.JsonObject.WriteTo(Utf8JsonWriter writer, JsonSerializerOptions options)
   at System.Text.Json.JsonSerializer.ReadFromNode[TValue](JsonNode node, JsonTypeInfo`1 jsonTypeInfo)
   at System.Text.Json.JsonSerializer.Deserialize[TValue](JsonNode node, JsonTypeInfo`1 jsonTypeInfo)
   at Microsoft.AspNetCore.OpenApi.OpenApiSchemaService.GetOrCreateSchemaAsync(Type type, IServiceProvider scopedServiceProvider, IOpenApiSchemaTransformer[] schemaTransformers, ApiParameterDescription parameterDescription, Boolean captureSchemaByRef, CancellationToken cancellationToken)
   at Microsoft.AspNetCore.OpenApi.OpenApiDocumentService.GetParametersAsync(ApiDescription description, IServiceProvider scopedServiceProvider, IOpenApiSchemaTransformer[] schemaTransformers, CancellationToken cancellationToken)
   at Microsoft.AspNetCore.OpenApi.OpenApiDocumentService.GetOperationAsync(ApiDescription description, HashSet`1 capturedTags, IServiceProvider scopedServiceProvider, IOpenApiSchemaTransformer[] schemaTransformers, CancellationToken cancellationToken)
   at Microsoft.AspNetCore.OpenApi.OpenApiDocumentService.GetOperationsAsync(IGrouping`2 descriptions, HashSet`1 capturedTags, IServiceProvider scopedServiceProvider, IOpenApiOperationTransformer[] operationTransformers, IOpenApiSchemaTransformer[] schemaTransformers, CancellationToken cancellationToken)
   at Microsoft.AspNetCore.OpenApi.OpenApiDocumentService.GetOpenApiPathsAsync(HashSet`1 capturedTags, IServiceProvider scopedServiceProvider, IOpenApiOperationTransformer[] operationTransformers, IOpenApiSchemaTransformer[] schemaTransformers, CancellationToken cancellationToken)
   at Microsoft.AspNetCore.OpenApi.OpenApiDocumentService.GetOpenApiDocumentAsync(IServiceProvider scopedServiceProvider, CancellationToken cancellationToken)
   at Microsoft.AspNetCore.Builder.OpenApiEndpointRouteBuilderExtensions.<>c__DisplayClass0_0.<<MapOpenApi>b__0>d.MoveNext()
--- End of stack trace from previous location ---
   at Microsoft.AspNetCore.Http.Generated.<GeneratedRouteBuilderExtensions_g>F56B68D2B55B5B7B373BA2E4796D897848BC0F04A969B1AF6260183E8B9E0BAF2__GeneratedRouteBuilderExtensionsCore.<>c__DisplayClass2_0.<<MapGet0>g__RequestHandler|5>d.MoveNext()
--- End of stack trace from previous location ---
   at Microsoft.AspNetCore.Routing.EndpointMiddleware.<Invoke>g__AwaitRequestTask|7_0(Endpoint endpoint, Task requestTask, ILogger logger)
   at Serilog.AspNetCore.RequestLoggingMiddleware.Invoke(HttpContext httpContext)
   at Microsoft.AspNetCore.RateLimiting.RateLimitingMiddleware.InvokeInternal(HttpContext context, EnableRateLimitingAttribute enableRateLimitingAttribute)
   at Microsoft.AspNetCore.Authorization.AuthorizationMiddleware.Invoke(HttpContext context)
   at Microsoft.AspNetCore.Authentication.AuthenticationMiddleware.Invoke(HttpContext context)
   at Microsoft.AspNetCore.Diagnostics.DeveloperExceptionPageMiddlewareImpl.Invoke(HttpContext context)
2025-08-29 18:15:35.317 +03:30 [ERR] An unhandled exception has occurred while executing the request.
System.ArgumentNullException: Value cannot be null. (Parameter 'propertyName')
   at System.Text.Json.ThrowHelper.ThrowArgumentNullException(String parameterName)
   at System.Text.Json.Utf8JsonWriter.WritePropertyName(String propertyName)
   at System.Text.Json.Nodes.JsonObject.WriteTo(Utf8JsonWriter writer, JsonSerializerOptions options)
   at System.Text.Json.JsonSerializer.ReadFromNode[TValue](JsonNode node, JsonTypeInfo`1 jsonTypeInfo)
   at System.Text.Json.JsonSerializer.Deserialize[TValue](JsonNode node, JsonTypeInfo`1 jsonTypeInfo)
   at Microsoft.AspNetCore.OpenApi.OpenApiSchemaService.GetOrCreateSchemaAsync(Type type, IServiceProvider scopedServiceProvider, IOpenApiSchemaTransformer[] schemaTransformers, ApiParameterDescription parameterDescription, Boolean captureSchemaByRef, CancellationToken cancellationToken)
   at Microsoft.AspNetCore.OpenApi.OpenApiDocumentService.GetParametersAsync(ApiDescription description, IServiceProvider scopedServiceProvider, IOpenApiSchemaTransformer[] schemaTransformers, CancellationToken cancellationToken)
   at Microsoft.AspNetCore.OpenApi.OpenApiDocumentService.GetOperationAsync(ApiDescription description, HashSet`1 capturedTags, IServiceProvider scopedServiceProvider, IOpenApiSchemaTransformer[] schemaTransformers, CancellationToken cancellationToken)
   at Microsoft.AspNetCore.OpenApi.OpenApiDocumentService.GetOperationsAsync(IGrouping`2 descriptions, HashSet`1 capturedTags, IServiceProvider scopedServiceProvider, IOpenApiOperationTransformer[] operationTransformers, IOpenApiSchemaTransformer[] schemaTransformers, CancellationToken cancellationToken)
   at Microsoft.AspNetCore.OpenApi.OpenApiDocumentService.GetOpenApiPathsAsync(HashSet`1 capturedTags, IServiceProvider scopedServiceProvider, IOpenApiOperationTransformer[] operationTransformers, IOpenApiSchemaTransformer[] schemaTransformers, CancellationToken cancellationToken)
   at Microsoft.AspNetCore.OpenApi.OpenApiDocumentService.GetOpenApiDocumentAsync(IServiceProvider scopedServiceProvider, CancellationToken cancellationToken)
   at Microsoft.AspNetCore.Builder.OpenApiEndpointRouteBuilderExtensions.<>c__DisplayClass0_0.<<MapOpenApi>b__0>d.MoveNext()
--- End of stack trace from previous location ---
   at Microsoft.AspNetCore.Http.Generated.<GeneratedRouteBuilderExtensions_g>F56B68D2B55B5B7B373BA2E4796D897848BC0F04A969B1AF6260183E8B9E0BAF2__GeneratedRouteBuilderExtensionsCore.<>c__DisplayClass2_0.<<MapGet0>g__RequestHandler|5>d.MoveNext()
--- End of stack trace from previous location ---
   at Microsoft.AspNetCore.Routing.EndpointMiddleware.<Invoke>g__AwaitRequestTask|7_0(Endpoint endpoint, Task requestTask, ILogger logger)
   at Serilog.AspNetCore.RequestLoggingMiddleware.Invoke(HttpContext httpContext)
   at Microsoft.AspNetCore.RateLimiting.RateLimitingMiddleware.InvokeInternal(HttpContext context, EnableRateLimitingAttribute enableRateLimitingAttribute)
   at Microsoft.AspNetCore.Authorization.AuthorizationMiddleware.Invoke(HttpContext context)
   at Microsoft.AspNetCore.Authentication.AuthenticationMiddleware.Invoke(HttpContext context)
   at Microsoft.AspNetCore.Diagnostics.DeveloperExceptionPageMiddlewareImpl.Invoke(HttpContext context)
2025-08-29 18:15:35.339 +03:30 [INF] Request finished HTTP/1.1 GET http://localhost:5005/openapi/docs.json - 500 null text/plain; charset=utf-8 477.3025ms
2025-08-29 18:15:35.340 +03:30 [INF] Request finished HTTP/1.1 GET http://localhost:5005/openapi/docs.json - 500 null text/plain; charset=utf-8 507.4195ms
2025-08-29 18:16:07.753 +03:30 [INF] Request starting HTTP/1.1 GET http://localhost:5005/Scalar/docs - null null
2025-08-29 18:16:07.758 +03:30 [INF] Executing endpoint 'HTTP: GET /scalar/{documentName?}'
2025-08-29 18:16:07.764 +03:30 [INF] Write content with HTTP Response ContentType of text/html
2025-08-29 18:16:07.767 +03:30 [INF] Executed endpoint 'HTTP: GET /scalar/{documentName?}'
2025-08-29 18:16:07.770 +03:30 [INF] HTTP GET /Scalar/docs responded 200 in 12.3 ms
2025-08-29 18:16:07.772 +03:30 [INF] Request finished HTTP/1.1 GET http://localhost:5005/Scalar/docs - 200 905 text/html 19.2371ms
2025-08-29 18:16:07.868 +03:30 [INF] Request starting HTTP/1.1 GET http://localhost:5005/Scalar/scalar.js - null null
2025-08-29 18:16:07.868 +03:30 [INF] Request starting HTTP/1.1 GET http://localhost:5005/Scalar/scalar.aspnetcore.js - null null
2025-08-29 18:16:07.873 +03:30 [INF] Executing endpoint 'HTTP: GET /scalar/scalar.js'
2025-08-29 18:16:07.878 +03:30 [INF] Executing endpoint 'HTTP: GET /scalar/scalar.aspnetcore.js'
2025-08-29 18:16:07.880 +03:30 [INF] Setting HTTP status code 304.
2025-08-29 18:16:07.881 +03:30 [INF] Setting HTTP status code 304.
2025-08-29 18:16:07.883 +03:30 [INF] Executed endpoint 'HTTP: GET /scalar/scalar.js'
2025-08-29 18:16:07.884 +03:30 [INF] Executed endpoint 'HTTP: GET /scalar/scalar.aspnetcore.js'
2025-08-29 18:16:07.886 +03:30 [INF] HTTP GET /Scalar/scalar.js responded 304 in 13.1 ms
2025-08-29 18:16:07.887 +03:30 [INF] HTTP GET /Scalar/scalar.aspnetcore.js responded 304 in 8.9 ms
2025-08-29 18:16:07.889 +03:30 [INF] Request finished HTTP/1.1 GET http://localhost:5005/Scalar/scalar.js - 304 null null 21.5108ms
2025-08-29 18:16:07.951 +03:30 [INF] Request finished HTTP/1.1 GET http://localhost:5005/Scalar/scalar.aspnetcore.js - 304 null null 82.3551ms
2025-08-29 18:16:08.561 +03:30 [INF] Request starting HTTP/1.1 GET http://localhost:5005/favicon.ico - null null
2025-08-29 18:16:08.567 +03:30 [INF] HTTP GET /favicon.ico responded 404 in 0.0 ms
2025-08-29 18:16:08.570 +03:30 [INF] Request finished HTTP/1.1 GET http://localhost:5005/favicon.ico - 499 null null 8.4941ms
2025-08-29 18:16:08.580 +03:30 [INF] Request reached the end of the middleware pipeline without being handled by application code. Request path: GET http://localhost:5005/favicon.ico, Response status code: 499
2025-08-29 18:16:12.381 +03:30 [INF] Request starting HTTP/1.1 GET http://localhost:5005/openapi/docs.json - null null
2025-08-29 18:16:12.385 +03:30 [INF] Executing endpoint 'HTTP: GET /openapi/{documentName}.json'
2025-08-29 18:16:12.389 +03:30 [INF] Request starting HTTP/1.1 GET http://localhost:5005/openapi/docs.json - null null
2025-08-29 18:16:12.402 +03:30 [INF] Executing endpoint 'HTTP: GET /openapi/{documentName}.json'
2025-08-29 18:16:12.403 +03:30 [INF] Executed endpoint 'HTTP: GET /openapi/{documentName}.json'
2025-08-29 18:16:12.405 +03:30 [INF] Executed endpoint 'HTTP: GET /openapi/{documentName}.json'
2025-08-29 18:16:12.405 +03:30 [ERR] HTTP GET /openapi/docs.json responded 500 in 20.0 ms
System.ArgumentNullException: Value cannot be null. (Parameter 'propertyName')
   at System.Text.Json.ThrowHelper.ThrowArgumentNullException(String parameterName)
   at System.Text.Json.Utf8JsonWriter.WritePropertyName(String propertyName)
   at System.Text.Json.Nodes.JsonObject.WriteTo(Utf8JsonWriter writer, JsonSerializerOptions options)
   at System.Text.Json.JsonSerializer.ReadFromNode[TValue](JsonNode node, JsonTypeInfo`1 jsonTypeInfo)
   at System.Text.Json.JsonSerializer.Deserialize[TValue](JsonNode node, JsonTypeInfo`1 jsonTypeInfo)
   at Microsoft.AspNetCore.OpenApi.OpenApiSchemaService.GetOrCreateSchemaAsync(Type type, IServiceProvider scopedServiceProvider, IOpenApiSchemaTransformer[] schemaTransformers, ApiParameterDescription parameterDescription, Boolean captureSchemaByRef, CancellationToken cancellationToken)
   at Microsoft.AspNetCore.OpenApi.OpenApiDocumentService.GetParametersAsync(ApiDescription description, IServiceProvider scopedServiceProvider, IOpenApiSchemaTransformer[] schemaTransformers, CancellationToken cancellationToken)
   at Microsoft.AspNetCore.OpenApi.OpenApiDocumentService.GetOperationAsync(ApiDescription description, HashSet`1 capturedTags, IServiceProvider scopedServiceProvider, IOpenApiSchemaTransformer[] schemaTransformers, CancellationToken cancellationToken)
   at Microsoft.AspNetCore.OpenApi.OpenApiDocumentService.GetOperationsAsync(IGrouping`2 descriptions, HashSet`1 capturedTags, IServiceProvider scopedServiceProvider, IOpenApiOperationTransformer[] operationTransformers, IOpenApiSchemaTransformer[] schemaTransformers, CancellationToken cancellationToken)
   at Microsoft.AspNetCore.OpenApi.OpenApiDocumentService.GetOpenApiPathsAsync(HashSet`1 capturedTags, IServiceProvider scopedServiceProvider, IOpenApiOperationTransformer[] operationTransformers, IOpenApiSchemaTransformer[] schemaTransformers, CancellationToken cancellationToken)
   at Microsoft.AspNetCore.OpenApi.OpenApiDocumentService.GetOpenApiDocumentAsync(IServiceProvider scopedServiceProvider, CancellationToken cancellationToken)
   at Microsoft.AspNetCore.Builder.OpenApiEndpointRouteBuilderExtensions.<>c__DisplayClass0_0.<<MapOpenApi>b__0>d.MoveNext()
--- End of stack trace from previous location ---
   at Microsoft.AspNetCore.Http.Generated.<GeneratedRouteBuilderExtensions_g>F56B68D2B55B5B7B373BA2E4796D897848BC0F04A969B1AF6260183E8B9E0BAF2__GeneratedRouteBuilderExtensionsCore.<>c__DisplayClass2_0.<<MapGet0>g__RequestHandler|5>d.MoveNext()
--- End of stack trace from previous location ---
   at Microsoft.AspNetCore.Routing.EndpointMiddleware.<Invoke>g__AwaitRequestTask|7_0(Endpoint endpoint, Task requestTask, ILogger logger)
   at Serilog.AspNetCore.RequestLoggingMiddleware.Invoke(HttpContext httpContext)
2025-08-29 18:16:12.414 +03:30 [ERR] HTTP GET /openapi/docs.json responded 500 in 12.2 ms
System.ArgumentNullException: Value cannot be null. (Parameter 'propertyName')
   at System.Text.Json.ThrowHelper.ThrowArgumentNullException(String parameterName)
   at System.Text.Json.Utf8JsonWriter.WritePropertyName(String propertyName)
   at System.Text.Json.Nodes.JsonObject.WriteTo(Utf8JsonWriter writer, JsonSerializerOptions options)
   at System.Text.Json.JsonSerializer.ReadFromNode[TValue](JsonNode node, JsonTypeInfo`1 jsonTypeInfo)
   at System.Text.Json.JsonSerializer.Deserialize[TValue](JsonNode node, JsonTypeInfo`1 jsonTypeInfo)
   at Microsoft.AspNetCore.OpenApi.OpenApiSchemaService.GetOrCreateSchemaAsync(Type type, IServiceProvider scopedServiceProvider, IOpenApiSchemaTransformer[] schemaTransformers, ApiParameterDescription parameterDescription, Boolean captureSchemaByRef, CancellationToken cancellationToken)
   at Microsoft.AspNetCore.OpenApi.OpenApiDocumentService.GetParametersAsync(ApiDescription description, IServiceProvider scopedServiceProvider, IOpenApiSchemaTransformer[] schemaTransformers, CancellationToken cancellationToken)
   at Microsoft.AspNetCore.OpenApi.OpenApiDocumentService.GetOperationAsync(ApiDescription description, HashSet`1 capturedTags, IServiceProvider scopedServiceProvider, IOpenApiSchemaTransformer[] schemaTransformers, CancellationToken cancellationToken)
   at Microsoft.AspNetCore.OpenApi.OpenApiDocumentService.GetOperationsAsync(IGrouping`2 descriptions, HashSet`1 capturedTags, IServiceProvider scopedServiceProvider, IOpenApiOperationTransformer[] operationTransformers, IOpenApiSchemaTransformer[] schemaTransformers, CancellationToken cancellationToken)
   at Microsoft.AspNetCore.OpenApi.OpenApiDocumentService.GetOpenApiPathsAsync(HashSet`1 capturedTags, IServiceProvider scopedServiceProvider, IOpenApiOperationTransformer[] operationTransformers, IOpenApiSchemaTransformer[] schemaTransformers, CancellationToken cancellationToken)
   at Microsoft.AspNetCore.OpenApi.OpenApiDocumentService.GetOpenApiDocumentAsync(IServiceProvider scopedServiceProvider, CancellationToken cancellationToken)
   at Microsoft.AspNetCore.Builder.OpenApiEndpointRouteBuilderExtensions.<>c__DisplayClass0_0.<<MapOpenApi>b__0>d.MoveNext()
--- End of stack trace from previous location ---
   at Microsoft.AspNetCore.Http.Generated.<GeneratedRouteBuilderExtensions_g>F56B68D2B55B5B7B373BA2E4796D897848BC0F04A969B1AF6260183E8B9E0BAF2__GeneratedRouteBuilderExtensionsCore.<>c__DisplayClass2_0.<<MapGet0>g__RequestHandler|5>d.MoveNext()
--- End of stack trace from previous location ---
   at Microsoft.AspNetCore.Routing.EndpointMiddleware.<Invoke>g__AwaitRequestTask|7_0(Endpoint endpoint, Task requestTask, ILogger logger)
   at Serilog.AspNetCore.RequestLoggingMiddleware.Invoke(HttpContext httpContext)
2025-08-29 18:16:12.423 +03:30 [ERR] An unhandled exception has occurred while executing the request.
System.ArgumentNullException: Value cannot be null. (Parameter 'propertyName')
   at System.Text.Json.ThrowHelper.ThrowArgumentNullException(String parameterName)
   at System.Text.Json.Utf8JsonWriter.WritePropertyName(String propertyName)
   at System.Text.Json.Nodes.JsonObject.WriteTo(Utf8JsonWriter writer, JsonSerializerOptions options)
   at System.Text.Json.JsonSerializer.ReadFromNode[TValue](JsonNode node, JsonTypeInfo`1 jsonTypeInfo)
   at System.Text.Json.JsonSerializer.Deserialize[TValue](JsonNode node, JsonTypeInfo`1 jsonTypeInfo)
   at Microsoft.AspNetCore.OpenApi.OpenApiSchemaService.GetOrCreateSchemaAsync(Type type, IServiceProvider scopedServiceProvider, IOpenApiSchemaTransformer[] schemaTransformers, ApiParameterDescription parameterDescription, Boolean captureSchemaByRef, CancellationToken cancellationToken)
   at Microsoft.AspNetCore.OpenApi.OpenApiDocumentService.GetParametersAsync(ApiDescription description, IServiceProvider scopedServiceProvider, IOpenApiSchemaTransformer[] schemaTransformers, CancellationToken cancellationToken)
   at Microsoft.AspNetCore.OpenApi.OpenApiDocumentService.GetOperationAsync(ApiDescription description, HashSet`1 capturedTags, IServiceProvider scopedServiceProvider, IOpenApiSchemaTransformer[] schemaTransformers, CancellationToken cancellationToken)
   at Microsoft.AspNetCore.OpenApi.OpenApiDocumentService.GetOperationsAsync(IGrouping`2 descriptions, HashSet`1 capturedTags, IServiceProvider scopedServiceProvider, IOpenApiOperationTransformer[] operationTransformers, IOpenApiSchemaTransformer[] schemaTransformers, CancellationToken cancellationToken)
   at Microsoft.AspNetCore.OpenApi.OpenApiDocumentService.GetOpenApiPathsAsync(HashSet`1 capturedTags, IServiceProvider scopedServiceProvider, IOpenApiOperationTransformer[] operationTransformers, IOpenApiSchemaTransformer[] schemaTransformers, CancellationToken cancellationToken)
   at Microsoft.AspNetCore.OpenApi.OpenApiDocumentService.GetOpenApiDocumentAsync(IServiceProvider scopedServiceProvider, CancellationToken cancellationToken)
   at Microsoft.AspNetCore.Builder.OpenApiEndpointRouteBuilderExtensions.<>c__DisplayClass0_0.<<MapOpenApi>b__0>d.MoveNext()
--- End of stack trace from previous location ---
   at Microsoft.AspNetCore.Http.Generated.<GeneratedRouteBuilderExtensions_g>F56B68D2B55B5B7B373BA2E4796D897848BC0F04A969B1AF6260183E8B9E0BAF2__GeneratedRouteBuilderExtensionsCore.<>c__DisplayClass2_0.<<MapGet0>g__RequestHandler|5>d.MoveNext()
--- End of stack trace from previous location ---
   at Microsoft.AspNetCore.Routing.EndpointMiddleware.<Invoke>g__AwaitRequestTask|7_0(Endpoint endpoint, Task requestTask, ILogger logger)
   at Serilog.AspNetCore.RequestLoggingMiddleware.Invoke(HttpContext httpContext)
   at Microsoft.AspNetCore.RateLimiting.RateLimitingMiddleware.InvokeInternal(HttpContext context, EnableRateLimitingAttribute enableRateLimitingAttribute)
   at Microsoft.AspNetCore.Authorization.AuthorizationMiddleware.Invoke(HttpContext context)
   at Microsoft.AspNetCore.Authentication.AuthenticationMiddleware.Invoke(HttpContext context)
   at Microsoft.AspNetCore.Diagnostics.DeveloperExceptionPageMiddlewareImpl.Invoke(HttpContext context)
2025-08-29 18:16:12.438 +03:30 [ERR] An unhandled exception has occurred while executing the request.
System.ArgumentNullException: Value cannot be null. (Parameter 'propertyName')
   at System.Text.Json.ThrowHelper.ThrowArgumentNullException(String parameterName)
   at System.Text.Json.Utf8JsonWriter.WritePropertyName(String propertyName)
   at System.Text.Json.Nodes.JsonObject.WriteTo(Utf8JsonWriter writer, JsonSerializerOptions options)
   at System.Text.Json.JsonSerializer.ReadFromNode[TValue](JsonNode node, JsonTypeInfo`1 jsonTypeInfo)
   at System.Text.Json.JsonSerializer.Deserialize[TValue](JsonNode node, JsonTypeInfo`1 jsonTypeInfo)
   at Microsoft.AspNetCore.OpenApi.OpenApiSchemaService.GetOrCreateSchemaAsync(Type type, IServiceProvider scopedServiceProvider, IOpenApiSchemaTransformer[] schemaTransformers, ApiParameterDescription parameterDescription, Boolean captureSchemaByRef, CancellationToken cancellationToken)
   at Microsoft.AspNetCore.OpenApi.OpenApiDocumentService.GetParametersAsync(ApiDescription description, IServiceProvider scopedServiceProvider, IOpenApiSchemaTransformer[] schemaTransformers, CancellationToken cancellationToken)
   at Microsoft.AspNetCore.OpenApi.OpenApiDocumentService.GetOperationAsync(ApiDescription description, HashSet`1 capturedTags, IServiceProvider scopedServiceProvider, IOpenApiSchemaTransformer[] schemaTransformers, CancellationToken cancellationToken)
   at Microsoft.AspNetCore.OpenApi.OpenApiDocumentService.GetOperationsAsync(IGrouping`2 descriptions, HashSet`1 capturedTags, IServiceProvider scopedServiceProvider, IOpenApiOperationTransformer[] operationTransformers, IOpenApiSchemaTransformer[] schemaTransformers, CancellationToken cancellationToken)
   at Microsoft.AspNetCore.OpenApi.OpenApiDocumentService.GetOpenApiPathsAsync(HashSet`1 capturedTags, IServiceProvider scopedServiceProvider, IOpenApiOperationTransformer[] operationTransformers, IOpenApiSchemaTransformer[] schemaTransformers, CancellationToken cancellationToken)
   at Microsoft.AspNetCore.OpenApi.OpenApiDocumentService.GetOpenApiDocumentAsync(IServiceProvider scopedServiceProvider, CancellationToken cancellationToken)
   at Microsoft.AspNetCore.Builder.OpenApiEndpointRouteBuilderExtensions.<>c__DisplayClass0_0.<<MapOpenApi>b__0>d.MoveNext()
--- End of stack trace from previous location ---
   at Microsoft.AspNetCore.Http.Generated.<GeneratedRouteBuilderExtensions_g>F56B68D2B55B5B7B373BA2E4796D897848BC0F04A969B1AF6260183E8B9E0BAF2__GeneratedRouteBuilderExtensionsCore.<>c__DisplayClass2_0.<<MapGet0>g__RequestHandler|5>d.MoveNext()
--- End of stack trace from previous location ---
   at Microsoft.AspNetCore.Routing.EndpointMiddleware.<Invoke>g__AwaitRequestTask|7_0(Endpoint endpoint, Task requestTask, ILogger logger)
   at Serilog.AspNetCore.RequestLoggingMiddleware.Invoke(HttpContext httpContext)
   at Microsoft.AspNetCore.RateLimiting.RateLimitingMiddleware.InvokeInternal(HttpContext context, EnableRateLimitingAttribute enableRateLimitingAttribute)
   at Microsoft.AspNetCore.Authorization.AuthorizationMiddleware.Invoke(HttpContext context)
   at Microsoft.AspNetCore.Authentication.AuthenticationMiddleware.Invoke(HttpContext context)
   at Microsoft.AspNetCore.Diagnostics.DeveloperExceptionPageMiddlewareImpl.Invoke(HttpContext context)
2025-08-29 18:16:12.454 +03:30 [INF] Request finished HTTP/1.1 GET http://localhost:5005/openapi/docs.json - 500 null text/plain; charset=utf-8 72.9935ms
2025-08-29 18:16:12.471 +03:30 [INF] Request finished HTTP/1.1 GET http://localhost:5005/openapi/docs.json - 500 null text/plain; charset=utf-8 81.4548ms
2025-08-29 18:19:13.529 +03:30 [INF] Application is shutting down...
2025-08-29 18:23:11.254 +03:30 [INF] User profile is available. Using 'C:\Users\20\AppData\Local\ASP.NET\DataProtection-Keys' as key repository and Windows DPAPI to encrypt keys at rest.
2025-08-29 18:23:11.506 +03:30 [WRN] The WebRootPath was not found: D:\Trader\Trader\Api\wwwroot. Static files may be unavailable.
2025-08-29 18:23:12.218 +03:30 [INF] Now listening on: http://localhost:5005
2025-08-29 18:23:12.225 +03:30 [INF] Application started. Press Ctrl+C to shut down.
2025-08-29 18:23:12.228 +03:30 [INF] Hosting environment: Development
2025-08-29 18:23:12.230 +03:30 [INF] Content root path: D:\Trader\Trader\Api
2025-08-29 18:23:28.811 +03:30 [INF] Request starting HTTP/1.1 GET http://localhost:5005/Scalar/docs - null null
2025-08-29 18:23:28.884 +03:30 [ERR] An unhandled exception has occurred while executing the request.
Microsoft.AspNetCore.Routing.Matching.AmbiguousMatchException: The request matched multiple endpoints. Matches: 

HTTP: GET /scalar/{documentName?}
HTTP: GET /scalar/{documentName?}
   at Microsoft.AspNetCore.Routing.Matching.DefaultEndpointSelector.ReportAmbiguity(Span`1 candidateState)
   at Microsoft.AspNetCore.Routing.Matching.DefaultEndpointSelector.ProcessFinalCandidates(HttpContext httpContext, Span`1 candidateState)
   at Microsoft.AspNetCore.Routing.Matching.DefaultEndpointSelector.Select(HttpContext httpContext, Span`1 candidateState)
   at Microsoft.AspNetCore.Routing.Matching.DfaMatcher.MatchAsync(HttpContext httpContext)
   at Microsoft.AspNetCore.Routing.EndpointRoutingMiddleware.Invoke(HttpContext httpContext)
   at Microsoft.AspNetCore.Diagnostics.DeveloperExceptionPageMiddlewareImpl.Invoke(HttpContext context)
2025-08-29 18:23:28.977 +03:30 [INF] Request finished HTTP/1.1 GET http://localhost:5005/Scalar/docs - 500 null text/html; charset=utf-8 169.5874ms
2025-08-29 18:28:18.632 +03:30 [INF] Application is shutting down...
2025-08-29 18:32:50.172 +03:30 [WRN] The WebRootPath was not found: D:\Trader\Trader\Api\wwwroot. Static files may be unavailable.
2025-08-29 18:33:40.680 +03:30 [INF] HTTP GET /Scalar/docs responded 200 in 436.7 ms
2025-08-29 18:33:40.810 +03:30 [INF] HTTP GET /Scalar/scalar.js responded 304 in 7.4 ms
2025-08-29 18:33:40.823 +03:30 [INF] HTTP GET /Scalar/scalar.aspnetcore.js responded 200 in 33.9 ms
2025-08-29 18:33:41.476 +03:30 [INF] HTTP GET /favicon.ico responded 404 in 1.3 ms
2025-08-29 18:33:46.752 +03:30 [ERR] HTTP GET /openapi/docs.json responded 500 in 32.1 ms
System.InvalidOperationException: No registered OpenAPI/Swagger document found for the document name 'v1'. Add with the AddSwagger()/AddOpenApi() methods in ConfigureServices().
   at NSwag.AspNetCore.OpenApiDocumentProvider.GenerateAsync(String documentName)
   at NSwag.AspNetCore.Middlewares.OpenApiDocumentMiddleware.GenerateDocumentAsync(HttpContext context)
   at NSwag.AspNetCore.Middlewares.OpenApiDocumentMiddleware.GetDocumentAsync(HttpContext context)
   at NSwag.AspNetCore.Middlewares.OpenApiDocumentMiddleware.Invoke(HttpContext context)
   at Serilog.AspNetCore.RequestLoggingMiddleware.Invoke(HttpContext httpContext)
2025-08-29 18:33:46.752 +03:30 [ERR] HTTP GET /openapi/docs.json responded 500 in 45.3 ms
System.InvalidOperationException: No registered OpenAPI/Swagger document found for the document name 'v1'. Add with the AddSwagger()/AddOpenApi() methods in ConfigureServices().
   at NSwag.AspNetCore.OpenApiDocumentProvider.GenerateAsync(String documentName)
   at NSwag.AspNetCore.Middlewares.OpenApiDocumentMiddleware.GenerateDocumentAsync(HttpContext context)
   at NSwag.AspNetCore.Middlewares.OpenApiDocumentMiddleware.GetDocumentAsync(HttpContext context)
   at NSwag.AspNetCore.Middlewares.OpenApiDocumentMiddleware.Invoke(HttpContext context)
   at Serilog.AspNetCore.RequestLoggingMiddleware.Invoke(HttpContext httpContext)
2025-08-29 18:33:46.807 +03:30 [ERR] An unhandled exception has occurred while executing the request.
System.InvalidOperationException: No registered OpenAPI/Swagger document found for the document name 'v1'. Add with the AddSwagger()/AddOpenApi() methods in ConfigureServices().
   at NSwag.AspNetCore.OpenApiDocumentProvider.GenerateAsync(String documentName)
   at NSwag.AspNetCore.Middlewares.OpenApiDocumentMiddleware.GenerateDocumentAsync(HttpContext context)
   at NSwag.AspNetCore.Middlewares.OpenApiDocumentMiddleware.GetDocumentAsync(HttpContext context)
   at NSwag.AspNetCore.Middlewares.OpenApiDocumentMiddleware.Invoke(HttpContext context)
   at Serilog.AspNetCore.RequestLoggingMiddleware.Invoke(HttpContext httpContext)
   at Microsoft.AspNetCore.RateLimiting.RateLimitingMiddleware.InvokeInternal(HttpContext context, EnableRateLimitingAttribute enableRateLimitingAttribute)
   at Microsoft.AspNetCore.Authorization.AuthorizationMiddleware.Invoke(HttpContext context)
   at Microsoft.AspNetCore.Authentication.AuthenticationMiddleware.Invoke(HttpContext context)
   at Microsoft.AspNetCore.Diagnostics.DeveloperExceptionPageMiddlewareImpl.Invoke(HttpContext context)
2025-08-29 18:33:46.812 +03:30 [ERR] An unhandled exception has occurred while executing the request.
System.InvalidOperationException: No registered OpenAPI/Swagger document found for the document name 'v1'. Add with the AddSwagger()/AddOpenApi() methods in ConfigureServices().
   at NSwag.AspNetCore.OpenApiDocumentProvider.GenerateAsync(String documentName)
   at NSwag.AspNetCore.Middlewares.OpenApiDocumentMiddleware.GenerateDocumentAsync(HttpContext context)
   at NSwag.AspNetCore.Middlewares.OpenApiDocumentMiddleware.GetDocumentAsync(HttpContext context)
   at NSwag.AspNetCore.Middlewares.OpenApiDocumentMiddleware.Invoke(HttpContext context)
   at Serilog.AspNetCore.RequestLoggingMiddleware.Invoke(HttpContext httpContext)
   at Microsoft.AspNetCore.RateLimiting.RateLimitingMiddleware.InvokeInternal(HttpContext context, EnableRateLimitingAttribute enableRateLimitingAttribute)
   at Microsoft.AspNetCore.Authorization.AuthorizationMiddleware.Invoke(HttpContext context)
   at Microsoft.AspNetCore.Authentication.AuthenticationMiddleware.Invoke(HttpContext context)
   at Microsoft.AspNetCore.Diagnostics.DeveloperExceptionPageMiddlewareImpl.Invoke(HttpContext context)
2025-08-29 18:34:53.281 +03:30 [INF] HTTP GET /Scalar/docs responded 200 in 2.5 ms
2025-08-29 18:34:53.344 +03:30 [INF] HTTP GET /Scalar/scalar.js responded 304 in 0.2 ms
2025-08-29 18:34:53.344 +03:30 [INF] HTTP GET /Scalar/scalar.aspnetcore.js responded 304 in 0.2 ms
2025-08-29 18:34:59.881 +03:30 [ERR] HTTP GET /openapi/docs.json responded 500 in 0.2 ms
System.InvalidOperationException: No registered OpenAPI/Swagger document found for the document name 'v1'. Add with the AddSwagger()/AddOpenApi() methods in ConfigureServices().
   at NSwag.AspNetCore.OpenApiDocumentProvider.GenerateAsync(String documentName)
   at NSwag.AspNetCore.Middlewares.OpenApiDocumentMiddleware.GenerateDocumentAsync(HttpContext context)
   at NSwag.AspNetCore.Middlewares.OpenApiDocumentMiddleware.GetDocumentAsync(HttpContext context)
   at NSwag.AspNetCore.Middlewares.OpenApiDocumentMiddleware.Invoke(HttpContext context)
   at Serilog.AspNetCore.RequestLoggingMiddleware.Invoke(HttpContext httpContext)
2025-08-29 18:34:59.881 +03:30 [ERR] HTTP GET /openapi/docs.json responded 500 in 2.3 ms
System.InvalidOperationException: No registered OpenAPI/Swagger document found for the document name 'v1'. Add with the AddSwagger()/AddOpenApi() methods in ConfigureServices().
   at NSwag.AspNetCore.OpenApiDocumentProvider.GenerateAsync(String documentName)
   at NSwag.AspNetCore.Middlewares.OpenApiDocumentMiddleware.GenerateDocumentAsync(HttpContext context)
   at NSwag.AspNetCore.Middlewares.OpenApiDocumentMiddleware.GetDocumentAsync(HttpContext context)
   at NSwag.AspNetCore.Middlewares.OpenApiDocumentMiddleware.Invoke(HttpContext context)
   at Serilog.AspNetCore.RequestLoggingMiddleware.Invoke(HttpContext httpContext)
2025-08-29 18:34:59.909 +03:30 [ERR] An unhandled exception has occurred while executing the request.
System.InvalidOperationException: No registered OpenAPI/Swagger document found for the document name 'v1'. Add with the AddSwagger()/AddOpenApi() methods in ConfigureServices().
   at NSwag.AspNetCore.OpenApiDocumentProvider.GenerateAsync(String documentName)
   at NSwag.AspNetCore.Middlewares.OpenApiDocumentMiddleware.GenerateDocumentAsync(HttpContext context)
   at NSwag.AspNetCore.Middlewares.OpenApiDocumentMiddleware.GetDocumentAsync(HttpContext context)
   at NSwag.AspNetCore.Middlewares.OpenApiDocumentMiddleware.Invoke(HttpContext context)
   at Serilog.AspNetCore.RequestLoggingMiddleware.Invoke(HttpContext httpContext)
   at Microsoft.AspNetCore.RateLimiting.RateLimitingMiddleware.InvokeInternal(HttpContext context, EnableRateLimitingAttribute enableRateLimitingAttribute)
   at Microsoft.AspNetCore.Authorization.AuthorizationMiddleware.Invoke(HttpContext context)
   at Microsoft.AspNetCore.Authentication.AuthenticationMiddleware.Invoke(HttpContext context)
   at Microsoft.AspNetCore.Diagnostics.DeveloperExceptionPageMiddlewareImpl.Invoke(HttpContext context)
2025-08-29 18:34:59.930 +03:30 [ERR] An unhandled exception has occurred while executing the request.
System.InvalidOperationException: No registered OpenAPI/Swagger document found for the document name 'v1'. Add with the AddSwagger()/AddOpenApi() methods in ConfigureServices().
   at NSwag.AspNetCore.OpenApiDocumentProvider.GenerateAsync(String documentName)
   at NSwag.AspNetCore.Middlewares.OpenApiDocumentMiddleware.GenerateDocumentAsync(HttpContext context)
   at NSwag.AspNetCore.Middlewares.OpenApiDocumentMiddleware.GetDocumentAsync(HttpContext context)
   at NSwag.AspNetCore.Middlewares.OpenApiDocumentMiddleware.Invoke(HttpContext context)
   at Serilog.AspNetCore.RequestLoggingMiddleware.Invoke(HttpContext httpContext)
   at Microsoft.AspNetCore.RateLimiting.RateLimitingMiddleware.InvokeInternal(HttpContext context, EnableRateLimitingAttribute enableRateLimitingAttribute)
   at Microsoft.AspNetCore.Authorization.AuthorizationMiddleware.Invoke(HttpContext context)
   at Microsoft.AspNetCore.Authentication.AuthenticationMiddleware.Invoke(HttpContext context)
   at Microsoft.AspNetCore.Diagnostics.DeveloperExceptionPageMiddlewareImpl.Invoke(HttpContext context)
2025-08-29 18:36:34.292 +03:30 [WRN] The WebRootPath was not found: D:\Trader\Trader\Api\wwwroot. Static files may be unavailable.
2025-08-29 18:36:48.427 +03:30 [INF] HTTP GET /Scalar/docs responded 200 in 362.8 ms
2025-08-29 18:36:48.493 +03:30 [INF] HTTP GET /Scalar/scalar.js responded 304 in 12.5 ms
2025-08-29 18:36:48.493 +03:30 [INF] HTTP GET /Scalar/scalar.aspnetcore.js responded 304 in 12.5 ms
2025-08-29 18:36:49.164 +03:30 [INF] HTTP GET /favicon.ico responded 404 in 0.1 ms
2025-08-29 18:36:52.836 +03:30 [ERR] HTTP GET /openapi/docs.json responded 500 in 22.6 ms
System.InvalidOperationException: No registered OpenAPI/Swagger document found for the document name 'v1'. Add with the AddSwagger()/AddOpenApi() methods in ConfigureServices().
   at NSwag.AspNetCore.OpenApiDocumentProvider.GenerateAsync(String documentName)
   at NSwag.AspNetCore.Middlewares.OpenApiDocumentMiddleware.GenerateDocumentAsync(HttpContext context)
   at NSwag.AspNetCore.Middlewares.OpenApiDocumentMiddleware.GetDocumentAsync(HttpContext context)
   at NSwag.AspNetCore.Middlewares.OpenApiDocumentMiddleware.Invoke(HttpContext context)
   at Serilog.AspNetCore.RequestLoggingMiddleware.Invoke(HttpContext httpContext)
2025-08-29 18:36:52.836 +03:30 [ERR] HTTP GET /openapi/docs.json responded 500 in 31.2 ms
System.InvalidOperationException: No registered OpenAPI/Swagger document found for the document name 'v1'. Add with the AddSwagger()/AddOpenApi() methods in ConfigureServices().
   at NSwag.AspNetCore.OpenApiDocumentProvider.GenerateAsync(String documentName)
   at NSwag.AspNetCore.Middlewares.OpenApiDocumentMiddleware.GenerateDocumentAsync(HttpContext context)
   at NSwag.AspNetCore.Middlewares.OpenApiDocumentMiddleware.GetDocumentAsync(HttpContext context)
   at NSwag.AspNetCore.Middlewares.OpenApiDocumentMiddleware.Invoke(HttpContext context)
   at Serilog.AspNetCore.RequestLoggingMiddleware.Invoke(HttpContext httpContext)
2025-08-29 18:36:52.881 +03:30 [ERR] An unhandled exception has occurred while executing the request.
System.InvalidOperationException: No registered OpenAPI/Swagger document found for the document name 'v1'. Add with the AddSwagger()/AddOpenApi() methods in ConfigureServices().
   at NSwag.AspNetCore.OpenApiDocumentProvider.GenerateAsync(String documentName)
   at NSwag.AspNetCore.Middlewares.OpenApiDocumentMiddleware.GenerateDocumentAsync(HttpContext context)
   at NSwag.AspNetCore.Middlewares.OpenApiDocumentMiddleware.GetDocumentAsync(HttpContext context)
   at NSwag.AspNetCore.Middlewares.OpenApiDocumentMiddleware.Invoke(HttpContext context)
   at Serilog.AspNetCore.RequestLoggingMiddleware.Invoke(HttpContext httpContext)
   at Microsoft.AspNetCore.RateLimiting.RateLimitingMiddleware.InvokeInternal(HttpContext context, EnableRateLimitingAttribute enableRateLimitingAttribute)
   at Microsoft.AspNetCore.Authorization.AuthorizationMiddleware.Invoke(HttpContext context)
   at Microsoft.AspNetCore.Authentication.AuthenticationMiddleware.Invoke(HttpContext context)
   at Microsoft.AspNetCore.Diagnostics.DeveloperExceptionPageMiddlewareImpl.Invoke(HttpContext context)
2025-08-29 18:36:52.884 +03:30 [ERR] An unhandled exception has occurred while executing the request.
System.InvalidOperationException: No registered OpenAPI/Swagger document found for the document name 'v1'. Add with the AddSwagger()/AddOpenApi() methods in ConfigureServices().
   at NSwag.AspNetCore.OpenApiDocumentProvider.GenerateAsync(String documentName)
   at NSwag.AspNetCore.Middlewares.OpenApiDocumentMiddleware.GenerateDocumentAsync(HttpContext context)
   at NSwag.AspNetCore.Middlewares.OpenApiDocumentMiddleware.GetDocumentAsync(HttpContext context)
   at NSwag.AspNetCore.Middlewares.OpenApiDocumentMiddleware.Invoke(HttpContext context)
   at Serilog.AspNetCore.RequestLoggingMiddleware.Invoke(HttpContext httpContext)
   at Microsoft.AspNetCore.RateLimiting.RateLimitingMiddleware.InvokeInternal(HttpContext context, EnableRateLimitingAttribute enableRateLimitingAttribute)
   at Microsoft.AspNetCore.Authorization.AuthorizationMiddleware.Invoke(HttpContext context)
   at Microsoft.AspNetCore.Authentication.AuthenticationMiddleware.Invoke(HttpContext context)
   at Microsoft.AspNetCore.Diagnostics.DeveloperExceptionPageMiddlewareImpl.Invoke(HttpContext context)
2025-08-29 18:40:50.776 +03:30 [WRN] The WebRootPath was not found: D:\Trader\Trader\Api\wwwroot. Static files may be unavailable.
2025-08-29 18:41:20.133 +03:30 [INF] HTTP GET /Scalar/docs responded 200 in 351.1 ms
2025-08-29 18:41:20.222 +03:30 [INF] HTTP GET /Scalar/scalar.aspnetcore.js responded 304 in 12.0 ms
2025-08-29 18:41:20.222 +03:30 [INF] HTTP GET /Scalar/scalar.js responded 304 in 11.1 ms
2025-08-29 18:41:25.331 +03:30 [INF] HTTP GET /openapi/docs.json responded 200 in 1104.4 ms
2025-08-29 18:41:25.331 +03:30 [INF] HTTP GET /openapi/docs.json responded 200 in 1109.4 ms
2025-08-29 18:42:31.084 +03:30 [WRN] The WebRootPath was not found: D:\Trader\Trader\Api\wwwroot. Static files may be unavailable.
2025-08-29 18:42:41.163 +03:30 [INF] HTTP GET /Scalar/docs responded 200 in 460.0 ms
2025-08-29 18:42:41.262 +03:30 [INF] HTTP GET /Scalar/scalar.js responded 304 in 18.1 ms
2025-08-29 18:42:41.262 +03:30 [INF] HTTP GET /Scalar/scalar.aspnetcore.js responded 304 in 18.1 ms
2025-08-29 18:42:48.193 +03:30 [INF] HTTP GET /openapi/docs.json responded 200 in 1223.9 ms
2025-08-29 18:42:48.193 +03:30 [INF] HTTP GET /openapi/docs.json responded 200 in 1252.7 ms
2025-08-29 18:43:17.705 +03:30 [INF] 🔐 cTrader OAuth URL generated (mode=Demo)
2025-08-29 18:43:17.729 +03:30 [INF] HTTP GET /api/ct/auth/url responded 200 in 2443.8 ms
2025-08-29 18:43:42.784 +03:30 [INF] HTTP GET /api/ct/auth/callback responded 400 in 298.1 ms
2025-08-29 18:43:57.768 +03:30 [ERR] OpenAPI stream error
OpenAPI.Net.Exceptions.SendException: An exception occurred while writing on stream
 ---> System.IO.IOException: Unable to write data to the transport connection: An established connection was aborted by the software in your host machine..
 ---> System.Net.Sockets.SocketException (10053): An established connection was aborted by the software in your host machine.
   at System.Net.Sockets.Socket.AwaitableSocketAsyncEventArgs.CreateException(SocketError error, Boolean forAsyncThrow)
   at System.Net.Sockets.Socket.AwaitableSocketAsyncEventArgs.SendAsyncForNetworkStream(Socket socket, CancellationToken cancellationToken)
   at System.Net.Sockets.Socket.SendAsyncForNetworkStream(ReadOnlyMemory`1 buffer, SocketFlags socketFlags, CancellationToken cancellationToken)
   at System.Net.Sockets.NetworkStream.WriteAsync(ReadOnlyMemory`1 buffer, CancellationToken cancellationToken)
   at System.Net.Security.SslStream.WriteSingleChunk[TIOAdapter](ReadOnlyMemory`1 buffer, CancellationToken cancellationToken)
   at System.Net.Security.SslStream.WriteAsyncInternal[TIOAdapter](ReadOnlyMemory`1 buffer, CancellationToken cancellationToken)
   at System.Runtime.CompilerServices.AsyncMethodBuilderCore.Start[TStateMachine](TStateMachine& stateMachine)
   at System.Net.Security.SslStream.WriteAsyncInternal[TIOAdapter](ReadOnlyMemory`1 buffer, CancellationToken cancellationToken)
   at System.Net.Security.SslStream.WriteAsync(Byte[] buffer, Int32 offset, Int32 count, CancellationToken cancellationToken)
   at OpenAPI.Net.OpenClient.WriteTcp(Byte[] messageByte, CancellationToken cancellationToken)
   at System.Runtime.CompilerServices.AsyncMethodBuilderCore.Start[TStateMachine](TStateMachine& stateMachine)
   at OpenAPI.Net.OpenClient.WriteTcp(Byte[] messageByte, CancellationToken cancellationToken)
   at OpenAPI.Net.OpenClient.SendMessageInstant(ProtoMessage message)
   at System.Runtime.CompilerServices.AsyncMethodBuilderCore.Start[TStateMachine](TStateMachine& stateMachine)
   at OpenAPI.Net.OpenClient.SendMessageInstant(ProtoMessage message)
   at OpenAPI.Net.OpenClient.StartSendingMessages(CancellationToken cancellationToken)
   at System.Runtime.CompilerServices.AsyncTaskMethodBuilder`1.AsyncStateMachineBox`1.ExecutionContextCallback(Object s)
   at System.Threading.ExecutionContext.RunInternal(ExecutionContext executionContext, ContextCallback callback, Object state)
   at System.Runtime.CompilerServices.AsyncTaskMethodBuilder`1.AsyncStateMachineBox`1.MoveNext(Thread threadPoolThread)
   at System.Runtime.CompilerServices.AsyncTaskMethodBuilder`1.AsyncStateMachineBox`1.MoveNext()
   at System.Threading.ThreadPoolWorkQueue.Dispatch()
   at System.Threading.PortableThreadPool.WorkerThread.WorkerThreadStart()
--- End of stack trace from previous location ---

   --- End of inner exception stack trace ---
   at System.Net.Security.SslStream.<WriteSingleChunk>g__CompleteWriteAsync|164_1[TIOAdapter](ValueTask writeTask, ProtocolToken token)
   at System.Net.Security.SslStream.WriteAsyncInternal[TIOAdapter](ReadOnlyMemory`1 buffer, CancellationToken cancellationToken)
   at OpenAPI.Net.OpenClient.WriteTcp(Byte[] messageByte, CancellationToken cancellationToken)
   at OpenAPI.Net.OpenClient.SendMessageInstant(ProtoMessage message)
   --- End of inner exception stack trace ---
   at OpenAPI.Net.OpenClient.SendMessageInstant(ProtoMessage message)
   at OpenAPI.Net.OpenClient.StartSendingMessages(CancellationToken cancellationToken)
2025-08-29 18:44:14.087 +03:30 [ERR] HTTP GET /api/ct/auth/callback responded 500 in 9091.1 ms
System.Net.Http.HttpRequestException: INVALID_REQUEST, Malformed client_id parameter
   at OpenAPI.Net.Auth.TokenFactory.GetToken(String authCode, App app, HttpClient client, String authUri)
   at OpenAPI.Net.Auth.TokenFactory.GetToken(String authCode, App app, String authUri)
   at Api.Controllers.CTraderController.Callback(String code) in D:\Trader\Trader\Api\Controllers\CTraderController.cs:line 46
   at Microsoft.AspNetCore.Mvc.Infrastructure.ActionMethodExecutor.TaskOfIActionResultExecutor.Execute(ActionContext actionContext, IActionResultTypeMapper mapper, ObjectMethodExecutor executor, Object controller, Object[] arguments)
   at Microsoft.AspNetCore.Mvc.Infrastructure.ControllerActionInvoker.<InvokeActionMethodAsync>g__Logged|12_1(ControllerActionInvoker invoker)
   at Microsoft.AspNetCore.Mvc.Infrastructure.ControllerActionInvoker.<InvokeNextActionFilterAsync>g__Awaited|10_0(ControllerActionInvoker invoker, Task lastTask, State next, Scope scope, Object state, Boolean isCompleted)
   at Microsoft.AspNetCore.Mvc.Infrastructure.ControllerActionInvoker.Rethrow(ActionExecutedContextSealed context)
   at Microsoft.AspNetCore.Mvc.Infrastructure.ControllerActionInvoker.Next(State& next, Scope& scope, Object& state, Boolean& isCompleted)
   at Microsoft.AspNetCore.Mvc.Infrastructure.ControllerActionInvoker.<InvokeInnerFilterAsync>g__Awaited|13_0(ControllerActionInvoker invoker, Task lastTask, State next, Scope scope, Object state, Boolean isCompleted)
   at Microsoft.AspNetCore.Mvc.Infrastructure.ResourceInvoker.<InvokeFilterPipelineAsync>g__Awaited|20_0(ResourceInvoker invoker, Task lastTask, State next, Scope scope, Object state, Boolean isCompleted)
   at Microsoft.AspNetCore.Mvc.Infrastructure.ResourceInvoker.<InvokeAsync>g__Logged|17_1(ResourceInvoker invoker)
   at Microsoft.AspNetCore.Mvc.Infrastructure.ResourceInvoker.<InvokeAsync>g__Logged|17_1(ResourceInvoker invoker)
   at NSwag.AspNetCore.Middlewares.OpenApiDocumentMiddleware.Invoke(HttpContext context)
   at Serilog.AspNetCore.RequestLoggingMiddleware.Invoke(HttpContext httpContext)
2025-08-29 18:44:14.152 +03:30 [ERR] An unhandled exception has occurred while executing the request.
System.Net.Http.HttpRequestException: INVALID_REQUEST, Malformed client_id parameter
   at OpenAPI.Net.Auth.TokenFactory.GetToken(String authCode, App app, HttpClient client, String authUri)
   at OpenAPI.Net.Auth.TokenFactory.GetToken(String authCode, App app, String authUri)
   at Api.Controllers.CTraderController.Callback(String code) in D:\Trader\Trader\Api\Controllers\CTraderController.cs:line 46
   at Microsoft.AspNetCore.Mvc.Infrastructure.ActionMethodExecutor.TaskOfIActionResultExecutor.Execute(ActionContext actionContext, IActionResultTypeMapper mapper, ObjectMethodExecutor executor, Object controller, Object[] arguments)
   at Microsoft.AspNetCore.Mvc.Infrastructure.ControllerActionInvoker.<InvokeActionMethodAsync>g__Logged|12_1(ControllerActionInvoker invoker)
   at Microsoft.AspNetCore.Mvc.Infrastructure.ControllerActionInvoker.<InvokeNextActionFilterAsync>g__Awaited|10_0(ControllerActionInvoker invoker, Task lastTask, State next, Scope scope, Object state, Boolean isCompleted)
   at Microsoft.AspNetCore.Mvc.Infrastructure.ControllerActionInvoker.Rethrow(ActionExecutedContextSealed context)
   at Microsoft.AspNetCore.Mvc.Infrastructure.ControllerActionInvoker.Next(State& next, Scope& scope, Object& state, Boolean& isCompleted)
   at Microsoft.AspNetCore.Mvc.Infrastructure.ControllerActionInvoker.<InvokeInnerFilterAsync>g__Awaited|13_0(ControllerActionInvoker invoker, Task lastTask, State next, Scope scope, Object state, Boolean isCompleted)
   at Microsoft.AspNetCore.Mvc.Infrastructure.ResourceInvoker.<InvokeFilterPipelineAsync>g__Awaited|20_0(ResourceInvoker invoker, Task lastTask, State next, Scope scope, Object state, Boolean isCompleted)
   at Microsoft.AspNetCore.Mvc.Infrastructure.ResourceInvoker.<InvokeAsync>g__Logged|17_1(ResourceInvoker invoker)
   at Microsoft.AspNetCore.Mvc.Infrastructure.ResourceInvoker.<InvokeAsync>g__Logged|17_1(ResourceInvoker invoker)
   at NSwag.AspNetCore.Middlewares.OpenApiDocumentMiddleware.Invoke(HttpContext context)
   at Serilog.AspNetCore.RequestLoggingMiddleware.Invoke(HttpContext httpContext)
   at Microsoft.AspNetCore.RateLimiting.RateLimitingMiddleware.InvokeInternal(HttpContext context, EnableRateLimitingAttribute enableRateLimitingAttribute)
   at Microsoft.AspNetCore.Authorization.AuthorizationMiddleware.Invoke(HttpContext context)
   at Microsoft.AspNetCore.Authentication.AuthenticationMiddleware.Invoke(HttpContext context)
   at Microsoft.AspNetCore.Diagnostics.DeveloperExceptionPageMiddlewareImpl.Invoke(HttpContext context)
2025-08-29 18:44:22.798 +03:30 [INF] HTTP GET /api/ct/accounts responded 400 in 18.6 ms
2025-08-29 18:44:30.431 +03:30 [ERR] HTTP GET /api/ct/symbols responded 500 in 48.9 ms
System.ObjectDisposedException: Cannot access a disposed object.
Object name: 'OpenAPI.Net.OpenClient'.
   at OpenAPI.Net.OpenClient.ThrowObjectDisposedExceptionIfDisposed()
   at OpenAPI.Net.OpenClient.Subscribe(IObserver`1 observer)
   at System.ObservableExtensions.SubscribeSafe[T](IObservable`1 source, IObserver`1 observer)
--- End of stack trace from previous location ---
   at System.Reactive.PlatformServices.ExceptionServicesImpl.Rethrow(Exception exception)
   at System.Reactive.ExceptionHelpers.Throw(Exception exception)
   at System.Reactive.Stubs.<>c.<.cctor>b__2_1(Exception ex)
   at System.Reactive.AnonymousSafeObserver`1.OnError(Exception error)
   at System.Reactive.Sink`1.ForwardOnError(Exception error)
   at System.Reactive.Sink`2.OnError(Exception error)
   at System.Reactive.Sink`1.ForwardOnError(Exception error)
   at System.Reactive.Sink`2.OnError(Exception error)
   at System.ObservableExtensions.SubscribeSafe[T](IObservable`1 source, IObserver`1 observer)
   at System.Reactive.Sink`2.Run(IObservable`1 source)
   at System.Reactive.Linq.ObservableImpl.OfType`2.Run(_ sink)
   at System.Reactive.Producer`2.SubscribeRaw(IObserver`1 observer, Boolean enableSafeguard)
   at System.ObservableExtensions.SubscribeSafe[T](IObservable`1 source, IObserver`1 observer)
   at System.Reactive.Sink`2.Run(IObservable`1 source)
   at System.Reactive.Linq.ObservableImpl.Where`1.Predicate.Run(_ sink)
   at System.Reactive.Producer`2.<>c.<SubscribeRaw>b__1_0(ValueTuple`2 tuple)
   at System.Reactive.Concurrency.Scheduler.<>c__75`1.<ScheduleAction>b__75_0(IScheduler _, ValueTuple`2 tuple)
   at System.Reactive.Concurrency.CurrentThreadScheduler.Schedule[TState](TState state, TimeSpan dueTime, Func`3 action)
   at System.Reactive.Concurrency.LocalScheduler.Schedule[TState](TState state, Func`3 action)
   at System.Reactive.Concurrency.Scheduler.ScheduleAction[TState](IScheduler scheduler, TState state, Action`1 action)
   at System.Reactive.Producer`2.SubscribeRaw(IObserver`1 observer, Boolean enableSafeguard)
   at System.Reactive.Producer`2.Subscribe(IObserver`1 observer)
   at System.ObservableExtensions.Subscribe[T](IObservable`1 source, Action`1 onNext)
   at Api.Controllers.CTraderController.Symbols(Int32 take) in D:\Trader\Trader\Api\Controllers\CTraderController.cs:line 81
   at Microsoft.AspNetCore.Mvc.Infrastructure.ActionMethodExecutor.TaskOfIActionResultExecutor.Execute(ActionContext actionContext, IActionResultTypeMapper mapper, ObjectMethodExecutor executor, Object controller, Object[] arguments)
   at Microsoft.AspNetCore.Mvc.Infrastructure.ControllerActionInvoker.<InvokeActionMethodAsync>g__Logged|12_1(ControllerActionInvoker invoker)
   at Microsoft.AspNetCore.Mvc.Infrastructure.ControllerActionInvoker.<InvokeNextActionFilterAsync>g__Awaited|10_0(ControllerActionInvoker invoker, Task lastTask, State next, Scope scope, Object state, Boolean isCompleted)
   at Microsoft.AspNetCore.Mvc.Infrastructure.ControllerActionInvoker.Rethrow(ActionExecutedContextSealed context)
   at Microsoft.AspNetCore.Mvc.Infrastructure.ControllerActionInvoker.Next(State& next, Scope& scope, Object& state, Boolean& isCompleted)
   at Microsoft.AspNetCore.Mvc.Infrastructure.ControllerActionInvoker.InvokeInnerFilterAsync()
--- End of stack trace from previous location ---
   at Microsoft.AspNetCore.Mvc.Infrastructure.ResourceInvoker.<InvokeFilterPipelineAsync>g__Awaited|20_0(ResourceInvoker invoker, Task lastTask, State next, Scope scope, Object state, Boolean isCompleted)
   at Microsoft.AspNetCore.Mvc.Infrastructure.ResourceInvoker.<InvokeAsync>g__Logged|17_1(ResourceInvoker invoker)
   at Microsoft.AspNetCore.Mvc.Infrastructure.ResourceInvoker.<InvokeAsync>g__Logged|17_1(ResourceInvoker invoker)
   at NSwag.AspNetCore.Middlewares.OpenApiDocumentMiddleware.Invoke(HttpContext context)
   at Serilog.AspNetCore.RequestLoggingMiddleware.Invoke(HttpContext httpContext)
2025-08-29 18:44:30.456 +03:30 [ERR] An unhandled exception has occurred while executing the request.
System.ObjectDisposedException: Cannot access a disposed object.
Object name: 'OpenAPI.Net.OpenClient'.
   at OpenAPI.Net.OpenClient.ThrowObjectDisposedExceptionIfDisposed()
   at OpenAPI.Net.OpenClient.Subscribe(IObserver`1 observer)
   at System.ObservableExtensions.SubscribeSafe[T](IObservable`1 source, IObserver`1 observer)
--- End of stack trace from previous location ---
   at System.Reactive.PlatformServices.ExceptionServicesImpl.Rethrow(Exception exception)
   at System.Reactive.ExceptionHelpers.Throw(Exception exception)
   at System.Reactive.Stubs.<>c.<.cctor>b__2_1(Exception ex)
   at System.Reactive.AnonymousSafeObserver`1.OnError(Exception error)
   at System.Reactive.Sink`1.ForwardOnError(Exception error)
   at System.Reactive.Sink`2.OnError(Exception error)
   at System.Reactive.Sink`1.ForwardOnError(Exception error)
   at System.Reactive.Sink`2.OnError(Exception error)
   at System.ObservableExtensions.SubscribeSafe[T](IObservable`1 source, IObserver`1 observer)
   at System.Reactive.Sink`2.Run(IObservable`1 source)
   at System.Reactive.Linq.ObservableImpl.OfType`2.Run(_ sink)
   at System.Reactive.Producer`2.SubscribeRaw(IObserver`1 observer, Boolean enableSafeguard)
   at System.ObservableExtensions.SubscribeSafe[T](IObservable`1 source, IObserver`1 observer)
   at System.Reactive.Sink`2.Run(IObservable`1 source)
   at System.Reactive.Linq.ObservableImpl.Where`1.Predicate.Run(_ sink)
   at System.Reactive.Producer`2.<>c.<SubscribeRaw>b__1_0(ValueTuple`2 tuple)
   at System.Reactive.Concurrency.Scheduler.<>c__75`1.<ScheduleAction>b__75_0(IScheduler _, ValueTuple`2 tuple)
   at System.Reactive.Concurrency.CurrentThreadScheduler.Schedule[TState](TState state, TimeSpan dueTime, Func`3 action)
   at System.Reactive.Concurrency.LocalScheduler.Schedule[TState](TState state, Func`3 action)
   at System.Reactive.Concurrency.Scheduler.ScheduleAction[TState](IScheduler scheduler, TState state, Action`1 action)
   at System.Reactive.Producer`2.SubscribeRaw(IObserver`1 observer, Boolean enableSafeguard)
   at System.Reactive.Producer`2.Subscribe(IObserver`1 observer)
   at System.ObservableExtensions.Subscribe[T](IObservable`1 source, Action`1 onNext)
   at Api.Controllers.CTraderController.Symbols(Int32 take) in D:\Trader\Trader\Api\Controllers\CTraderController.cs:line 81
   at Microsoft.AspNetCore.Mvc.Infrastructure.ActionMethodExecutor.TaskOfIActionResultExecutor.Execute(ActionContext actionContext, IActionResultTypeMapper mapper, ObjectMethodExecutor executor, Object controller, Object[] arguments)
   at Microsoft.AspNetCore.Mvc.Infrastructure.ControllerActionInvoker.<InvokeActionMethodAsync>g__Logged|12_1(ControllerActionInvoker invoker)
   at Microsoft.AspNetCore.Mvc.Infrastructure.ControllerActionInvoker.<InvokeNextActionFilterAsync>g__Awaited|10_0(ControllerActionInvoker invoker, Task lastTask, State next, Scope scope, Object state, Boolean isCompleted)
   at Microsoft.AspNetCore.Mvc.Infrastructure.ControllerActionInvoker.Rethrow(ActionExecutedContextSealed context)
   at Microsoft.AspNetCore.Mvc.Infrastructure.ControllerActionInvoker.Next(State& next, Scope& scope, Object& state, Boolean& isCompleted)
   at Microsoft.AspNetCore.Mvc.Infrastructure.ControllerActionInvoker.InvokeInnerFilterAsync()
--- End of stack trace from previous location ---
   at Microsoft.AspNetCore.Mvc.Infrastructure.ResourceInvoker.<InvokeFilterPipelineAsync>g__Awaited|20_0(ResourceInvoker invoker, Task lastTask, State next, Scope scope, Object state, Boolean isCompleted)
   at Microsoft.AspNetCore.Mvc.Infrastructure.ResourceInvoker.<InvokeAsync>g__Logged|17_1(ResourceInvoker invoker)
   at Microsoft.AspNetCore.Mvc.Infrastructure.ResourceInvoker.<InvokeAsync>g__Logged|17_1(ResourceInvoker invoker)
   at NSwag.AspNetCore.Middlewares.OpenApiDocumentMiddleware.Invoke(HttpContext context)
   at Serilog.AspNetCore.RequestLoggingMiddleware.Invoke(HttpContext httpContext)
   at Microsoft.AspNetCore.RateLimiting.RateLimitingMiddleware.InvokeInternal(HttpContext context, EnableRateLimitingAttribute enableRateLimitingAttribute)
   at Microsoft.AspNetCore.Authorization.AuthorizationMiddleware.Invoke(HttpContext context)
   at Microsoft.AspNetCore.Authentication.AuthenticationMiddleware.Invoke(HttpContext context)
   at Microsoft.AspNetCore.Diagnostics.DeveloperExceptionPageMiddlewareImpl.Invoke(HttpContext context)
2025-08-29 18:44:41.670 +03:30 [INF] HTTP POST /api/test/seed/buy responded 200 in 99.5 ms
2025-08-29 18:44:54.219 +03:30 [WRN] You do not have a valid license key for the Lucky Penny software MediatR. This is allowed for development and testing scenarios. If you are running in production you are required to have a licensed version. Please visit https://luckypennysoftware.com to obtain a valid license.
2025-08-29 18:44:54.407 +03:30 [INF] Handling EvaluateCommand {"Symbol":"","Timeframe":"","Open":1,"High":1,"Low":1,"Close":1,"Atr":1,"Bid":1,"Ask":1,"Equity":1,"OpenTrades":1,"$type":"EvaluateCommand"}
2025-08-29 18:44:54.458 +03:30 [INF] 📊 EVALUATE / -> "Hold" Size=0 SL=null TP=null
2025-08-29 18:44:54.470 +03:30 [INF] Handled EvaluateCommand => {"Action":"Hold","Size":0,"Sl":0,"Tp":0,"Note":"bad market","$type":"DecisionDto"}
2025-08-29 18:44:54.490 +03:30 [INF] HTTP POST /api/traed/evaluate responded 200 in 294.5 ms
2025-08-29 18:45:06.480 +03:30 [INF] Handling EvalExecCommand {"Symbol":"","Timeframe":"","Open":1,"High":1,"Low":1,"Close":1,"Atr":1,"Bid":1,"Ask":1,"Equity":1,"OpenTrades":1,"$type":"EvalExecCommand"}
2025-08-29 18:45:06.504 +03:30 [INF] ⏸️ HOLD: bad market
2025-08-29 18:45:06.508 +03:30 [INF] Handled EvalExecCommand => {"Status":"NoTrade","OrderId":null,"Note":"bad market","$type":"EvalExecResult"}
2025-08-29 18:45:06.525 +03:30 [INF] HTTP POST /api/traed/eval-exec responded 200 in 92.1 ms
2025-08-29 18:45:09.854 +03:30 [INF] Handling EvalExecCommand {"Symbol":"","Timeframe":"","Open":1,"High":1,"Low":1,"Close":1,"Atr":1,"Bid":1,"Ask":1,"Equity":1,"OpenTrades":1,"$type":"EvalExecCommand"}
2025-08-29 18:45:09.871 +03:30 [INF] ⏸️ HOLD: bad market
2025-08-29 18:45:09.874 +03:30 [INF] Handled EvalExecCommand => {"Status":"NoTrade","OrderId":null,"Note":"bad market","$type":"EvalExecResult"}
2025-08-29 18:45:09.885 +03:30 [INF] HTTP POST /api/traed/eval-exec responded 200 in 47.0 ms
2025-08-29 18:45:12.072 +03:30 [INF] Handling EvalExecCommand {"Symbol":"","Timeframe":"","Open":1,"High":1,"Low":1,"Close":1,"Atr":1,"Bid":1,"Ask":1,"Equity":1,"OpenTrades":1,"$type":"EvalExecCommand"}
2025-08-29 18:45:12.099 +03:30 [INF] ⏸️ HOLD: bad market
2025-08-29 18:45:12.101 +03:30 [INF] Handled EvalExecCommand => {"Status":"NoTrade","OrderId":null,"Note":"bad market","$type":"EvalExecResult"}
2025-08-29 18:45:12.106 +03:30 [INF] HTTP POST /api/traed/eval-exec responded 200 in 38.2 ms
2025-08-29 18:45:14.264 +03:30 [INF] Handling EvalExecCommand {"Symbol":"","Timeframe":"","Open":1,"High":1,"Low":1,"Close":1,"Atr":1,"Bid":1,"Ask":1,"Equity":1,"OpenTrades":1,"$type":"EvalExecCommand"}
2025-08-29 18:45:14.290 +03:30 [INF] ⏸️ HOLD: bad market
2025-08-29 18:45:14.292 +03:30 [INF] Handled EvalExecCommand => {"Status":"NoTrade","OrderId":null,"Note":"bad market","$type":"EvalExecResult"}
2025-08-29 18:45:14.301 +03:30 [INF] HTTP POST /api/traed/eval-exec responded 200 in 39.1 ms
2025-08-29 18:45:16.190 +03:30 [INF] Handling EvalExecCommand {"Symbol":"","Timeframe":"","Open":1,"High":1,"Low":1,"Close":1,"Atr":1,"Bid":1,"Ask":1,"Equity":1,"OpenTrades":1,"$type":"EvalExecCommand"}
2025-08-29 18:45:16.203 +03:30 [INF] ⏸️ HOLD: bad market
2025-08-29 18:45:16.220 +03:30 [INF] Handled EvalExecCommand => {"Status":"NoTrade","OrderId":null,"Note":"bad market","$type":"EvalExecResult"}
2025-08-29 18:45:16.224 +03:30 [INF] HTTP POST /api/traed/eval-exec responded 200 in 35.9 ms
2025-08-29 18:45:16.548 +03:30 [INF] Handling EvalExecCommand {"Symbol":"","Timeframe":"","Open":1,"High":1,"Low":1,"Close":1,"Atr":1,"Bid":1,"Ask":1,"Equity":1,"OpenTrades":1,"$type":"EvalExecCommand"}
2025-08-29 18:45:16.600 +03:30 [INF] ⏸️ HOLD: bad market
2025-08-29 18:45:16.603 +03:30 [INF] Handled EvalExecCommand => {"Status":"NoTrade","OrderId":null,"Note":"bad market","$type":"EvalExecResult"}
2025-08-29 18:45:16.623 +03:30 [INF] HTTP POST /api/traed/eval-exec responded 200 in 76.3 ms
2025-08-29 18:45:16.800 +03:30 [INF] Handling EvalExecCommand {"Symbol":"","Timeframe":"","Open":1,"High":1,"Low":1,"Close":1,"Atr":1,"Bid":1,"Ask":1,"Equity":1,"OpenTrades":1,"$type":"EvalExecCommand"}
2025-08-29 18:45:16.808 +03:30 [INF] ⏸️ HOLD: bad market
2025-08-29 18:45:16.812 +03:30 [INF] Handled EvalExecCommand => {"Status":"NoTrade","OrderId":null,"Note":"bad market","$type":"EvalExecResult"}
2025-08-29 18:45:16.815 +03:30 [INF] HTTP POST /api/traed/eval-exec responded 200 in 16.5 ms
2025-08-29 18:45:17.001 +03:30 [INF] Handling EvalExecCommand {"Symbol":"","Timeframe":"","Open":1,"High":1,"Low":1,"Close":1,"Atr":1,"Bid":1,"Ask":1,"Equity":1,"OpenTrades":1,"$type":"EvalExecCommand"}
2025-08-29 18:45:17.029 +03:30 [INF] ⏸️ HOLD: bad market
2025-08-29 18:45:17.032 +03:30 [INF] Handled EvalExecCommand => {"Status":"NoTrade","OrderId":null,"Note":"bad market","$type":"EvalExecResult"}
2025-08-29 18:45:17.051 +03:30 [INF] HTTP POST /api/traed/eval-exec responded 200 in 51.2 ms
2025-08-29 18:45:17.174 +03:30 [INF] Handling EvalExecCommand {"Symbol":"","Timeframe":"","Open":1,"High":1,"Low":1,"Close":1,"Atr":1,"Bid":1,"Ask":1,"Equity":1,"OpenTrades":1,"$type":"EvalExecCommand"}
2025-08-29 18:45:17.222 +03:30 [INF] ⏸️ HOLD: bad market
2025-08-29 18:45:17.224 +03:30 [INF] Handled EvalExecCommand => {"Status":"NoTrade","OrderId":null,"Note":"bad market","$type":"EvalExecResult"}
2025-08-29 18:45:17.240 +03:30 [INF] HTTP POST /api/traed/eval-exec responded 200 in 66.9 ms
2025-08-29 19:20:34.199 +03:30 [WRN] The WebRootPath was not found: D:\Trader\Trader\Api\wwwroot. Static files may be unavailable.
2025-08-29 19:20:40.148 +03:30 [INF] HTTP GET /Scalar/docs responded 200 in 623.0 ms
2025-08-29 19:20:40.384 +03:30 [INF] HTTP GET /Scalar/scalar.js responded 304 in 16.7 ms
2025-08-29 19:20:40.384 +03:30 [INF] HTTP GET /Scalar/scalar.aspnetcore.js responded 304 in 17.0 ms
2025-08-29 19:20:41.148 +03:30 [INF] HTTP GET /favicon.ico responded 404 in 0.2 ms
2025-08-29 19:20:46.432 +03:30 [INF] HTTP GET /Scalar/docs responded 200 in 77.1 ms
2025-08-29 19:20:49.228 +03:30 [INF] HTTP GET /Scalar/scalar.js responded 304 in 0.2 ms
2025-08-29 19:20:49.251 +03:30 [INF] HTTP GET /Scalar/scalar.aspnetcore.js responded 304 in 0.2 ms
2025-08-29 19:20:50.782 +03:30 [INF] HTTP GET /openapi/docs.json responded 200 in 1844.2 ms
2025-08-29 19:20:50.782 +03:30 [INF] HTTP GET /openapi/docs.json responded 200 in 1826.9 ms
2025-08-29 19:20:56.454 +03:30 [INF] HTTP GET /openapi/docs.json responded 200 in 2.0 ms
2025-08-29 19:20:56.480 +03:30 [INF] HTTP GET /openapi/docs.json responded 200 in 5.0 ms
2025-08-29 19:21:07.367 +03:30 [ERR] HTTP GET /api/ct/auth/url responded 500 in 72.7 ms
System.InvalidOperationException: Failed to convert configuration value at 'CTrader:AccountId' to type 'System.Int64'.
 ---> System.ArgumentException: ali.ramezani8081 is not a valid value for Int64. (Parameter 'value')
 ---> System.FormatException: The input string 'ali.ramezani8081' was not in a correct format.
   at System.Number.ThrowFormatException[TChar](ReadOnlySpan`1 value)
   at System.Int64.Parse(String s, NumberStyles style, IFormatProvider provider)
   at System.ComponentModel.Int64Converter.FromString(String value, NumberFormatInfo formatInfo)
   at System.ComponentModel.BaseNumberConverter.ConvertFrom(ITypeDescriptorContext context, CultureInfo culture, Object value)
   --- End of inner exception stack trace ---
   at System.ComponentModel.BaseNumberConverter.ConvertFrom(ITypeDescriptorContext context, CultureInfo culture, Object value)
   at Microsoft.Extensions.Configuration.ConfigurationBinder.TryConvertValue(Type type, String value, String path, Object& result, Exception& error)
   --- End of inner exception stack trace ---
   at Microsoft.Extensions.Configuration.ConfigurationBinder.BindInstance(Type type, BindingPoint bindingPoint, IConfiguration config, BinderOptions options, Boolean isParentCollection)
   at Microsoft.Extensions.Configuration.ConfigurationBinder.BindProperty(PropertyInfo property, Object instance, IConfiguration config, BinderOptions options)
   at Microsoft.Extensions.Configuration.ConfigurationBinder.BindProperties(Object instance, IConfiguration configuration, BinderOptions options, ParameterInfo[] constructorParameters)
   at Microsoft.Extensions.Configuration.ConfigurationBinder.BindInstance(Type type, BindingPoint bindingPoint, IConfiguration config, BinderOptions options, Boolean isParentCollection)
   at Microsoft.Extensions.Configuration.ConfigurationBinder.Bind(IConfiguration configuration, Object instance, Action`1 configureOptions)
   at Microsoft.Extensions.Options.ConfigureNamedOptions`1.Configure(String name, TOptions options)
   at Microsoft.Extensions.Options.OptionsFactory`1.Create(String name)
   at Microsoft.Extensions.Options.UnnamedOptionsManager`1.get_Value()
   at Infrastructure.Maine.CTraderOpenApiSession..ctor(IOptions`1 opt, ILogger`1 log) in D:\Trader\Trader\Infrastructure\Maine\CTraderOpenApiSession.cs:line 25
   at System.RuntimeMethodHandle.InvokeMethod(Object target, Void** arguments, Signature sig, Boolean isConstructor)
   at System.Reflection.MethodBaseInvoker.InvokeDirectByRefWithFewArgs(Object obj, Span`1 copyOfArgs, BindingFlags invokeAttr)
   at System.Reflection.MethodBaseInvoker.InvokeWithFewArgs(Object obj, BindingFlags invokeAttr, Binder binder, Object[] parameters, CultureInfo culture)
   at System.Reflection.RuntimeConstructorInfo.Invoke(BindingFlags invokeAttr, Binder binder, Object[] parameters, CultureInfo culture)
   at Microsoft.Extensions.DependencyInjection.ServiceLookup.CallSiteRuntimeResolver.VisitConstructor(ConstructorCallSite constructorCallSite, RuntimeResolverContext context)
   at Microsoft.Extensions.DependencyInjection.ServiceLookup.CallSiteVisitor`2.VisitCallSiteMain(ServiceCallSite callSite, TArgument argument)
   at Microsoft.Extensions.DependencyInjection.ServiceLookup.CallSiteRuntimeResolver.VisitRootCache(ServiceCallSite callSite, RuntimeResolverContext context)
   at Microsoft.Extensions.DependencyInjection.ServiceLookup.CallSiteVisitor`2.VisitCallSite(ServiceCallSite callSite, TArgument argument)
   at Microsoft.Extensions.DependencyInjection.ServiceLookup.CallSiteRuntimeResolver.Resolve(ServiceCallSite callSite, ServiceProviderEngineScope scope)
   at Microsoft.Extensions.DependencyInjection.ServiceProvider.CreateServiceAccessor(ServiceIdentifier serviceIdentifier)
   at System.Collections.Concurrent.ConcurrentDictionary`2.GetOrAdd(TKey key, Func`2 valueFactory)
   at Microsoft.Extensions.DependencyInjection.ServiceProvider.GetService(ServiceIdentifier serviceIdentifier, ServiceProviderEngineScope serviceProviderEngineScope)
   at Microsoft.Extensions.DependencyInjection.ServiceLookup.ServiceProviderEngineScope.GetService(Type serviceType)
   at lambda_method486(Closure, IServiceProvider, Object[])
   at Microsoft.AspNetCore.Mvc.Controllers.ControllerFactoryProvider.<>c__DisplayClass6_0.<CreateControllerFactory>g__CreateController|0(ControllerContext controllerContext)
   at Microsoft.AspNetCore.Mvc.Infrastructure.ControllerActionInvoker.Next(State& next, Scope& scope, Object& state, Boolean& isCompleted)
   at Microsoft.AspNetCore.Mvc.Infrastructure.ControllerActionInvoker.InvokeInnerFilterAsync()
--- End of stack trace from previous location ---
   at Microsoft.AspNetCore.Mvc.Infrastructure.ResourceInvoker.<InvokeFilterPipelineAsync>g__Awaited|20_0(ResourceInvoker invoker, Task lastTask, State next, Scope scope, Object state, Boolean isCompleted)
   at Microsoft.AspNetCore.Mvc.Infrastructure.ResourceInvoker.<InvokeAsync>g__Logged|17_1(ResourceInvoker invoker)
   at Microsoft.AspNetCore.Mvc.Infrastructure.ResourceInvoker.<InvokeAsync>g__Logged|17_1(ResourceInvoker invoker)
   at NSwag.AspNetCore.Middlewares.OpenApiDocumentMiddleware.Invoke(HttpContext context)
   at Serilog.AspNetCore.RequestLoggingMiddleware.Invoke(HttpContext httpContext)
2025-08-29 19:21:07.519 +03:30 [ERR] An unhandled exception has occurred while executing the request.
System.InvalidOperationException: Failed to convert configuration value at 'CTrader:AccountId' to type 'System.Int64'.
 ---> System.ArgumentException: ali.ramezani8081 is not a valid value for Int64. (Parameter 'value')
 ---> System.FormatException: The input string 'ali.ramezani8081' was not in a correct format.
   at System.Number.ThrowFormatException[TChar](ReadOnlySpan`1 value)
   at System.Int64.Parse(String s, NumberStyles style, IFormatProvider provider)
   at System.ComponentModel.Int64Converter.FromString(String value, NumberFormatInfo formatInfo)
   at System.ComponentModel.BaseNumberConverter.ConvertFrom(ITypeDescriptorContext context, CultureInfo culture, Object value)
   --- End of inner exception stack trace ---
   at System.ComponentModel.BaseNumberConverter.ConvertFrom(ITypeDescriptorContext context, CultureInfo culture, Object value)
   at Microsoft.Extensions.Configuration.ConfigurationBinder.TryConvertValue(Type type, String value, String path, Object& result, Exception& error)
   --- End of inner exception stack trace ---
   at Microsoft.Extensions.Configuration.ConfigurationBinder.BindInstance(Type type, BindingPoint bindingPoint, IConfiguration config, BinderOptions options, Boolean isParentCollection)
   at Microsoft.Extensions.Configuration.ConfigurationBinder.BindProperty(PropertyInfo property, Object instance, IConfiguration config, BinderOptions options)
   at Microsoft.Extensions.Configuration.ConfigurationBinder.BindProperties(Object instance, IConfiguration configuration, BinderOptions options, ParameterInfo[] constructorParameters)
   at Microsoft.Extensions.Configuration.ConfigurationBinder.BindInstance(Type type, BindingPoint bindingPoint, IConfiguration config, BinderOptions options, Boolean isParentCollection)
   at Microsoft.Extensions.Configuration.ConfigurationBinder.Bind(IConfiguration configuration, Object instance, Action`1 configureOptions)
   at Microsoft.Extensions.Options.ConfigureNamedOptions`1.Configure(String name, TOptions options)
   at Microsoft.Extensions.Options.OptionsFactory`1.Create(String name)
   at Microsoft.Extensions.Options.UnnamedOptionsManager`1.get_Value()
   at Infrastructure.Maine.CTraderOpenApiSession..ctor(IOptions`1 opt, ILogger`1 log) in D:\Trader\Trader\Infrastructure\Maine\CTraderOpenApiSession.cs:line 25
   at System.RuntimeMethodHandle.InvokeMethod(Object target, Void** arguments, Signature sig, Boolean isConstructor)
   at System.Reflection.MethodBaseInvoker.InvokeDirectByRefWithFewArgs(Object obj, Span`1 copyOfArgs, BindingFlags invokeAttr)
   at System.Reflection.MethodBaseInvoker.InvokeWithFewArgs(Object obj, BindingFlags invokeAttr, Binder binder, Object[] parameters, CultureInfo culture)
   at System.Reflection.RuntimeConstructorInfo.Invoke(BindingFlags invokeAttr, Binder binder, Object[] parameters, CultureInfo culture)
   at Microsoft.Extensions.DependencyInjection.ServiceLookup.CallSiteRuntimeResolver.VisitConstructor(ConstructorCallSite constructorCallSite, RuntimeResolverContext context)
   at Microsoft.Extensions.DependencyInjection.ServiceLookup.CallSiteVisitor`2.VisitCallSiteMain(ServiceCallSite callSite, TArgument argument)
   at Microsoft.Extensions.DependencyInjection.ServiceLookup.CallSiteRuntimeResolver.VisitRootCache(ServiceCallSite callSite, RuntimeResolverContext context)
   at Microsoft.Extensions.DependencyInjection.ServiceLookup.CallSiteVisitor`2.VisitCallSite(ServiceCallSite callSite, TArgument argument)
   at Microsoft.Extensions.DependencyInjection.ServiceLookup.CallSiteRuntimeResolver.Resolve(ServiceCallSite callSite, ServiceProviderEngineScope scope)
   at Microsoft.Extensions.DependencyInjection.ServiceProvider.CreateServiceAccessor(ServiceIdentifier serviceIdentifier)
   at System.Collections.Concurrent.ConcurrentDictionary`2.GetOrAdd(TKey key, Func`2 valueFactory)
   at Microsoft.Extensions.DependencyInjection.ServiceProvider.GetService(ServiceIdentifier serviceIdentifier, ServiceProviderEngineScope serviceProviderEngineScope)
   at Microsoft.Extensions.DependencyInjection.ServiceLookup.ServiceProviderEngineScope.GetService(Type serviceType)
   at lambda_method486(Closure, IServiceProvider, Object[])
   at Microsoft.AspNetCore.Mvc.Controllers.ControllerFactoryProvider.<>c__DisplayClass6_0.<CreateControllerFactory>g__CreateController|0(ControllerContext controllerContext)
   at Microsoft.AspNetCore.Mvc.Infrastructure.ControllerActionInvoker.Next(State& next, Scope& scope, Object& state, Boolean& isCompleted)
   at Microsoft.AspNetCore.Mvc.Infrastructure.ControllerActionInvoker.InvokeInnerFilterAsync()
--- End of stack trace from previous location ---
   at Microsoft.AspNetCore.Mvc.Infrastructure.ResourceInvoker.<InvokeFilterPipelineAsync>g__Awaited|20_0(ResourceInvoker invoker, Task lastTask, State next, Scope scope, Object state, Boolean isCompleted)
   at Microsoft.AspNetCore.Mvc.Infrastructure.ResourceInvoker.<InvokeAsync>g__Logged|17_1(ResourceInvoker invoker)
   at Microsoft.AspNetCore.Mvc.Infrastructure.ResourceInvoker.<InvokeAsync>g__Logged|17_1(ResourceInvoker invoker)
   at NSwag.AspNetCore.Middlewares.OpenApiDocumentMiddleware.Invoke(HttpContext context)
   at Serilog.AspNetCore.RequestLoggingMiddleware.Invoke(HttpContext httpContext)
   at Microsoft.AspNetCore.RateLimiting.RateLimitingMiddleware.InvokeInternal(HttpContext context, EnableRateLimitingAttribute enableRateLimitingAttribute)
   at Microsoft.AspNetCore.Authorization.AuthorizationMiddleware.Invoke(HttpContext context)
   at Microsoft.AspNetCore.Authentication.AuthenticationMiddleware.Invoke(HttpContext context)
   at Microsoft.AspNetCore.Diagnostics.DeveloperExceptionPageMiddlewareImpl.Invoke(HttpContext context)
2025-08-29 19:21:22.509 +03:30 [ERR] HTTP GET /api/ct/auth/url responded 500 in 5.6 ms
System.InvalidOperationException: Failed to convert configuration value at 'CTrader:AccountId' to type 'System.Int64'.
 ---> System.ArgumentException: ali.ramezani8081 is not a valid value for Int64. (Parameter 'value')
 ---> System.FormatException: The input string 'ali.ramezani8081' was not in a correct format.
   at System.Number.ThrowFormatException[TChar](ReadOnlySpan`1 value)
   at System.Int64.Parse(String s, NumberStyles style, IFormatProvider provider)
   at System.ComponentModel.Int64Converter.FromString(String value, NumberFormatInfo formatInfo)
   at System.ComponentModel.BaseNumberConverter.ConvertFrom(ITypeDescriptorContext context, CultureInfo culture, Object value)
   --- End of inner exception stack trace ---
   at System.ComponentModel.BaseNumberConverter.ConvertFrom(ITypeDescriptorContext context, CultureInfo culture, Object value)
   at Microsoft.Extensions.Configuration.ConfigurationBinder.TryConvertValue(Type type, String value, String path, Object& result, Exception& error)
   --- End of inner exception stack trace ---
   at Microsoft.Extensions.Configuration.ConfigurationBinder.BindInstance(Type type, BindingPoint bindingPoint, IConfiguration config, BinderOptions options, Boolean isParentCollection)
   at Microsoft.Extensions.Configuration.ConfigurationBinder.BindProperty(PropertyInfo property, Object instance, IConfiguration config, BinderOptions options)
   at Microsoft.Extensions.Configuration.ConfigurationBinder.BindProperties(Object instance, IConfiguration configuration, BinderOptions options, ParameterInfo[] constructorParameters)
   at Microsoft.Extensions.Configuration.ConfigurationBinder.BindInstance(Type type, BindingPoint bindingPoint, IConfiguration config, BinderOptions options, Boolean isParentCollection)
   at Microsoft.Extensions.Configuration.ConfigurationBinder.Bind(IConfiguration configuration, Object instance, Action`1 configureOptions)
   at Microsoft.Extensions.Options.ConfigureNamedOptions`1.Configure(String name, TOptions options)
   at Microsoft.Extensions.Options.OptionsFactory`1.Create(String name)
   at Microsoft.Extensions.Options.UnnamedOptionsManager`1.get_Value()
   at Infrastructure.Maine.CTraderOpenApiSession..ctor(IOptions`1 opt, ILogger`1 log) in D:\Trader\Trader\Infrastructure\Maine\CTraderOpenApiSession.cs:line 25
   at InvokeStub_CTraderOpenApiSession..ctor(Object, Span`1)
   at System.Reflection.MethodBaseInvoker.InvokeWithFewArgs(Object obj, BindingFlags invokeAttr, Binder binder, Object[] parameters, CultureInfo culture)
   at System.Reflection.RuntimeConstructorInfo.Invoke(BindingFlags invokeAttr, Binder binder, Object[] parameters, CultureInfo culture)
   at Microsoft.Extensions.DependencyInjection.ServiceLookup.CallSiteVisitor`2.VisitCallSiteMain(ServiceCallSite callSite, TArgument argument)
   at Microsoft.Extensions.DependencyInjection.ServiceLookup.CallSiteRuntimeResolver.VisitRootCache(ServiceCallSite callSite, RuntimeResolverContext context)
   at Microsoft.Extensions.DependencyInjection.ServiceLookup.CallSiteVisitor`2.VisitCallSite(ServiceCallSite callSite, TArgument argument)
   at Microsoft.Extensions.DependencyInjection.ServiceLookup.CallSiteRuntimeResolver.Resolve(ServiceCallSite callSite, ServiceProviderEngineScope scope)
   at Microsoft.Extensions.DependencyInjection.ServiceProvider.CreateServiceAccessor(ServiceIdentifier serviceIdentifier)
   at Microsoft.Extensions.DependencyInjection.ServiceProvider.GetService(ServiceIdentifier serviceIdentifier, ServiceProviderEngineScope serviceProviderEngineScope)
   at Microsoft.Extensions.DependencyInjection.ServiceLookup.ServiceProviderEngineScope.GetService(Type serviceType)
   at lambda_method486(Closure, IServiceProvider, Object[])
   at Microsoft.AspNetCore.Mvc.Controllers.ControllerFactoryProvider.<>c__DisplayClass6_0.<CreateControllerFactory>g__CreateController|0(ControllerContext controllerContext)
   at Microsoft.AspNetCore.Mvc.Infrastructure.ControllerActionInvoker.Next(State& next, Scope& scope, Object& state, Boolean& isCompleted)
   at Microsoft.AspNetCore.Mvc.Infrastructure.ControllerActionInvoker.InvokeInnerFilterAsync()
--- End of stack trace from previous location ---
   at Microsoft.AspNetCore.Mvc.Infrastructure.ResourceInvoker.<InvokeFilterPipelineAsync>g__Awaited|20_0(ResourceInvoker invoker, Task lastTask, State next, Scope scope, Object state, Boolean isCompleted)
   at Microsoft.AspNetCore.Mvc.Infrastructure.ResourceInvoker.<InvokeAsync>g__Logged|17_1(ResourceInvoker invoker)
   at Microsoft.AspNetCore.Mvc.Infrastructure.ResourceInvoker.<InvokeAsync>g__Logged|17_1(ResourceInvoker invoker)
   at NSwag.AspNetCore.Middlewares.OpenApiDocumentMiddleware.Invoke(HttpContext context)
   at Serilog.AspNetCore.RequestLoggingMiddleware.Invoke(HttpContext httpContext)
2025-08-29 19:21:22.533 +03:30 [ERR] An unhandled exception has occurred while executing the request.
System.InvalidOperationException: Failed to convert configuration value at 'CTrader:AccountId' to type 'System.Int64'.
 ---> System.ArgumentException: ali.ramezani8081 is not a valid value for Int64. (Parameter 'value')
 ---> System.FormatException: The input string 'ali.ramezani8081' was not in a correct format.
   at System.Number.ThrowFormatException[TChar](ReadOnlySpan`1 value)
   at System.Int64.Parse(String s, NumberStyles style, IFormatProvider provider)
   at System.ComponentModel.Int64Converter.FromString(String value, NumberFormatInfo formatInfo)
   at System.ComponentModel.BaseNumberConverter.ConvertFrom(ITypeDescriptorContext context, CultureInfo culture, Object value)
   --- End of inner exception stack trace ---
   at System.ComponentModel.BaseNumberConverter.ConvertFrom(ITypeDescriptorContext context, CultureInfo culture, Object value)
   at Microsoft.Extensions.Configuration.ConfigurationBinder.TryConvertValue(Type type, String value, String path, Object& result, Exception& error)
   --- End of inner exception stack trace ---
   at Microsoft.Extensions.Configuration.ConfigurationBinder.BindInstance(Type type, BindingPoint bindingPoint, IConfiguration config, BinderOptions options, Boolean isParentCollection)
   at Microsoft.Extensions.Configuration.ConfigurationBinder.BindProperty(PropertyInfo property, Object instance, IConfiguration config, BinderOptions options)
   at Microsoft.Extensions.Configuration.ConfigurationBinder.BindProperties(Object instance, IConfiguration configuration, BinderOptions options, ParameterInfo[] constructorParameters)
   at Microsoft.Extensions.Configuration.ConfigurationBinder.BindInstance(Type type, BindingPoint bindingPoint, IConfiguration config, BinderOptions options, Boolean isParentCollection)
   at Microsoft.Extensions.Configuration.ConfigurationBinder.Bind(IConfiguration configuration, Object instance, Action`1 configureOptions)
   at Microsoft.Extensions.Options.ConfigureNamedOptions`1.Configure(String name, TOptions options)
   at Microsoft.Extensions.Options.OptionsFactory`1.Create(String name)
   at Microsoft.Extensions.Options.UnnamedOptionsManager`1.get_Value()
   at Infrastructure.Maine.CTraderOpenApiSession..ctor(IOptions`1 opt, ILogger`1 log) in D:\Trader\Trader\Infrastructure\Maine\CTraderOpenApiSession.cs:line 25
   at InvokeStub_CTraderOpenApiSession..ctor(Object, Span`1)
   at System.Reflection.MethodBaseInvoker.InvokeWithFewArgs(Object obj, BindingFlags invokeAttr, Binder binder, Object[] parameters, CultureInfo culture)
   at System.Reflection.RuntimeConstructorInfo.Invoke(BindingFlags invokeAttr, Binder binder, Object[] parameters, CultureInfo culture)
   at Microsoft.Extensions.DependencyInjection.ServiceLookup.CallSiteVisitor`2.VisitCallSiteMain(ServiceCallSite callSite, TArgument argument)
   at Microsoft.Extensions.DependencyInjection.ServiceLookup.CallSiteRuntimeResolver.VisitRootCache(ServiceCallSite callSite, RuntimeResolverContext context)
   at Microsoft.Extensions.DependencyInjection.ServiceLookup.CallSiteVisitor`2.VisitCallSite(ServiceCallSite callSite, TArgument argument)
   at Microsoft.Extensions.DependencyInjection.ServiceLookup.CallSiteRuntimeResolver.Resolve(ServiceCallSite callSite, ServiceProviderEngineScope scope)
   at Microsoft.Extensions.DependencyInjection.ServiceProvider.CreateServiceAccessor(ServiceIdentifier serviceIdentifier)
   at Microsoft.Extensions.DependencyInjection.ServiceProvider.GetService(ServiceIdentifier serviceIdentifier, ServiceProviderEngineScope serviceProviderEngineScope)
   at Microsoft.Extensions.DependencyInjection.ServiceLookup.ServiceProviderEngineScope.GetService(Type serviceType)
   at lambda_method486(Closure, IServiceProvider, Object[])
   at Microsoft.AspNetCore.Mvc.Controllers.ControllerFactoryProvider.<>c__DisplayClass6_0.<CreateControllerFactory>g__CreateController|0(ControllerContext controllerContext)
   at Microsoft.AspNetCore.Mvc.Infrastructure.ControllerActionInvoker.Next(State& next, Scope& scope, Object& state, Boolean& isCompleted)
   at Microsoft.AspNetCore.Mvc.Infrastructure.ControllerActionInvoker.InvokeInnerFilterAsync()
--- End of stack trace from previous location ---
   at Microsoft.AspNetCore.Mvc.Infrastructure.ResourceInvoker.<InvokeFilterPipelineAsync>g__Awaited|20_0(ResourceInvoker invoker, Task lastTask, State next, Scope scope, Object state, Boolean isCompleted)
   at Microsoft.AspNetCore.Mvc.Infrastructure.ResourceInvoker.<InvokeAsync>g__Logged|17_1(ResourceInvoker invoker)
   at Microsoft.AspNetCore.Mvc.Infrastructure.ResourceInvoker.<InvokeAsync>g__Logged|17_1(ResourceInvoker invoker)
   at NSwag.AspNetCore.Middlewares.OpenApiDocumentMiddleware.Invoke(HttpContext context)
   at Serilog.AspNetCore.RequestLoggingMiddleware.Invoke(HttpContext httpContext)
   at Microsoft.AspNetCore.RateLimiting.RateLimitingMiddleware.InvokeInternal(HttpContext context, EnableRateLimitingAttribute enableRateLimitingAttribute)
   at Microsoft.AspNetCore.Authorization.AuthorizationMiddleware.Invoke(HttpContext context)
   at Microsoft.AspNetCore.Authentication.AuthenticationMiddleware.Invoke(HttpContext context)
   at Microsoft.AspNetCore.Diagnostics.DeveloperExceptionPageMiddlewareImpl.Invoke(HttpContext context)
2025-08-29 19:27:36.580 +03:30 [WRN] The WebRootPath was not found: D:\Trader\Trader\Api\wwwroot. Static files may be unavailable.
2025-08-29 19:27:52.043 +03:30 [INF] 🔐 cTrader OAuth URL generated (mode=Demo)
2025-08-29 19:27:52.135 +03:30 [INF] HTTP GET /api/ct/auth/url responded 200 in 1308.9 ms
2025-08-29 19:28:22.921 +03:30 [ERR] OpenAPI stream error
OpenAPI.Net.Exceptions.SendException: An exception occurred while writing on stream
 ---> System.IO.IOException: Unable to write data to the transport connection: An established connection was aborted by the software in your host machine..
 ---> System.Net.Sockets.SocketException (10053): An established connection was aborted by the software in your host machine.
   at System.Net.Sockets.Socket.AwaitableSocketAsyncEventArgs.CreateException(SocketError error, Boolean forAsyncThrow)
   at System.Net.Sockets.Socket.AwaitableSocketAsyncEventArgs.SendAsyncForNetworkStream(Socket socket, CancellationToken cancellationToken)
   at System.Net.Sockets.Socket.SendAsyncForNetworkStream(ReadOnlyMemory`1 buffer, SocketFlags socketFlags, CancellationToken cancellationToken)
   at System.Net.Sockets.NetworkStream.WriteAsync(ReadOnlyMemory`1 buffer, CancellationToken cancellationToken)
   at System.Net.Security.SslStream.WriteSingleChunk[TIOAdapter](ReadOnlyMemory`1 buffer, CancellationToken cancellationToken)
   at System.Net.Security.SslStream.WriteAsyncInternal[TIOAdapter](ReadOnlyMemory`1 buffer, CancellationToken cancellationToken)
   at System.Runtime.CompilerServices.AsyncMethodBuilderCore.Start[TStateMachine](TStateMachine& stateMachine)
   at System.Net.Security.SslStream.WriteAsyncInternal[TIOAdapter](ReadOnlyMemory`1 buffer, CancellationToken cancellationToken)
   at System.Net.Security.SslStream.WriteAsync(Byte[] buffer, Int32 offset, Int32 count, CancellationToken cancellationToken)
   at OpenAPI.Net.OpenClient.WriteTcp(Byte[] messageByte, CancellationToken cancellationToken)
   at System.Runtime.CompilerServices.AsyncMethodBuilderCore.Start[TStateMachine](TStateMachine& stateMachine)
   at OpenAPI.Net.OpenClient.WriteTcp(Byte[] messageByte, CancellationToken cancellationToken)
   at OpenAPI.Net.OpenClient.SendMessageInstant(ProtoMessage message)
   at System.Runtime.CompilerServices.AsyncMethodBuilderCore.Start[TStateMachine](TStateMachine& stateMachine)
   at OpenAPI.Net.OpenClient.SendMessageInstant(ProtoMessage message)
   at OpenAPI.Net.OpenClient.StartSendingMessages(CancellationToken cancellationToken)
   at System.Runtime.CompilerServices.AsyncTaskMethodBuilder`1.AsyncStateMachineBox`1.ExecutionContextCallback(Object s)
   at System.Threading.ExecutionContext.RunInternal(ExecutionContext executionContext, ContextCallback callback, Object state)
   at System.Runtime.CompilerServices.AsyncTaskMethodBuilder`1.AsyncStateMachineBox`1.MoveNext(Thread threadPoolThread)
   at System.Runtime.CompilerServices.AsyncTaskMethodBuilder`1.AsyncStateMachineBox`1.MoveNext()
   at System.Threading.ThreadPoolWorkQueue.Dispatch()
   at System.Threading.PortableThreadPool.WorkerThread.WorkerThreadStart()
--- End of stack trace from previous location ---

   --- End of inner exception stack trace ---
   at System.Net.Security.SslStream.<WriteSingleChunk>g__CompleteWriteAsync|164_1[TIOAdapter](ValueTask writeTask, ProtocolToken token)
   at System.Net.Security.SslStream.WriteAsyncInternal[TIOAdapter](ReadOnlyMemory`1 buffer, CancellationToken cancellationToken)
   at OpenAPI.Net.OpenClient.WriteTcp(Byte[] messageByte, CancellationToken cancellationToken)
   at OpenAPI.Net.OpenClient.SendMessageInstant(ProtoMessage message)
   --- End of inner exception stack trace ---
   at OpenAPI.Net.OpenClient.SendMessageInstant(ProtoMessage message)
   at OpenAPI.Net.OpenClient.StartSendingMessages(CancellationToken cancellationToken)
2025-08-29 19:33:06.387 +03:30 [ERR] HTTP GET /api/ct/auth/callback responded 500 in 24374.1 ms
System.Net.Http.HttpRequestException: INVALID_REQUEST, Malformed client_id parameter
   at OpenAPI.Net.Auth.TokenFactory.GetToken(String authCode, App app, HttpClient client, String authUri)
   at OpenAPI.Net.Auth.TokenFactory.GetToken(String authCode, App app, String authUri)
   at Api.Controllers.CTraderController.Callback(String code) in D:\Trader\Trader\Api\Controllers\CTraderController.cs:line 46
   at Microsoft.AspNetCore.Mvc.Infrastructure.ActionMethodExecutor.TaskOfIActionResultExecutor.Execute(ActionContext actionContext, IActionResultTypeMapper mapper, ObjectMethodExecutor executor, Object controller, Object[] arguments)
   at Microsoft.AspNetCore.Mvc.Infrastructure.ControllerActionInvoker.<InvokeActionMethodAsync>g__Logged|12_1(ControllerActionInvoker invoker)
   at Microsoft.AspNetCore.Mvc.Infrastructure.ControllerActionInvoker.<InvokeNextActionFilterAsync>g__Awaited|10_0(ControllerActionInvoker invoker, Task lastTask, State next, Scope scope, Object state, Boolean isCompleted)
   at Microsoft.AspNetCore.Mvc.Infrastructure.ControllerActionInvoker.Rethrow(ActionExecutedContextSealed context)
   at Microsoft.AspNetCore.Mvc.Infrastructure.ControllerActionInvoker.Next(State& next, Scope& scope, Object& state, Boolean& isCompleted)
   at Microsoft.AspNetCore.Mvc.Infrastructure.ControllerActionInvoker.<InvokeInnerFilterAsync>g__Awaited|13_0(ControllerActionInvoker invoker, Task lastTask, State next, Scope scope, Object state, Boolean isCompleted)
   at Microsoft.AspNetCore.Mvc.Infrastructure.ResourceInvoker.<InvokeFilterPipelineAsync>g__Awaited|20_0(ResourceInvoker invoker, Task lastTask, State next, Scope scope, Object state, Boolean isCompleted)
   at Microsoft.AspNetCore.Mvc.Infrastructure.ResourceInvoker.<InvokeAsync>g__Logged|17_1(ResourceInvoker invoker)
   at Microsoft.AspNetCore.Mvc.Infrastructure.ResourceInvoker.<InvokeAsync>g__Logged|17_1(ResourceInvoker invoker)
   at NSwag.AspNetCore.Middlewares.OpenApiDocumentMiddleware.Invoke(HttpContext context)
   at Serilog.AspNetCore.RequestLoggingMiddleware.Invoke(HttpContext httpContext)
2025-08-29 19:33:06.503 +03:30 [ERR] An unhandled exception has occurred while executing the request.
System.Net.Http.HttpRequestException: INVALID_REQUEST, Malformed client_id parameter
   at OpenAPI.Net.Auth.TokenFactory.GetToken(String authCode, App app, HttpClient client, String authUri)
   at OpenAPI.Net.Auth.TokenFactory.GetToken(String authCode, App app, String authUri)
   at Api.Controllers.CTraderController.Callback(String code) in D:\Trader\Trader\Api\Controllers\CTraderController.cs:line 46
   at Microsoft.AspNetCore.Mvc.Infrastructure.ActionMethodExecutor.TaskOfIActionResultExecutor.Execute(ActionContext actionContext, IActionResultTypeMapper mapper, ObjectMethodExecutor executor, Object controller, Object[] arguments)
   at Microsoft.AspNetCore.Mvc.Infrastructure.ControllerActionInvoker.<InvokeActionMethodAsync>g__Logged|12_1(ControllerActionInvoker invoker)
   at Microsoft.AspNetCore.Mvc.Infrastructure.ControllerActionInvoker.<InvokeNextActionFilterAsync>g__Awaited|10_0(ControllerActionInvoker invoker, Task lastTask, State next, Scope scope, Object state, Boolean isCompleted)
   at Microsoft.AspNetCore.Mvc.Infrastructure.ControllerActionInvoker.Rethrow(ActionExecutedContextSealed context)
   at Microsoft.AspNetCore.Mvc.Infrastructure.ControllerActionInvoker.Next(State& next, Scope& scope, Object& state, Boolean& isCompleted)
   at Microsoft.AspNetCore.Mvc.Infrastructure.ControllerActionInvoker.<InvokeInnerFilterAsync>g__Awaited|13_0(ControllerActionInvoker invoker, Task lastTask, State next, Scope scope, Object state, Boolean isCompleted)
   at Microsoft.AspNetCore.Mvc.Infrastructure.ResourceInvoker.<InvokeFilterPipelineAsync>g__Awaited|20_0(ResourceInvoker invoker, Task lastTask, State next, Scope scope, Object state, Boolean isCompleted)
   at Microsoft.AspNetCore.Mvc.Infrastructure.ResourceInvoker.<InvokeAsync>g__Logged|17_1(ResourceInvoker invoker)
   at Microsoft.AspNetCore.Mvc.Infrastructure.ResourceInvoker.<InvokeAsync>g__Logged|17_1(ResourceInvoker invoker)
   at NSwag.AspNetCore.Middlewares.OpenApiDocumentMiddleware.Invoke(HttpContext context)
   at Serilog.AspNetCore.RequestLoggingMiddleware.Invoke(HttpContext httpContext)
   at Microsoft.AspNetCore.RateLimiting.RateLimitingMiddleware.InvokeInternal(HttpContext context, EnableRateLimitingAttribute enableRateLimitingAttribute)
   at Microsoft.AspNetCore.Authorization.AuthorizationMiddleware.Invoke(HttpContext context)
   at Microsoft.AspNetCore.Authentication.AuthenticationMiddleware.Invoke(HttpContext context)
   at Microsoft.AspNetCore.Diagnostics.DeveloperExceptionPageMiddlewareImpl.Invoke(HttpContext context)
2025-08-29 19:43:50.272 +03:30 [WRN] The WebRootPath was not found: D:\Trader\Trader\Api\wwwroot. Static files may be unavailable.
2025-08-29 19:43:58.045 +03:30 [INF] HTTP GET /Scalar/docs responded 200 in 481.5 ms
2025-08-29 19:43:58.198 +03:30 [INF] HTTP GET /Scalar/scalar.aspnetcore.js responded 304 in 8.4 ms
2025-08-29 19:43:58.198 +03:30 [INF] HTTP GET /Scalar/scalar.js responded 304 in 15.6 ms
2025-08-29 19:44:10.221 +03:30 [INF] HTTP GET /openapi/docs.json responded 200 in 1415.2 ms
2025-08-29 19:44:10.221 +03:30 [INF] HTTP GET /openapi/docs.json responded 200 in 1347.6 ms
2025-08-29 19:44:22.804 +03:30 [INF] HTTP GET /api/ct/auth/callback responded 400 in 1529.6 ms
2025-08-29 19:44:33.187 +03:30 [INF] HTTP GET /api/ct/auth/url responded 200 in 34.5 ms
2025-08-29 19:45:03.282 +03:30 [ERR] OpenAPI stream error
OpenAPI.Net.Exceptions.SendException: An exception occurred while writing on stream
 ---> System.IO.IOException: Unable to write data to the transport connection: An established connection was aborted by the software in your host machine..
 ---> System.Net.Sockets.SocketException (10053): An established connection was aborted by the software in your host machine.
   at System.Net.Sockets.Socket.AwaitableSocketAsyncEventArgs.CreateException(SocketError error, Boolean forAsyncThrow)
   at System.Net.Sockets.Socket.AwaitableSocketAsyncEventArgs.SendAsyncForNetworkStream(Socket socket, CancellationToken cancellationToken)
   at System.Net.Sockets.Socket.SendAsyncForNetworkStream(ReadOnlyMemory`1 buffer, SocketFlags socketFlags, CancellationToken cancellationToken)
   at System.Net.Sockets.NetworkStream.WriteAsync(ReadOnlyMemory`1 buffer, CancellationToken cancellationToken)
   at System.Net.Security.SslStream.WriteSingleChunk[TIOAdapter](ReadOnlyMemory`1 buffer, CancellationToken cancellationToken)
   at System.Net.Security.SslStream.WriteAsyncInternal[TIOAdapter](ReadOnlyMemory`1 buffer, CancellationToken cancellationToken)
   at System.Runtime.CompilerServices.AsyncMethodBuilderCore.Start[TStateMachine](TStateMachine& stateMachine)
   at System.Net.Security.SslStream.WriteAsyncInternal[TIOAdapter](ReadOnlyMemory`1 buffer, CancellationToken cancellationToken)
   at System.Net.Security.SslStream.WriteAsync(Byte[] buffer, Int32 offset, Int32 count, CancellationToken cancellationToken)
   at OpenAPI.Net.OpenClient.WriteTcp(Byte[] messageByte, CancellationToken cancellationToken)
   at System.Runtime.CompilerServices.AsyncMethodBuilderCore.Start[TStateMachine](TStateMachine& stateMachine)
   at OpenAPI.Net.OpenClient.WriteTcp(Byte[] messageByte, CancellationToken cancellationToken)
   at OpenAPI.Net.OpenClient.SendMessageInstant(ProtoMessage message)
   at System.Runtime.CompilerServices.AsyncMethodBuilderCore.Start[TStateMachine](TStateMachine& stateMachine)
   at OpenAPI.Net.OpenClient.SendMessageInstant(ProtoMessage message)
   at OpenAPI.Net.OpenClient.StartSendingMessages(CancellationToken cancellationToken)
   at System.Runtime.CompilerServices.AsyncTaskMethodBuilder`1.AsyncStateMachineBox`1.ExecutionContextCallback(Object s)
   at System.Threading.ExecutionContext.RunInternal(ExecutionContext executionContext, ContextCallback callback, Object state)
   at System.Runtime.CompilerServices.AsyncTaskMethodBuilder`1.AsyncStateMachineBox`1.MoveNext(Thread threadPoolThread)
   at System.Runtime.CompilerServices.AsyncTaskMethodBuilder`1.AsyncStateMachineBox`1.MoveNext()
   at System.Threading.ThreadPoolWorkQueue.Dispatch()
   at System.Threading.PortableThreadPool.WorkerThread.WorkerThreadStart()
--- End of stack trace from previous location ---

   --- End of inner exception stack trace ---
   at System.Net.Security.SslStream.<WriteSingleChunk>g__CompleteWriteAsync|164_1[TIOAdapter](ValueTask writeTask, ProtocolToken token)
   at System.Net.Security.SslStream.WriteAsyncInternal[TIOAdapter](ReadOnlyMemory`1 buffer, CancellationToken cancellationToken)
   at OpenAPI.Net.OpenClient.WriteTcp(Byte[] messageByte, CancellationToken cancellationToken)
   at OpenAPI.Net.OpenClient.SendMessageInstant(ProtoMessage message)
   --- End of inner exception stack trace ---
   at OpenAPI.Net.OpenClient.SendMessageInstant(ProtoMessage message)
   at OpenAPI.Net.OpenClient.StartSendingMessages(CancellationToken cancellationToken)
2025-08-29 19:46:11.632 +03:30 [WRN] The WebRootPath was not found: D:\Trader\Trader\Api\wwwroot. Static files may be unavailable.
2025-08-29 19:46:19.747 +03:30 [INF] HTTP GET /Scalar/docs responded 200 in 461.5 ms
2025-08-29 19:46:19.853 +03:30 [INF] HTTP GET /Scalar/scalar.aspnetcore.js responded 304 in 16.2 ms
2025-08-29 19:46:19.853 +03:30 [INF] HTTP GET /Scalar/scalar.js responded 304 in 16.2 ms
2025-08-29 19:46:26.772 +03:30 [INF] HTTP GET /openapi/docs.json responded 200 in 1311.3 ms
2025-08-29 19:46:26.772 +03:30 [INF] HTTP GET /openapi/docs.json responded 200 in 1370.2 ms
2025-08-29 19:46:35.804 +03:30 [INF] HTTP GET /api/ct/auth/url responded 200 in 851.0 ms
2025-08-29 19:47:15.877 +03:30 [ERR] OpenAPI stream error
OpenAPI.Net.Exceptions.SendException: An exception occurred while writing on stream
 ---> System.IO.IOException: Unable to write data to the transport connection: An established connection was aborted by the software in your host machine..
 ---> System.Net.Sockets.SocketException (10053): An established connection was aborted by the software in your host machine.
   at System.Net.Sockets.Socket.AwaitableSocketAsyncEventArgs.CreateException(SocketError error, Boolean forAsyncThrow)
   at System.Net.Sockets.Socket.AwaitableSocketAsyncEventArgs.SendAsyncForNetworkStream(Socket socket, CancellationToken cancellationToken)
   at System.Net.Sockets.Socket.SendAsyncForNetworkStream(ReadOnlyMemory`1 buffer, SocketFlags socketFlags, CancellationToken cancellationToken)
   at System.Net.Sockets.NetworkStream.WriteAsync(ReadOnlyMemory`1 buffer, CancellationToken cancellationToken)
   at System.Net.Security.SslStream.WriteSingleChunk[TIOAdapter](ReadOnlyMemory`1 buffer, CancellationToken cancellationToken)
   at System.Net.Security.SslStream.WriteAsyncInternal[TIOAdapter](ReadOnlyMemory`1 buffer, CancellationToken cancellationToken)
   at System.Runtime.CompilerServices.AsyncMethodBuilderCore.Start[TStateMachine](TStateMachine& stateMachine)
   at System.Net.Security.SslStream.WriteAsyncInternal[TIOAdapter](ReadOnlyMemory`1 buffer, CancellationToken cancellationToken)
   at System.Net.Security.SslStream.WriteAsync(Byte[] buffer, Int32 offset, Int32 count, CancellationToken cancellationToken)
   at OpenAPI.Net.OpenClient.WriteTcp(Byte[] messageByte, CancellationToken cancellationToken)
   at System.Runtime.CompilerServices.AsyncMethodBuilderCore.Start[TStateMachine](TStateMachine& stateMachine)
   at OpenAPI.Net.OpenClient.WriteTcp(Byte[] messageByte, CancellationToken cancellationToken)
   at OpenAPI.Net.OpenClient.SendMessageInstant(ProtoMessage message)
   at System.Runtime.CompilerServices.AsyncMethodBuilderCore.Start[TStateMachine](TStateMachine& stateMachine)
   at OpenAPI.Net.OpenClient.SendMessageInstant(ProtoMessage message)
   at OpenAPI.Net.OpenClient.StartSendingMessages(CancellationToken cancellationToken)
   at System.Runtime.CompilerServices.AsyncTaskMethodBuilder`1.AsyncStateMachineBox`1.ExecutionContextCallback(Object s)
   at System.Threading.ExecutionContext.RunInternal(ExecutionContext executionContext, ContextCallback callback, Object state)
   at System.Runtime.CompilerServices.AsyncTaskMethodBuilder`1.AsyncStateMachineBox`1.MoveNext(Thread threadPoolThread)
   at System.Runtime.CompilerServices.AsyncTaskMethodBuilder`1.AsyncStateMachineBox`1.MoveNext()
   at System.Threading.ThreadPoolWorkQueue.Dispatch()
   at System.Threading.PortableThreadPool.WorkerThread.WorkerThreadStart()
--- End of stack trace from previous location ---

   --- End of inner exception stack trace ---
   at System.Net.Security.SslStream.<WriteSingleChunk>g__CompleteWriteAsync|164_1[TIOAdapter](ValueTask writeTask, ProtocolToken token)
   at System.Net.Security.SslStream.WriteAsyncInternal[TIOAdapter](ReadOnlyMemory`1 buffer, CancellationToken cancellationToken)
   at OpenAPI.Net.OpenClient.WriteTcp(Byte[] messageByte, CancellationToken cancellationToken)
   at OpenAPI.Net.OpenClient.SendMessageInstant(ProtoMessage message)
   --- End of inner exception stack trace ---
   at OpenAPI.Net.OpenClient.SendMessageInstant(ProtoMessage message)
   at OpenAPI.Net.OpenClient.StartSendingMessages(CancellationToken cancellationToken)
2025-08-29 19:56:49.960 +03:30 [WRN] The WebRootPath was not found: D:\Trader\Trader\Api\wwwroot. Static files may be unavailable.
2025-08-29 19:56:57.487 +03:30 [INF] HTTP GET /Scalar/docs responded 200 in 497.6 ms
2025-08-29 19:56:57.602 +03:30 [INF] HTTP GET /Scalar/scalar.js responded 304 in 12.1 ms
2025-08-29 19:56:57.602 +03:30 [INF] HTTP GET /Scalar/scalar.aspnetcore.js responded 304 in 12.1 ms
2025-08-29 19:57:03.704 +03:30 [INF] HTTP GET /openapi/docs.json responded 200 in 1300.9 ms
2025-08-29 19:57:03.704 +03:30 [INF] HTTP GET /openapi/docs.json responded 200 in 1336.1 ms
2025-08-29 19:57:10.634 +03:30 [INF] HTTP GET /api/ct/auth/url responded 200 in 901.3 ms
2025-08-29 19:57:48.391 +03:30 [WRN] The WebRootPath was not found: D:\Trader\Trader\Api\wwwroot. Static files may be unavailable.
2025-08-29 19:57:54.625 +03:30 [INF] HTTP GET /Scalar/docs responded 200 in 467.4 ms
2025-08-29 19:57:54.720 +03:30 [INF] HTTP GET /Scalar/scalar.aspnetcore.js responded 304 in 9.4 ms
2025-08-29 19:57:54.720 +03:30 [INF] HTTP GET /Scalar/scalar.js responded 304 in 9.3 ms
2025-08-29 19:58:01.151 +03:30 [INF] HTTP GET /openapi/docs.json responded 200 in 1238.6 ms
2025-08-29 19:58:01.152 +03:30 [INF] HTTP GET /openapi/docs.json responded 200 in 1273.1 ms
2025-08-29 19:58:08.435 +03:30 [INF] HTTP GET /api/ct/auth/url responded 200 in 756.5 ms
2025-08-29 19:58:38.464 +03:30 [ERR] OpenAPI stream error
OpenAPI.Net.Exceptions.SendException: An exception occurred while writing on stream
 ---> System.IO.IOException: Unable to write data to the transport connection: An established connection was aborted by the software in your host machine..
 ---> System.Net.Sockets.SocketException (10053): An established connection was aborted by the software in your host machine.
   at System.Net.Sockets.Socket.AwaitableSocketAsyncEventArgs.CreateException(SocketError error, Boolean forAsyncThrow)
   at System.Net.Sockets.Socket.AwaitableSocketAsyncEventArgs.SendAsyncForNetworkStream(Socket socket, CancellationToken cancellationToken)
   at System.Net.Sockets.Socket.SendAsyncForNetworkStream(ReadOnlyMemory`1 buffer, SocketFlags socketFlags, CancellationToken cancellationToken)
   at System.Net.Sockets.NetworkStream.WriteAsync(ReadOnlyMemory`1 buffer, CancellationToken cancellationToken)
   at System.Net.Security.SslStream.WriteSingleChunk[TIOAdapter](ReadOnlyMemory`1 buffer, CancellationToken cancellationToken)
   at System.Net.Security.SslStream.WriteAsyncInternal[TIOAdapter](ReadOnlyMemory`1 buffer, CancellationToken cancellationToken)
   at System.Runtime.CompilerServices.AsyncMethodBuilderCore.Start[TStateMachine](TStateMachine& stateMachine)
   at System.Net.Security.SslStream.WriteAsyncInternal[TIOAdapter](ReadOnlyMemory`1 buffer, CancellationToken cancellationToken)
   at System.Net.Security.SslStream.WriteAsync(Byte[] buffer, Int32 offset, Int32 count, CancellationToken cancellationToken)
   at OpenAPI.Net.OpenClient.WriteTcp(Byte[] messageByte, CancellationToken cancellationToken)
   at System.Runtime.CompilerServices.AsyncMethodBuilderCore.Start[TStateMachine](TStateMachine& stateMachine)
   at OpenAPI.Net.OpenClient.WriteTcp(Byte[] messageByte, CancellationToken cancellationToken)
   at OpenAPI.Net.OpenClient.SendMessageInstant(ProtoMessage message)
   at System.Runtime.CompilerServices.AsyncMethodBuilderCore.Start[TStateMachine](TStateMachine& stateMachine)
   at OpenAPI.Net.OpenClient.SendMessageInstant(ProtoMessage message)
   at OpenAPI.Net.OpenClient.StartSendingMessages(CancellationToken cancellationToken)
   at System.Runtime.CompilerServices.AsyncTaskMethodBuilder`1.AsyncStateMachineBox`1.ExecutionContextCallback(Object s)
   at System.Threading.ExecutionContext.RunInternal(ExecutionContext executionContext, ContextCallback callback, Object state)
   at System.Runtime.CompilerServices.AsyncTaskMethodBuilder`1.AsyncStateMachineBox`1.MoveNext(Thread threadPoolThread)
   at System.Runtime.CompilerServices.AsyncTaskMethodBuilder`1.AsyncStateMachineBox`1.MoveNext()
   at System.Threading.ThreadPoolWorkQueue.Dispatch()
   at System.Threading.PortableThreadPool.WorkerThread.WorkerThreadStart()
--- End of stack trace from previous location ---

   --- End of inner exception stack trace ---
   at System.Net.Security.SslStream.<WriteSingleChunk>g__CompleteWriteAsync|164_1[TIOAdapter](ValueTask writeTask, ProtocolToken token)
   at System.Net.Security.SslStream.WriteAsyncInternal[TIOAdapter](ReadOnlyMemory`1 buffer, CancellationToken cancellationToken)
   at OpenAPI.Net.OpenClient.WriteTcp(Byte[] messageByte, CancellationToken cancellationToken)
   at OpenAPI.Net.OpenClient.SendMessageInstant(ProtoMessage message)
   --- End of inner exception stack trace ---
   at OpenAPI.Net.OpenClient.SendMessageInstant(ProtoMessage message)
   at OpenAPI.Net.OpenClient.StartSendingMessages(CancellationToken cancellationToken)
